pdf_file,cluster_id,place_name,type,city,county,state,country,page,context
usct_pension_files\A_B\Abbs Wilkins.pdf,1,Bolivar | Bolivar Co. | Bolivar County | Bolivar Co | Bolivar Co Miss | Bolivar Mississippi,county,bolivar,bolivar,mississippi,,"19, 2, 23, 25, 26, 3, 36, 38, 4, 40, 41, 47, 49, 5, 51, 52, 53, 55, 56, 58, 59, 6, 60, 61, 63, 65, 72, 73, 76",Claimant's county of residence ... Claimant's residence ... county of claimant ... county of residence for the claimant ... county where the claim is made ... location of the post office ... location of notary public ... location of affidavit ... city of residence for the claimant ... County mentioned as affiant's residence ... Affiant's residence address ... County mentioned in the context of the affiants addresses ... county where the affidavit was sworn ... Post Office address ... Location of the claimant's post-office address ... location of claimant's residence ... county mentioned in affidavit ... county name ... county of residence for affiant ... location of the affidavit ... county where affidavit was sworn ... county mentioned in official certifications ... post office location ... serving in Bolivar County ... County of the soldier's P.O. address ... county where declaration is made ... location of Mound Bayou ... residence after that period until present ... location where the Justice of the Peace served ... post-office address of the claimant ... current residence and nearest post-office
usct_pension_files\A_B\Abbs Wilkins.pdf,2,Clarksdale,city,clarksdale,coahoma,mississippi,,"10, 11, 12, 15, 16, 18, 75, 8, 9",recipient's location ... location of correspondent ... recipient of communication ... sender's location ... location where the chapter of the American Red Cross is based ... location of American Red Cross chapter ... location of letter writing ... location of attorney handling pension matter ... location of the American Red Cross chapter ... postmark location
usct_pension_files\A_B\Abbs Wilkins.pdf,4,STOVALL | Stovall,town,stovall,,mississippi,,"12, 13, 14, 15, 18, 7",location of pensioner ... location of Postmaster correspondence regarding pension ... address of claimant ... residence of widow Sallie Abbs ... address of the writer and location of a business
usct_pension_files\A_B\Abbs Wilkins.pdf,6,Mississippi | Miss | Miss. | MISS.,state,,,mississippi,united states,"19, 2, 23, 26, 3, 36, 38, 4, 41, 47, 48, 51, 53, 54, 55, 56, 58, 59, 60, 61, 62, 63, 65, 69, 71, 72, 76",State of residence for claimant ... state of claimant's residence ... state where the claimant resides ... state where the claim is made ... state mentioned in context of witness residence ... location of affidavit ... state of residence for the claimant ... state where examination took place ... state of affiant ... affidavit location ... State of the claimant's residence and post-office address ... Claimant's birthplace ... location of claimant's residence ... State of the claimant. ... state name ... state where the affidavit was taken ... state where affidavit was sworn ... soldier's state of service ... state where Bolivar County is located ... state where declaration is made ... state of residence for the soldier ... mentioned in a list of states
usct_pension_files\A_B\Abbs Wilkins.pdf,8,"Washington | Washington County | Washington D. C. | Washington, D. C. | Washington, D.C. | Washington, DC",city,washington,washington,district of columbia,united states,"12, 13, 14, 15, 18, 20, 22, 32, 33, 34, 35, 37, 41, 43, 44, 46, 48, 50, 51, 52, 54, 56, 57, 59, 6, 61, 66, 75, 9",location of the Bureau of Pensions ... location of attorney's office ... location of printer's office ... location of the Adjutant General's Office ... location of Bureau of Pensions ... location of the disbursing clerk's office ... location of communication ... location of Adjutant General's Office ... office of attorneys and solicitors of claims ... location of the pension and claims attorneys ... location of the company involved in the correspondence ... location of pension office ... location of Greenville ... location of the attorneys filing the affidavit ... location of the filing party Wm. Fletcher & Co. ... location of claimant's appointed attorneys ... place where claim was filed ... address of claim printer ... Location of the recognized attorney ... location of the Disbursing Clerk's office ... addressed to the Bureau of Pensions ... location of Pension Bureau ... location of pension bureau ... location of the Bureau of Pensions ... recipients of communication ... location of Bureau of Pensions ... location of law firm and correspondence ... addressing the Commissioner of Pensions ... address to Chief of the Record and Pension Office ... location of the law firm filing the pension claim ... location of attorney's office
usct_pension_files\A_B\Abbs Wilkins.pdf,10,Benoit,town,benoit,bolivar,mississippi,,"2, 21, 23, 26, 27, 3, 40, 42, 51, 73",claimant's post office address ... claimant's address ... address of the claimant ... location of the soldier's residence ... residence of witnesses ... location of doctor's certification ... resident of near Benoit ... Affiant's residence address ... desired location for examination by the Board of Surgeons ... P.O. address of the soldier
usct_pension_files\A_B\Abbs Wilkins.pdf,24,Coahoma County,county,,coahoma,mississippi,,"12, 75, 9",location of the American Red Cross chapter ... location of American Red Cross chapter
usct_pension_files\A_B\Abbs Wilkins.pdf,27,United States,country,,,,united states,9,referenced in the address to the Bureau of Pensions
usct_pension_files\A_B\Abbs Wilkins.pdf,28,Beloit,city,beloit,rock,wisconsin,,24,residence of witnesses
usct_pension_files\A_B\Abbs Wilkins.pdf,43,Mayersville,town,mayersville,,mississippi,,19,the post-office address of witnesses
usct_pension_files\A_B\Abbs Wilkins.pdf,47,Little Rock,city,little rock,pulaski,arkansas,united states,"23, 31, 39",location of attorney ... location of claimant's attorney ... document furnished from
usct_pension_files\A_B\Abbs Wilkins.pdf,48,Southern Division,region,,,,,"28, 44",division responsible for handling the claimant's case ... identifier for a military division
usct_pension_files\A_B\Abbs Wilkins.pdf,49,Bureau of Pensions,other,,,,,28,government agency handling the claimant's pension
usct_pension_files\A_B\Abbs Wilkins.pdf,52,Jefferson County,county,,jefferson,mississippi,,21,soldier's birthplace
usct_pension_files\A_B\Abbs Wilkins.pdf,53,Vicksburg | Vicksburg Miss,city,vicksburg,warren,mississippi,,"21, 23, 49, 51, 53, 55, 60, 64, 65, 74",post office at enlistment ... place of enlistment and discharge ... location of soldier's honorable discharge ... location of injury while on duty ... location of hospital stay ... location of soldier's discharge ... location of discharge from military service ... was in general hospital ... location where soldier was discharged ... location of enlistment ... location of discharge
usct_pension_files\A_B\Abbs Wilkins.pdf,54,Milikens Bend,other,,,louisiana,,21,location where the soldier was married
usct_pension_files\A_B\Abbs Wilkins.pdf,55,Tallulah,town,tallulah,,louisiana,,21,location of marriage record
usct_pension_files\A_B\Abbs Wilkins.pdf,72,Eudora,town,eudora,,mississippi,,39,residence of witness M W Mason
usct_pension_files\A_B\Abbs Wilkins.pdf,73,Duval,town,duval,,mississippi,,39,residence of witness M B Barry
usct_pension_files\A_B\Abbs Wilkins.pdf,74,Ark | Arkansas | ARK.,state,little rock,,arkansas,united states,"38, 39, 71, 76",place of application by Wilkins Abbs ... state where the attorney resides ... state mentioned in relation to attorney correspondence ... mentioned in a list of states
usct_pension_files\A_B\Abbs Wilkins.pdf,81,South Division,region,,,,,43,indicates the division related to the filing
usct_pension_files\A_B\Abbs Wilkins.pdf,90,"Wilkinson | Wilkinson Co | Wilkinson Co. | Wilkinson County Mississippi | Wilkinson Co., Miss.",county,,wilkinson,mississippi,united states,"23, 49, 57, 74",soldier's birthplace ... previous residence before enlistment
usct_pension_files\A_B\Abbs Wilkins.pdf,91,Knoxville,city,knoxville,,tennessee,,"23, 73, 77",location of pension agency ... original roll location ... Location related to the pension application
usct_pension_files\A_B\Abbs Wilkins.pdf,97,Greenville,city,greenville,washington,mississippi,,"47, 48, 76",post office location ... Address of claimant ... location of medical examination
usct_pension_files\A_B\Abbs Wilkins.pdf,101,Louisiana | LA.,state,,,louisiana,united states,"50, 69, 71, 76",location of marriage ... additional service ... state mentioned in relation to prior service origin ... mentioned in a list of states
usct_pension_files\A_B\Abbs Wilkins.pdf,103,Monroe,county,,monroe,mississippi,,54,county where the affidavit was sworn
usct_pension_files\A_B\Abbs Wilkins.pdf,104,Elrod,town,elrod,monroe,mississippi,,54,post office address of the affiant
usct_pension_files\A_B\Abbs Wilkins.pdf,107,Mayville,town,mayville,,,,52,residence of witness Chas H Scott
usct_pension_files\A_B\Abbs Wilkins.pdf,131,Bellevue,town,bellevue,bolivar,mississippi,,"62, 63",Claimant's post-office address. ... post office address
usct_pension_files\A_B\Abbs Wilkins.pdf,132,Maxime | Maxine,town,maxime,bolivar,mississippi,,"60, 62, 65",Claimant's post-office address. ... resident of the affiant ... claimed post office address
usct_pension_files\A_B\Abbs Wilkins.pdf,146,E. Carroll Parish La,county,,east carroll,louisiana,,49,residence after discharge for twenty years
usct_pension_files\A_B\Abbs Wilkins.pdf,165,"Bladens, MD",other,,,maryland,,66,residence of first witness
usct_pension_files\A_B\Abbs Wilkins.pdf,166,Blanden Po,other,,,,,66,residence of second witness
usct_pension_files\A_B\Abbs Wilkins.pdf,170,D.C. | D. C.,state,,,district of columbia,,"56, 71",part of the jurisdiction where claim was filed ... mentioned in a list of locations
usct_pension_files\A_B\Abbs Wilkins.pdf,185,Isola Plantation,plantation,,bolivar,mississippi,,65,residence of soldier
usct_pension_files\A_B\Abbs Wilkins.pdf,239,Mound Bayou,town,mound bayou,bolivar,mississippi,,76,address of Wilkins Abbs
usct_pension_files\A_B\Abbs Wilkins.pdf,243,Florida | FLA.,state,,,florida,united states,"71, 76",state mentioned in the context of medical proof acceptance ... mentioned in a list of states
usct_pension_files\A_B\Abbs Wilkins.pdf,244,Georgia | GA.,state,,,georgia,united states,"71, 76",state mentioned in the context of medical proof acceptance ... mentioned in a list of states
usct_pension_files\A_B\Abbs Wilkins.pdf,245,Alabama | ALA.,state,,,alabama,united states,"71, 76",state mentioned with nil list ... mentioned in a list of states
usct_pension_files\A_B\Abbs Wilkins.pdf,246,Texas | TEX.,state,,,texas,united states,"71, 76",state mentioned in relation to claims ... mentioned in a list of states
usct_pension_files\A_B\Abbs Wilkins.pdf,247,Kentucky | KY.,state,,,kentucky,united states,"71, 76",state mentioned in relation to origin ... mentioned in a list of states
usct_pension_files\A_B\Abbs Wilkins.pdf,248,Tennessee | TENN.,state,,,tennessee,united states,"71, 76",state mentioned in relation to witness statements ... mentioned in a list of states
usct_pension_files\A_B\Abbs Wilkins.pdf,249,Missouri | MO.,state,,,missouri,united states,"71, 76",state mentioned regarding corrections ... mentioned in a list of states
usct_pension_files\A_B\Abbs Wilkins.pdf,251,Bellerive,other,,,mississippi,,76,location mentioned in context of service
usct_pension_files\A_B\Abbs Wilkins.pdf,298,KANS.,state,,,kansas,,71,mentioned in a list of states
usct_pension_files\A_B\Abbs Wilkins.pdf,299,W. VA.,state,,,west virginia,,71,mentioned in a list of states
usct_pension_files\A_B\Abbs Wilkins.pdf,300,N. MEX.,state,,,new mexico,,71,mentioned in a list of states
usct_pension_files\A_B\Abbs Wilkins.pdf,301,COLO.,state,,,colorado,,71,mentioned in a list of states
usct_pension_files\A_B\Abbs Wilkins.pdf,302,ARIZ.,state,,,arizona,,71,mentioned in a list of states
usct_pension_files\A_B\Abbs Wilkins.pdf,303,UTAH,state,,,utah,,71,mentioned in a list of states
usct_pension_files\A_B\Abbs Wilkins.pdf,304,N. C.,state,,,north carolina,,71,mentioned in a list of states
usct_pension_files\A_B\Abbs Wilkins.pdf,305,S. C.,state,,,south carolina,,71,mentioned in a list of states
usct_pension_files\A_B\Abbs Wilkins.pdf,317,U.S.C.T.,other,,,,,71,mentioned in a list of locations
usct_pension_files\A_B\Abbs Wilkins.pdf,318,NEV.,state,,,nevada,,71,mentioned in a list of states
usct_pension_files\A_B\Abbs Wilkins.pdf,319,CAL.,state,,,california,,71,mentioned in a list of states
usct_pension_files\A_B\Abbs Wilkins.pdf,159,--,,,,,,70,--
usct_pension_files\A_B\Abbs Wilkins.pdf,160,--,,,,,,68,alleged in a letter
usct_pension_files\A_B\Abbs Wilkins.pdf,161,--,,,,,,67,medical examination findings
usct_pension_files\A_B\Abbs Wilkins.pdf,19,--,other,,,,United States,16,location of the Veterans Bureau
usct_pension_files\A_B\Abbs Wilkins.pdf,76,City,city,City,,,,45,signatory's location
usct_pension_files\A_B\Abrams Henry.pdf,10990,STAMPS,town,stamps,,,,9,location of pension office
usct_pension_files\A_B\Abrams Henry.pdf,10991,Harrodsburg,city,harrodsburg,mercer,kentucky,united states,"1, 10, 12, 15, 18, 2, 26, 3, 4, 7, 8","claimant's location ... claimant's post office address ... Location where the marriage took place ... widow's place of residence and marriage location ... location of witness and applicant’s address ... location of attorney’s address ... Attorney's location ... residence of Ben L Patterson and Lafayette Marshall, and Charlotte Abrams ... Charlotte Abrams' residence ... location of the court mentioning testimony"
usct_pension_files\A_B\Abrams Henry.pdf,10992,Kentucky,state,,,kentucky,,"10, 14, 15, 16, 17, 2, 24, 3, 4, 6, 8",state of residency ... state of the document ... Jurisdiction of the court where the document was filed ... location of the claim ... location of widow's residence ... state of residence ... state mentioned in document ... state mentioned in legal document ... state where Charlotte McAfee resides and got married ... State where the document is filed ... state where Harrodsburg and Mercer County are located ... reference to the state in the context of legal proceedings
usct_pension_files\A_B\Abrams Henry.pdf,10993,Lexington,city,lexington,,kentucky,,10,location of agency
usct_pension_files\A_B\Abrams Henry.pdf,10995,Flemingsburgh,town,flemingsburgh,,kentucky,,11,location of claimant's correspondence
usct_pension_files\A_B\Abrams Henry.pdf,10996,Mercer County | Mercer | Mercer County Court | Mercer Co. Ky.,county,,mercer,kentucky,,"1, 12, 14, 15, 16, 2, 25, 3, 4, 6, 8",claimant's residence ... jurisdiction of the court ... County mentioned in the deposition ... location of court where application made ... location of deposition ... county where affidavit is sworn ... county mentioned in legal document ... County mentioned in the document ... county where Harrodsburg is located ... county where the court is held ... location of deposition ... court where the declaration was sworn and subscribed ... location of widow
usct_pension_files\A_B\Abrams Henry.pdf,10998,Brownsville | BROWNSVILLE | Brownsville Tex | Brownsville Texas,city,brownsville,cameron,texas,united states,"1, 12, 14, 16, 19, 2, 20, 21, 22, 23, 5",location of soldier's death in hospital ... location where husband died ... Location of hospital where Henry Abrams died ... location of headquarters ... location of Headquarters Sub-District of the Rio Grande ... location of Chief Medical Officer's office ... location mentioned regarding death records ... military action location ... place where Henry Abrams died ... location of U.S. General Hospital where soldier died ... location of death
usct_pension_files\A_B\Abrams Henry.pdf,11005,Baptist Church,church,,mercer,kentucky,,8,Location of the marriage ceremony
usct_pension_files\A_B\Abrams Henry.pdf,11010,"Washington, D. C.",city,washington,,district of columbia,,5,location of the Adjutant General's Office
usct_pension_files\A_B\Abrams Henry.pdf,11011,Camp Nelson Ky,military_post,,,kentucky,,5,place of enrollment for soldier ... place of mustering into service for soldier
usct_pension_files\A_B\Abrams Henry.pdf,11018,Texas,state,,,texas,,"16, 2",location of husband's death ... State where Brownsville is located
usct_pension_files\A_B\Abrams Henry.pdf,11031,Cincinnati,city,cincinnati,,ohio,,4,location of publishers of the document
usct_pension_files\A_B\Abrams Henry.pdf,11040,Rio Grande,region,,,,,21,sub-district of the Rio Grande
usct_pension_files\A_B\Abrams Henry.pdf,11042,RINGGOLD BKS,military_post,,,,,22,location referenced as having received a document
usct_pension_files\A_B\Abrams Henry.pdf,11061,Ringgold Barracks,military_post,,,texas,,20,location mentioned regarding Pvt Henry Abrams' records
usct_pension_files\A_B\Abrams Henry.pdf,11062,Brazos St Jago,military_post,,,texas,,20,location mentioned regarding death records
usct_pension_files\A_B\Abrams Henry.pdf,11073,New Orleans,city,new orleans,orleans,louisiana,united states,23,location of reference
usct_pension_files\A_B\Abrams Henry.pdf,11074,Galveston,city,galveston,galveston,texas,united states,23,military station
usct_pension_files\A_B\Abrams Henry.pdf,11076,District of Texas,region,,,texas,,23,military jurisdiction
usct_pension_files\A_B\Abrams Henry.pdf,11077,Sub Dist. of the R. G.,region,,,texas,,23,military jurisdiction
usct_pension_files\A_B\Ammerman Joseph.pdf,11051,Cynthiana,city,cynthiana,harrison,kentucky,united states,"1, 10, 12, 13, 14, 3, 5, 8",Post Office address for widow ... location where the affidavit was sworn ... Attorney's location ... applicant's address ... attorney's address ... location of pension office ... location of Adjutant General's Office correspondence ... location where document was sent ... recipient of the document ... location of the writer of the letter
usct_pension_files\A_B\Ammerman Joseph.pdf,11052,Harrison County | Harrison | Harrison Co.,county,,harrison,kentucky,,"1, 2, 3, 4, 5, 8",Residency of widow ... county where power of attorney was executed ... county of residence of affiants ... Widow's county of residence ... part of applicant's address ... location of marriage to Joseph Ammerman
usct_pension_files\A_B\Ammerman Joseph.pdf,11053,Nashville | Nashville Tenn,city,nashville,davidson,tennessee,united states,"1, 11, 12, 15, 2, 6, 7, 8",Location where soldier died ... Location of General Hospital No. 16 where soldier died ... place where Private Joseph Ammerman died ... Location of soldier's death ... location of Joseph Ammerman's death ... location of soldier's death ... location of husband's death ... location where colored soldiers died ... place of death of soldier
usct_pension_files\A_B\Ammerman Joseph.pdf,11055,Kentucky,state,,,kentucky,united states,"10, 16, 3, 4, 5",location of power of attorney execution ... state of residence of affiants ... state of applicant's and attorney's addresses ... State where the document was notarized ... location mentioned as the state of residence
usct_pension_files\A_B\Ammerman Joseph.pdf,11064,"Washington | Washington D. C. | Washington, D. C. | Washington, D.C.",city,washington,,district of columbia,united states,"13, 14, 6, 7",location of Claim Division ... location of Adjutant General's Office ... location of the Surgeon General's Office
usct_pension_files\A_B\Ammerman Joseph.pdf,11065,Covington | Covington Ky,city,covington,kenton,kentucky,united states,"12, 15, 6",location where Joseph Ammerman enlisted ... location where colored soldiers died ... place of enrollment for soldier
usct_pension_files\A_B\Ammerman Joseph.pdf,11082,Warren,county,,warren,kentucky,,2,county of residence of Louisa Ammerman
usct_pension_files\A_B\Ammerman Joseph.pdf,11085,Bowling Green,city,bowling green,warren,kentucky,,2,post office address of Louisa Ammerman
usct_pension_files\A_B\Ammerman Joseph.pdf,11088,STAMPS,town,stamps,,,,17,location of pension office
usct_pension_files\A_B\Ammerman Joseph.pdf,11097,Illinois,state,,,illinois,,10,location mentioned as the state of residence for certification
usct_pension_files\A_B\Ammerman Joseph.pdf,11098,De Kalb County,county,,de kalb,illinois,,10,county where certification took place
usct_pension_files\A_B\Ammerman Joseph.pdf,11102,Sandwich,city,sandwich,dekalb,illinois,united states,13,residence of Captain Thomas Mason
usct_pension_files\A_B\Ammerman Joseph.pdf,11103,Cambridge,city,cambridge,dorchester,new york,united states,13,residence of 2nd Lieut. Elias H. Aldrich
usct_pension_files\A_B\Ammerman Joseph.pdf,11128,Louisville,city,louisville,jefferson,kentucky,,12,location where colored soldiers died
usct_pension_files\A_B\Ammerman Joseph.pdf,11129,Deep Bottom,battlefield,,,virginia,,12,location where colored soldiers died
usct_pension_files\A_B\Ammerman Joseph.pdf,11130,Fort Monroe,military_post,,,virginia,,12,location where colored soldiers died
usct_pension_files\A_B\Ammerman Joseph.pdf,11132,Brownsville,city,brownsville,cameron,texas,,12,location where colored soldiers died
usct_pension_files\A_B\Ammerman Joseph.pdf,11072,--,,,,,,9,--
usct_pension_files\A_B\Artis_Joseph_pension file_mother.pdf,11099,Cincinnati,city,cincinnati,hamilton,ohio,united states,6,address of law publishers
usct_pension_files\A_B\Artis_Joseph_pension file_mother.pdf,11104,Ohio,state,,,ohio,,"11, 14, 19, 3, 4, 5",State where the document is issued ... location of deposition ... state where the claim is filed ... state mentioned in document ... state of residence for Angeline Artis ... state of residence for witnesses
usct_pension_files\A_B\Artis_Joseph_pension file_mother.pdf,11105,Champaign | Champaign Co,county,,champaign,ohio,,"16, 18, 19, 3, 5",County mentioned in the document ... county where the claim is filed ... location of the probate court ... location of court ... location of witnesses
usct_pension_files\A_B\Artis_Joseph_pension file_mother.pdf,11106,Urbana,town,urbana,champaign,ohio,,"18, 3, 5",Location where the Power of Attorney was acknowledged ... residence of witnesses Harry Hurd and James Hendly ... Angeline Artis's residence
usct_pension_files\A_B\Artis_Joseph_pension file_mother.pdf,11107,Columbus O,city,columbus,,ohio,,9,location of U.S. Pension Agency
usct_pension_files\A_B\Artis_Joseph_pension file_mother.pdf,11108,Logan County | Logan | Logan Co.,county,,logan,ohio,,"12, 2, 3, 4",residence of claimant ... county where West Liberty is located ... location of soldier's mother ... county of residence for Angeline Artis
usct_pension_files\A_B\Artis_Joseph_pension file_mother.pdf,11109,West Liberty,town,west liberty,logan,ohio,,"12, 2, 3, 4",Post Office address of claimant ... address of the agent ... residence of Angeline Artis ... location of the attorney receiving the document
usct_pension_files\A_B\Artis_Joseph_pension file_mother.pdf,11110,Olustee,battlefield,olustee,,florida,united states,"2, 7",location where soldier was killed in action ... location where Joseph Artist was killed in action
usct_pension_files\A_B\Artis_Joseph_pension file_mother.pdf,11111,Florida,state,,,florida,united states,"2, 8",state where soldier fell in battle ... state where Jacksonville is located
usct_pension_files\A_B\Artis_Joseph_pension file_mother.pdf,11114,United States,country,,,,united states,15,military service
usct_pension_files\A_B\Artis_Joseph_pension file_mother.pdf,11119,Jacksonville,city,jacksonville,,florida,united states,"12, 3, 8",location where soldier died in action
usct_pension_files\A_B\Artis_Joseph_pension file_mother.pdf,11133,STAMPS,town,stamps,,,,17,location of Pension Office
usct_pension_files\A_B\Artis_Joseph_pension file_mother.pdf,11134,Macacheek,town,macacheek,,ohio,,4,location of court proceedings
usct_pension_files\A_B\Artis_Joseph_pension file_mother.pdf,11138,"Washington, D. C.",city,washington,,district of columbia,united states,"7, 8",location of correspondence ... location of Adjutant General's Office
usct_pension_files\A_B\Artis_Joseph_pension file_mother.pdf,11151,Massachusetts,state,,,massachusetts,,19,state of the regiment in which Joseph Artis served
usct_pension_files\A_B\Artis_Joseph_pension file_mother.pdf,11153,Readville,village,readville,,massachusetts,united states,7,place of enrollment for Joseph Artist ... place of mustering into service for Joseph Artist
usct_pension_files\A_B\Artis_Joseph_pension file_mother.pdf,11089,--,,,,,,1,"pension document for Angeline Artis, mother of Joseph Artis"
usct_pension_files\A_B\Artis_Joseph_pension file_mother.pdf,11141,--,other,,,,,13,date of correspondence
usct_pension_files\A_B\Artis_Joseph_pension file_mother.pdf,11142,--,other,,,,,13,date of correspondence
usct_pension_files\A_B\Artis_Joseph_pension file_mother.pdf,11143,--,other,,,,,13,date of correspondence
usct_pension_files\A_B\Artis_Joseph_pension file_mother.pdf,11144,--,other,,,,,13,date of correspondence
usct_pension_files\A_B\Artis_Joseph_pension file_mother.pdf,11145,--,other,,,,,13,date of correspondence
usct_pension_files\A_B\Artis_Joseph_pension file_mother.pdf,11146,--,other,,,,,13,date of correspondence
usct_pension_files\A_B\Artis_Joseph_pension file_mother.pdf,11160,--,other,,,,,21,context not specified
usct_pension_files\A_B\Ashbrook Noah.pdf,11156,Greene County | Greene | Greene Co Ohio | Greene Co. Ohio,county,,greene,ohio,united states,"1, 13, 15, 16, 18, 21, 23, 24, 25, 3, 4, 7, 9",Widow's residence ... county mentioned in the claim ... location of deposition ... County mentioned in the document ... location of residence ... location of the court where the application was made ... location of the Clerk of the Court's office ... county of residence for affiants ... county where legal deposition took place ... -- ... Mentioned as the county of residence for multiple individuals ... location of widow's residence ... county where the declaration was made ... official document reference ... widow's residence
usct_pension_files\A_B\Ashbrook Noah.pdf,11157,Xenia,city,xenia,greene,ohio,united states,"1, 10, 13, 16, 18, 23, 24, 25, 26, 3, 4",Post office address ... widow's residence ... confirmation of evidence delivery ... applicant's address ... attorney's address ... residence of the claimant and children ... Location of the Common Pleas court where the affidavit was taken ... residence of Charity Ashbrook ... location of attorney ... county of the pension claimant ... Post Office Address of Charity Ashbrook ... location where declaration sent from
usct_pension_files\A_B\Ashbrook Noah.pdf,11158,Point Rock Hospital,military_post,,,virginia,,1,Location of death
usct_pension_files\A_B\Ashbrook Noah.pdf,11159,Harrison County | Harrison,county,,harrison,kentucky,,"1, 11, 3, 7, 9",Location of marriage ... county where children were born ... county where marriage took place ... location of birth for Ashbrook children ... county where the town of Cynthiana is located
usct_pension_files\A_B\Ashbrook Noah.pdf,11161,STAMPS | Stamps,town,stamps,,,,"12, 14, 22, 8",location of Pension Office ... document date or filing location
usct_pension_files\A_B\Ashbrook Noah.pdf,11162,DEPARTMENT OF THE INTERIOR,other,,,,,8,federal department involved in the pension application
usct_pension_files\A_B\Ashbrook Noah.pdf,11163,Charleston,city,charleston,,south carolina,,2,mentioned in reference to living conditions
usct_pension_files\A_B\Ashbrook Noah.pdf,11164,Virginia,state,,,virginia,united states,"2, 23, 6",location of service ... state where Point of Rocks is located ... state where Fortress Monroe is located
usct_pension_files\A_B\Ashbrook Noah.pdf,11165,New Orleans,city,new orleans,,louisiana,,2,mentioned in relation to travel
usct_pension_files\A_B\Ashbrook Noah.pdf,11166,Richmond,city,richmond,,virginia,,"2, 23",mentioned as a military hub ... near location associated with pleurisy contracted by Noah Ashbrook
usct_pension_files\A_B\Ashbrook Noah.pdf,11167,Montgomery,city,montgomery,,alabama,,2,mentioned in recruitment efforts
usct_pension_files\A_B\Ashbrook Noah.pdf,11168,Shiloh,battlefield,,,tennessee,,2,reference to a battle site
usct_pension_files\A_B\Ashbrook Noah.pdf,11169,"Washington | Washington, D. C. | Washington D. C.",city,washington,,district of columbia,united states,"2, 5, 6",mentioned in political context ... location of Surgeon General's Office ... location of Adjutant General's Office
usct_pension_files\A_B\Ashbrook Noah.pdf,11173,Point of Rocks,military_post,,,virginia,,6,location of Post Hospital where soldier died
usct_pension_files\A_B\Ashbrook Noah.pdf,11179,Cincinnati,city,cincinnati,,ohio,,4,address of law publishers
usct_pension_files\A_B\Ashbrook Noah.pdf,11180,Ohio,state,,,ohio,united states,"13, 15, 16, 20, 21, 23, 24, 25, 3, 7, 9",state in which the claim was made ... document reference ... State where the affidavit is made ... state of the pension application ... state of residence for affiants ... State of residence of widow ... state mentioned for legal deposition ... Mentioned as the state of residence ... state of residence in the document
usct_pension_files\A_B\Ashbrook Noah.pdf,11183,Cynthiana,city,cynthiana,harrison,kentucky,,"11, 3, 7, 9",place of birth of children ... location of marriage ... birthplace of Priscilla and Lucy Ashbrook ... location of the marriage ceremony
usct_pension_files\A_B\Ashbrook Noah.pdf,11185,Hatress Monroe,military_post,,,virginia,,3,location of service-related death
usct_pension_files\A_B\Ashbrook Noah.pdf,11187,Covington Ky,city,covington,,kentucky,united states,5,soldier enrolled and mustered into service
usct_pension_files\A_B\Ashbrook Noah.pdf,11188,Pt Rocks Hosp. Va,military_post,,,virginia,united states,5,location where soldier died
usct_pension_files\A_B\Ashbrook Noah.pdf,11196,Kentucky,state,,,kentucky,,"11, 9",state where Cynthiana is located ... state where the marriage took place
usct_pension_files\A_B\Ashbrook Noah.pdf,11197,Columbus,city,columbus,franklin,ohio,united states,"17, 20, 27",location of United States Pension Agency ... Agency for pension issuance ... Agent location for pension
usct_pension_files\A_B\Ashbrook Noah.pdf,11209,Ft. Monroe Va.,military_post,fort monroe,,virginia,,18,location of death
usct_pension_files\A_B\Ashbrook Noah.pdf,11218,Newark,city,newark,,ohio,,20,Location where certificate was sent
usct_pension_files\A_B\Ashbrook Noah.pdf,11251,Fortress Monroe,military_post,,,virginia,,23,location of Noah Ashbrook's death
usct_pension_files\A_B\Bailey (Colonel) Anthony Civil War Pension.pdf,6491,"Knoxville | KNOXVILLE, TENN",city,knoxville,,tennessee,,"116, 121, 126, 156, 159, 7, 8, 87",original roll location for soldier ... Original Roll location ... Location of the pension agency where Anthony Bailey is enrolled ... location of the Pension Agency ... location of pension agency ... location of pension enrollment ... Location of the Pension Agency where the claimant is enrolled ... Location of the U.S. Bureau of Pensions
usct_pension_files\A_B\Bailey (Colonel) Anthony Civil War Pension.pdf,6492,STAMPS | Stamps,town,stamps,,arkansas,united states,"10, 107, 215, 217, 23, 25, 27, 59, 68, 76, 78, 85, 92",-- ... mentioned in a header ... location of receipt ... location of document receipt ... location mentioned in the case ... location of disbursing office ... location of U.S. Pension Office ... pension document reference ... office address for U.S. Bureau of Pensions correspondence ... name of the town from the document heading
usct_pension_files\A_B\Bailey (Colonel) Anthony Civil War Pension.pdf,6494,United States,country,,,,united states,"1, 153, 238, 272, 49, 60",country of service ... soldier's organization ... country where the pension claim is processed ... Context of service with U.S. Army ... reference to the country ... country mentioned in context of military details
usct_pension_files\A_B\Bailey (Colonel) Anthony Civil War Pension.pdf,6495,Esuiton,city,esuiton,,,,11,origin of document
usct_pension_files\A_B\Bailey (Colonel) Anthony Civil War Pension.pdf,6496,"Beaufort | Beaufort Co. | Beaufort County | Beaufort Co | Beaufort Co. S.C. | Beaufort Co S C | Beaufort Co S.C. | Beaufort Dist So Ca | Beaufort, S.C. | Beaufort S. C. | Beaufort S.C. | Beaufort, S. C. | Beaufort S.C | Beaufort S. C | Beaufort S C | State of South Carolina",city,beaufort,beaufort,south carolina,united states,"100, 104, 105, 106, 108, 110, 112, 113, 114, 115, 116, 117, 118, 12, 120, 121, 123, 125, 126, 127, 128, 13, 130, 131, 132, 133, 134, 137, 139, 14, 142, 143, 146, 147, 148, 149, 15, 150, 151, 152, 153, 154, 156, 157, 158, 159, 16, 161, 162, 163, 164, 165, 166, 168, 169, 170, 171, 172, 173, 174, 175, 176, 177, 178, 179, 18, 180, 181, 182, 183, 184, 185, 186, 187, 190, 191, 192, 195, 196, 197, 198, 199, 20, 200, 201, 202, 203, 205, 207, 208, 209, 210, 214, 22, 222, 223, 224, 225, 226, 227, 228, 229, 230, 231, 232, 233, 234, 235, 236, 237, 239, 240, 242, 243, 244, 245, 246, 247, 248, 249, 250, 251, 252, 256, 257, 258, 259, 260, 262, 263, 264, 265, 266, 269, 270, 271, 272, 273, 274, 275, 276, 277, 278, 279, 28, 280, 281, 286, 287, 288, 290, 291, 292, 294, 295, 296, 297, 298, 299, 3, 30, 300, 301, 302, 304, 305, 32, 33, 35, 37, 38, 40, 48, 5, 51, 53, 55, 57, 64, 67, 70, 72, 81, 82, 84, 86, 87, 88, 89, 9, 90, 91, 93, 95, 98, 99","address of the widow ... soldier's post office location ... soldier's residence ... location of soldier's application ... P.O. listed for the applicant ... P.O. mentioned for the applicant. ... Location of application and reports. ... P.O. address for Anthony Bailey ... Location of examination notification in July 1903 ... County where Beaufort city is located ... P. O. address of claimant ... County of residence for Anthony Bailey ... Location of medical examination ... Informing doctors about notification ... location of report submission ... place of official correspondence ... location of examination by the Board ... location of medical examination report ... address of the veteran ... Post office address ... county of the city Beaufort ... location for examination by the Board ... location of the examination by the Treasurer of the Beaufort Board ... location of deposition and attorney's office ... county associated with Beaufort city ... application filed location ... location of the letter's postmark ... location of Civil War veteran ... P.O. address for attorney ... related to treatment of rheumatism ... location of funeral ... location of claim for burial expenses ... place of death of the deceased ... location of attorney's address ... location of postmark ... location of correspondence ... location of the sender ... location of claimant's post office ... home of the applicant, Anthony Bailey ... location of Dr. E. M. Pinckney ... address of widow claimant ... pensioner's location ... address of A B Colonel Jr ... county of residence for Anthony Bailey ... location of law office and correspondence ... county where public records of marriages and deaths were not kept ... pensioner's address at last payment ... county referenced in the document ... county of residents ... Post Office address of Harry Williamson ... Post Office address of Jack Owens ... location known by affiants ... address of the notary public ... Claimant's address ... Claimant's post office location ... County referenced in relation to the signature of Thomas G. White as a Magistrate. ... County where the declaration is made and where Anthony Bailey resides ... City where Anthony Bailey resides ... Location of the claimant's county ... County mentioned in the document ... Town where the claimant is a resident ... resident and pension applicant's current city ... location of the resident and pension application ... residence of witnesses N B Rivers and E. W. Polite ... county where the statement was sworn ... county mentioned in the declaration ... town where the claimant resides ... county mentioned in the claimant's post-office address ... resident and location of enrollment ... residence after service ... Claimant's county of residence ... county mentioned in the pension claim ... location of both affiant and applicant's post office address ... post-office address of the affiant ... residences of affiants ... county reference in notary public certification ... residence of claimant ... location of attorney for pension application ... location of witnesses for pension claim ... location where the pensioner worked as a Constable ... county where the deposition was taken ... county where the claimant resides and where the claim is filed ... town of residence for the claimant ... county mentioned in affidavit ... location of the affiant's residence ... attorney's address and claim processing ... location of affidavit swearing ... post office address of claimant ... location of Anthony Bailey's residence ... location of physician's testimony ... county where deposition took place ... the county in which the claimant resides ... the city where the claimant resides ... county referred to in the context of the affidavit ... city mentioned as the residence of the affiant ... county mentioned again affecting the jurisdiction of the affidavit ... city of residence ... residence of G. A. Reed ... location of affidavit and notary ... Location where soldier enrolled into service ... Location of witnesses and claimant ... County of residence of the claimant ... City of residence of the claimant ... county where affidavit is made ... county where Anthony Bailey resides ... Post Office address of Anthony Bailey ... known throughout the County as A. B. Colonel ... location of the affidavit ... county where the affidavit was executed ... county of claimant ... county mentioned in the affidavit ... Claimant's residence for pension application ... duration of stay for a couple of weeks ... address of notary public ... resident of town ... soldier's address ... residence of W. B. Rivers ... residence of M. B. Allen ... residence of Anthony Bailey and location of declaration ... resident declaring for pension ... county where the declaration was made and where the claimant resides ... claimant's Post-Office address ... claimant's address ... location of affidavit verification ... county where declaration was made ... postal address of the claimant ... location of notary public ... County where affiant resides as stated in the affidavit. ... county where the affiant resides ... post office address of the affiant ... county where the affidavit was sworn ... soldier's county of residence ... county where affidavit is executed ... location of affidavit execution ... location of pension attorney ... county mentioned in a legal document ... county jurisdiction of the document ... resident and place for pension claim ... location of pension claim ... current temporary residence ... County mentioned in the heading of the affidavit ... Affiant's Post Office address ... claimant's post office address ... county of residence of affiant ... county of the claimant's affidavit ... place where claimant enlisted ... Claimant's home after recovering from small pox ... enrollment location for military service ... County of the affiant and the soldier ... Location of the affiant ... County where E. M. Pinckney is a citizen ... county mentioned in the legal context of a pension claim ... location of the physician and the deposition ... location of claim agent ... location of publication ... location of the Trial Justice ... post-office address of the physician ... location where the physician knows the soldier ... county where the claim is filed ... location of the physician administering the affidavit ... mention of county in legal document ... address of a business involved in pension claim ... location of filing ... location of marriage ceremony ... county where the claim was filed ... city of the physician administering the affidavit ... place of residence of the widow ... place of burial ... location of undertaker ... residence of affiants ... location of petitioner's request for examination ... location of request for examination ... residence of applicant ... witness's residence ... Claimant's post-office address. ... residence of witnesses Edward Phoiney and Sampson Green ... the county where Beaufort city is located ... location of the U.S. Claim Agent R. F. Greaves ... county where the affidavit is executed ... city where Robert Calvert resides and the marriage took place ... city where Samuel Goodwater resides ... city where affiants have lived near the claimant and deceased soldier ... county referenced when stating the affiant's knowledge of the parties ... city referenced when stating the affiant's personal knowledge ... current residence ... location of residence after discharge ... moved to Beaufort city ... county where affidavit was made and where affiant resides ... Post Office address of the affiant ... location of additional evidence and affidavit ... county of affidavit ... county where the affidavit was signed and the affiant resides ... town where the affiant resides ... location referenced as 'near Beaufort' in the testimony ... location of the Notary Public and affiant's address ... county of the Notary Public ... county of the affidavit ... Post Office address of affiant ... location of the notarization ... County where affidavit is sworn ... Confirmation of the jurisdiction ... County where the affidavit was sworn ... county of the affiant ... county mentioned for legal jurisdiction ... county noted in the state where the affidavit is executed ... post office address of the soldier who appeared in the affidavit ... location of hospital where soldier was sick ... County mentioned in the jurisdiction of the document ... location of court where affidavit is made ... mention of applicant's city ... mentioned as the county in which the affidavit is sworn ... post-office address of the claimant ... post-office address of the examination ... post office address of applicant ... post office location for the claimant ... post office address of the board ... Post office location for the pension application ... Claimant's post office address and birthplace. ... County of the claimant's birthplace. ... soldier's birthplace ... birthplace of the claimant ... birthplace of claimant ... district reference in document ... postmark location ... P.O. Address of the individual ... location of the filed claim ... post office at enlistment and place of marriage ... residence of affiants J. I. Washington and P. A. Roper ... Post Office address of the affiant ... residence of witnesses J. H. Sanders and Daniel H. Simons ... address of claimant Anthony Bailey ... location of the claimant's Post Office address ... Place where the claimant enlisted ... Place of medical treatment ... claimant's post-office address ... location of registration and residence of claimant ... post-office address of the claimant ... location of multiple claims and origins ... location of medical treatment ... location of claims since discharge ... location of claims since 1863 ... post office address of witness ... Location mentioned in the address of the witness ... Claimant's post office address. ... Claimant's post-office address. ... Claimant's post-office address on the certificate ... claimant's post office address ... jurisdiction where declaration is being made"
usct_pension_files\A_B\Bailey (Colonel) Anthony Civil War Pension.pdf,6504,Newcastle Street,street,,,,,3,address provided in the document
usct_pension_files\A_B\Bailey (Colonel) Anthony Civil War Pension.pdf,6505,SOUTH D.,city,,,,,21,Date and location of receipt
usct_pension_files\A_B\Bailey (Colonel) Anthony Civil War Pension.pdf,6507,Charleston | Charleston P. O.,city,charleston,berkeley,south carolina,,"110, 181, 19, 195, 252, 288, 289, 302, 303",location mentioned in correspondence ... location where the soldier was honorably discharged ... location of discharge from military service ... Location mentioned as destination where affiant met his company on the way ... address of the claimant ... Post office address ... Claimant's post office address ... post office location related to pension claim ... claimant's address
usct_pension_files\A_B\Bailey (Colonel) Anthony Civil War Pension.pdf,6511,South Carolina | S. C. | SC | So Carolina | S.C. | S C | S. C,state,,,south carolina,united states,"100, 101, 106, 108, 110, 112, 113, 114, 116, 117, 12, 121, 125, 126, 128, 13, 130, 137, 139, 142, 146, 147, 149, 15, 151, 153, 154, 156, 157, 158, 159, 16, 160, 161, 162, 163, 164, 165, 166, 168, 169, 172, 174, 176, 179, 180, 181, 183, 185, 186, 187, 194, 196, 198, 199, 200, 201, 202, 205, 207, 208, 210, 211, 216, 22, 221, 223, 224, 225, 227, 228, 229, 231, 233, 234, 235, 236, 237, 242, 243, 257, 258, 259, 260, 262, 263, 264, 265, 270, 272, 275, 277, 278, 279, 280, 281, 286, 287, 30, 300, 304, 305, 33, 40, 41, 47, 51, 55, 83, 88, 89, 95, 99",State in which the application was filed. ... State of residence for Anthony Bailey ... location related to criminal work investigation ... Mentioned in operating context ... state where Beaufort is located ... state abbreviation mentioned ... state mentioned in address ... indication of the state in reference to the file ... state where claim and death occurred ... reference to the state in the address ... mentioned in the records of the State Board of Health ... state of residence of claimant ... jurisdiction of a notary public ... state mentioned in pension document ... state referenced in the document ... state of residence of affiants ... state where the notary public is located ... Location where claimant resides ... Claimant's state of residence ... State where the declaration is made ... State mentioned in the document ... state where the applicant resides ... state of the above proceedings ... state mentioned in the declaration ... Claimant's state of service ... state of residence for the pension claim ... state where the deposition was taken ... state of residence for the claimant ... state mentioned in affidavit ... State mentioned in context of Anthony Bailey's residence and marriage ... state where deposition took place ... the state in which the document is filed ... state mentioned as the origin of the affidavit ... State of the claimant ... state where the affidavit was made ... state where the witnesses reside and where the notary is authorized ... State of residence of the claimant ... location of affidavit ... location of the affidavit ... state of residence of the claimant ... state of claimant ... state of the affidavit ... State where the pension claim is filed ... stated in the declaration ... jurisdiction of notary public L.W. Sanders ... state where declaration was made ... location of pension application ... state of residence of the affiant ... notary public involved in affidavit ... state mentioned in relation to the affidavit ... legally part of affidavit ... state mentioned in a legal document ... jurisdiction of the document ... claimed service from South Carolina ... part of the claimant's address ... state of residence of affiant and applicant ... state where soldier contracted rheumatism after hospitalization ... jurisdiction of the affidavit ... state mentioned in legal affidavit ... state of desertion event ... State where the document is filed ... state of birth ... state mentioned in the legal context of a pension claim ... state of notary public ... state of the pension claim ... mention of state in legal document ... state mentioned in filing ... state of residence of the widow ... state of residence on death certificate ... state where Beaufort and Beaufort County are located ... state where the affidavit is executed ... state mentioned as the home of the affiants ... mentioned as part of state declaration in affidavit ... state mentioned in the affidavit ... state of affidavit ... state mentioned in the document ... location of deposition ... state where the disability occurred ... State referenced in the document ... affiant's state of jurisdiction ... notary public's location ... State where the affidavit was executed ... location of affirmation ... mentioned as the state in which the affidavit is sworn ... State mentioned for claimant's address. ... State of examination ... State where the claimant resides and where he was born. ... location of pension examination
usct_pension_files\A_B\Bailey (Colonel) Anthony Civil War Pension.pdf,6513,U. S. Col Inf,military_post,,,,,24,regiment where soldier served
usct_pension_files\A_B\Bailey (Colonel) Anthony Civil War Pension.pdf,6515,Oklahoma,state,,,oklahoma,,26,state of the pension application
usct_pension_files\A_B\Bailey (Colonel) Anthony Civil War Pension.pdf,6518,Savannah,city,savannah,chatham,georgia,,"18, 244, 245","Location of examination on May 25, 1903 ... location where the petitioner was ordered to report for examination ... location where examination was ordered"
usct_pension_files\A_B\Bailey (Colonel) Anthony Civil War Pension.pdf,6519,Chatham County,county,,chatham,georgia,,18,County mentioned during examination
usct_pension_files\A_B\Bailey (Colonel) Anthony Civil War Pension.pdf,6527,"Washington | WASHINGTON, D. C. | Washington, D. C. | Washington D C | Washington, D.C. | Washington D. C. | Washington - D.C. | Washington D.C.",city,washington,,district of columbia,united states,"103, 113, 114, 116, 122, 123, 126, 127, 129, 134, 143, 147, 148, 149, 150, 152, 153, 155, 156, 157, 159, 164, 166, 167, 170, 172, 174, 175, 176, 177, 178, 181, 182, 183, 187, 188, 190, 192, 194, 196, 198, 202, 203, 205, 206, 208, 210, 212, 213, 216, 22, 220, 221, 228, 230, 235, 236, 244, 245, 254, 257, 259, 263, 266, 270, 272, 275, 277, 279, 281, 284, 30, 34, 36, 40, 53, 60, 62, 64, 65, 66, 67, 70, 72, 75, 77, 79, 89, 90, 91, 96, 97, 98, 99","Location of examination ... location of the pension department ... addressed to the Commissioner of Pensions ... location of the Department of the Interior ... address of Mr G. C. Brown ... location of pension claim review ... location mentioned in correspondence ... location mentioned in postage stamp ... location of the recipient ... location of Adjutant General, War Department ... location of bureau processing the claim ... location of the Bureau of Pensions ... location of Bureau of Pensions ... addressed to Messrs. S. I. Wright & Co ... addressed to Commissioner of Pensions ... location of the Hon. Commissioner of Pensions ... location of pension certificate issuance ... Location of the Bureau of Pensions and the signature of S. I. Wright and Co. ... Location of the attorneys appointed by Anthony Bailey ... Location of claimant's attorney ... location of the attorney filing the pension claim ... country where Washington, D.C. is located ... location of the firm's address in the document ... filed by S. I. Wright & Co. ... reference to Simms Printing Co. ... location of appointed attorneys ... location of attorney for pension application ... location of document's publisher ... location of pension office ... location of filing by S. I. WRIGHT & CO. ... location of attorney's office ... location of the filing office ... location of attorneys appointed by the claimant ... location of attorney's firm ... location of the claimant's appointed attorneys ... location of claim printer ... location of the attorney's office ... location of pension filing office ... Location where the pension claim was filed. ... location of claims filing ... location where the pension claim was filed ... place where affidavit was filed ... location of the pension office ... location of the pension documents ... location of filing by J. P. & S. I. Wright ... address of the commissioner ... address of a business involved in pension claim ... location of the Notary Public ... location of the office requiring the report ... address of the pension office ... location of the Adjutant General's Office ... city where the claim was filed ... filing location of affidavit ... location where filing was made ... address of law firm filing pension claim ... City where the claim was filed ... filing location for the affidavit ... location of filing claim ... location of filing agent ... address of the law firm filing the claim ... location of bureau of pensions ... location of claimant's attorney ... location of Bureau of Pensions ... location of the Department of Interior ... location of the filings for the claim ... location of the Pension Office and filing ... location of the Bureau of Pensions ... location of notary public's seal ... the location of the claimant's appointed attorneys ... Agent's location for fee payment ... location of the pension application filer S. Wright & Co. ... location of the firm S. Wright & Co. ... Location of the law firm's office appointed by the claimant ... Address of attorney for claimant ... location of the attorney's office for claim prosecution ... location of attorney's office ... location of pension claim ... location of War Department ... location of filing ... location of pension agent"
usct_pension_files\A_B\Bailey (Colonel) Anthony Civil War Pension.pdf,6544,W VA | W. VA.,state,,,west virginia,,"12, 14",Mentioned in operating context ... mentioned in connection with other locations
usct_pension_files\A_B\Bailey (Colonel) Anthony Civil War Pension.pdf,6545,N. C. | North Carolina,state,,,north carolina,,"12, 13, 15, 28",Mentioned in operating context ... state mentioned for medical evidence ... mentioned in the document ... location associated with attorney
usct_pension_files\A_B\Bailey (Colonel) Anthony Civil War Pension.pdf,6547,FLA | Florida | FLA.,state,,,florida,united states,"12, 13, 14, 15, 195, 221, 265, 271, 28, 288",Mentioned in operating context ... state where claim was sent ... mention of a business transaction ... mentioned in the document ... mentioned in relation to service ... Mentioned as the origin of the group the affiant met on the way to Charleston ... district of military duty ... location of the incident ... State mentioned in the context of Jacksonville and Baldwin ... Location where the claimant was injured
usct_pension_files\A_B\Bailey (Colonel) Anthony Civil War Pension.pdf,6548,GA | Georgia | GA.,state,,,georgia,,"12, 13, 14, 15, 28",Mentioned in operating context ... state mentioned for medical examination ... referenced location ... mentioned in the document ... mentioned in relation to reports
usct_pension_files\A_B\Bailey (Colonel) Anthony Civil War Pension.pdf,6549,ALA | Alabama | ALA.,state,,,alabama,,"12, 13, 14, 15, 28",Mentioned in operating context ... state mentioned for Board of Surgeons ... mentioned with a formal context ... mentioned in the document ... mentioned in relation to service
usct_pension_files\A_B\Bailey (Colonel) Anthony Civil War Pension.pdf,6550,MISS | Mississippi | MISS.,state,,,mississippi,,"12, 13, 14, 15, 28",Mentioned in operating context ... state mentioned in relation to claim ... reference to claim processing ... mentioned in the document ... mentioned in relation to service
usct_pension_files\A_B\Bailey (Colonel) Anthony Civil War Pension.pdf,6551,LA | Louisiana | LA.,state,,,louisiana,,"12, 13, 14, 15, 28",Mentioned in operating context ... state mentioned in relation to claim ... reference to claim processing ... mentioned in the document ... mentioned in relation to service
usct_pension_files\A_B\Bailey (Colonel) Anthony Civil War Pension.pdf,6552,TEX | Texas | TEX.,state,,,texas,,"12, 13, 14, 15, 28",Mentioned in operating context ... state mentioned in relation to claim ... reference to attorneyship ... mentioned in the document ... mentioned in relation to service
usct_pension_files\A_B\Bailey (Colonel) Anthony Civil War Pension.pdf,6553,KY | Kentucky | KY.,state,,,kentucky,,"12, 13, 14, 15, 28",Mentioned in operating context ... state mentioned in relation to claim ... mention of notarial records ... mentioned in the document ... mentioned in relation to service
usct_pension_files\A_B\Bailey (Colonel) Anthony Civil War Pension.pdf,6554,TEN | TEN.,state,,,tennessee,,"12, 15",Mentioned in operating context ... mentioned in the document
usct_pension_files\A_B\Bailey (Colonel) Anthony Civil War Pension.pdf,6555,MO | Missouri | MO.,state,,,missouri,,"12, 13, 14, 15, 28",Mentioned in operating context ... state mentioned in relation to claim ... context of records ... mentioned in the document ... mentioned in relation to service
usct_pension_files\A_B\Bailey (Colonel) Anthony Civil War Pension.pdf,6556,ARK | ARK. | Arkansas,state,,,arkansas,,"12, 14, 15, 28",Mentioned in operating context ... mention in attorney's context ... mentioned in the document ... mentioned in relation to service
usct_pension_files\A_B\Bailey (Colonel) Anthony Civil War Pension.pdf,6557,D. C. | District of Columbia,territory,,,district of columbia,united states,"12, 13, 14, 15, 208, 28, 60",Mentioned in operating context ... territory mentioned in relation to claim ... indication of jurisdiction or location ... mentioned in the document ... address of attorney ... location of bureau processing the claim ... indicates the District of Columbia
usct_pension_files\A_B\Bailey (Colonel) Anthony Civil War Pension.pdf,6569,Tennessee | TENN,state,,,tennessee,,"13, 14, 28",state mentioned in relation to claim ... correcting name issue ... mentioned in relation to service
usct_pension_files\A_B\Bailey (Colonel) Anthony Civil War Pension.pdf,6572,United States Colored Troops,military_post,,,,,13,referring to military service
usct_pension_files\A_B\Bailey (Colonel) Anthony Civil War Pension.pdf,6592,U.S.,country,,,,united states,36,country of the soldier's military service
usct_pension_files\A_B\Bailey (Colonel) Anthony Civil War Pension.pdf,6594,MD. | Maryland,state,,,maryland,,"15, 28",mentioned in the document ... location mentioned in document header
usct_pension_files\A_B\Bailey (Colonel) Anthony Civil War Pension.pdf,6595,VA. | Virginia,state,,,virginia,,"15, 28",mentioned in the document ... location mentioned in document header
usct_pension_files\A_B\Bailey (Colonel) Anthony Civil War Pension.pdf,6614,Barnwell Island | Barnwells Isld. | Barnwell's Island,island,,beaufort,south carolina,,"133, 221, 240, 43, 45",pensioner's birthplace (mistaken identification) ... birthplace of the claimant ... soldier's birthplace ... place of birth
usct_pension_files\A_B\Bailey (Colonel) Anthony Civil War Pension.pdf,6616,Reims,city,reims,,,france,46,location mentioned in a delivery note
usct_pension_files\A_B\Bailey (Colonel) Anthony Civil War Pension.pdf,6622,N/A,military_post,,,,,42,Organization of soldier's service ... Date of enlistment ... Date of discharge ... Final settlement information ... Birth and enlistment information
usct_pension_files\A_B\Bailey (Colonel) Anthony Civil War Pension.pdf,6631,Beauford,town,beauford,,south carolina,,54,location of sender's address
usct_pension_files\A_B\Bailey (Colonel) Anthony Civil War Pension.pdf,6636,West Virginia,state,,,west virginia,,28,location mentioned in document header
usct_pension_files\A_B\Bailey (Colonel) Anthony Civil War Pension.pdf,6650,Craven Street,street,,,,,57,location of funeral director's office
usct_pension_files\A_B\Bailey (Colonel) Anthony Civil War Pension.pdf,6666,Memphis,city,memphis,,tennessee,,62,address of the claimant
usct_pension_files\A_B\Bailey (Colonel) Anthony Civil War Pension.pdf,6670,South,region,,,,,74,division reference
usct_pension_files\A_B\Bailey (Colonel) Anthony Civil War Pension.pdf,6694,New Jersey,state,,,new jersey,,77,state of the regiment ... location of the company
usct_pension_files\A_B\Bailey (Colonel) Anthony Civil War Pension.pdf,6705,Olustee,battlefield,olustee,baker,florida,united states,"132, 86",battle fought by the soldier ... location of battle
usct_pension_files\A_B\Bailey (Colonel) Anthony Civil War Pension.pdf,6706,Honey Hill,battlefield,,beaufort,south carolina,united states,"132, 195, 199, 86",battle fought by the soldier ... location of military engagement ... Location where affiant met his company ... Location of an engagement with the claimant's regiment
usct_pension_files\A_B\Bailey (Colonel) Anthony Civil War Pension.pdf,6712,United States of America,country,,,,united states of america,102,jurisdiction of pension
usct_pension_files\A_B\Bailey (Colonel) Anthony Civil War Pension.pdf,6728,Sheldon,town,sheldon,beaufort,south carolina,,88,residence of Harry Williamson
usct_pension_files\A_B\Bailey (Colonel) Anthony Civil War Pension.pdf,6735,"St Helena Island | St. Helena Island | St. Helena | St. Helena, Island | St Helena Isld. | St Helena | St Helena Isl | St. Helena Isl. S.C. | St. Helena Isld, S. C.",other,saint helena,beaufort,south carolina,united states,"118, 122, 132, 133, 135, 137, 139, 147, 148, 154, 160, 172, 184, 186, 191, 195, 199, 201, 214, 216, 240, 247, 249, 264, 271, 99",residence of witness A C Reynolds ... location where the pensioner has lived since discharge ... location of deposition ... birthplace of Adam Small ... location of marriage ceremony ... place where Benjamin Reynolds was born and raised ... plantation where Anthony Bailey and his father were enslaved ... residence of John Colonel ... Place of birth ... Place of residence after service ... duration of stay for about one month ... specific location of residence of the claimant ... resident of St. Helena Island ... residence of Anthony Bailey ... places where the soldier resided prior to enlistment ... Location where affiant went home on furlough ... Location mentioned again as where affiant went home on furlough ... place of birth of the claimant ... location of desertion ... location where soldier was reported to have deserted ... current residence of the applicant ... place of residence after leaving military service ... specific location of residence within Beaufort County ... place where small pox was contracted ... place of birth ... island where the soldier's disability occurred ... Location where the claimant got small pox
usct_pension_files\A_B\Bailey (Colonel) Anthony Civil War Pension.pdf,6749,Pollawana Island,island,,,south carolina,,122,residence of witness Moses Goodwine
usct_pension_files\A_B\Bailey (Colonel) Anthony Civil War Pension.pdf,6783,Jackson | Jacksonveel | Jacksonville,city,jackson,duval,florida,united states,"118, 132, 133, 172, 174, 178, 184, 191, 199, 201, 203, 204, 209, 214, 218, 240, 242, 247, 254, 256, 258, 264, 265, 269, 271, 273","destination mentioned during injury ... location of discharge ... location near where injury occurred ... location of honorable discharge ... location of battle ... location of the soldier's honorable discharge ... destination of military logistics operation ... location where soldier experienced rheumatism ... location of medical treatment for injuries ... location of injury incident ... location where treatment was received ... location where the soldier served ... Place of honorable discharge ... location near where soldier was disabled during service ... location where soldier was mustered out of service ... location of discharge and also for treatment of a dislocated shoulder ... location of hospital where Simmons was reported absent sick ... location of discharge from military service ... location of injury while in line of duty ... location where rheumatism commenced after a fall from a mule ... destination of the journey stated in the testimony ... location of incident with the mule team ... location near where the injury occurred ... location where the soldier was discharged after the war ... station of Co. F 34 U.S.C.T. on April 30, 1865"
usct_pension_files\A_B\Bailey (Colonel) Anthony Civil War Pension.pdf,6800,Lands' End | Land's End | Lands-end | Lands End | Lands End St. Helena Island,other,,,south carolina,,"140, 190, 195, 218, 247, 269, 271",location where the claimant contracted small pox ... location where soldier contracted small pox ... Regiment's station mentioned by affiant ... location of illness during service ... location of hospital where treated for Small Pox ... location near which the soldier was disabled ... location where the disability occurred
usct_pension_files\A_B\Bailey (Colonel) Anthony Civil War Pension.pdf,6816,Frogmore,town,frogmore,beaufort,south carolina,united states,"132, 137, 139, 201, 202","place of residence of Adam Small ... Benjamin Reynolds' postal address ... residence of Adam Small, soldier attendant ... claimant's residence ... Post Office address of affiant"
usct_pension_files\A_B\Bailey (Colonel) Anthony Civil War Pension.pdf,6859,County Court,county,,,south carolina,,150,mentioned as part of the Clerk's duties and responsibilities
usct_pension_files\A_B\Bailey (Colonel) Anthony Civil War Pension.pdf,6864,"Hilton Head | Hilton Head, S.C.",city,hilton head,beaufort,south carolina,united states,"132, 160, 204, 221",residence of Robert Middleton ... traveling by boat to this location ... location of medical treatment ... military roll location
usct_pension_files\A_B\Bailey (Colonel) Anthony Civil War Pension.pdf,6872,Ladies Island,town,,beaufort,south carolina,,"157, 163, 164, 274",residence of Simon Grant ... location of Wally Ford's company ... residence of the affiant ... Post Office address of affiant
usct_pension_files\A_B\Bailey (Colonel) Anthony Civil War Pension.pdf,6882,Mt Pleasant,city,mount pleasant,,south carolina,,"154, 176, 201, 214",Location where soldier was honorably discharged ... location of honorable discharge ... location where the soldier was mustered out ... location where soldier deserted from Co. H
usct_pension_files\A_B\Bailey (Colonel) Anthony Civil War Pension.pdf,6895,Port Royal Island | Port Royal,other,port royal,beaufort,south carolina,,"165, 166, 197, 265",residence of affiant ... Post Office address of affiant ... Post Office address of the claimant ... residence of the affiant
usct_pension_files\A_B\Bailey (Colonel) Anthony Civil War Pension.pdf,6919,Cumbahee (River),river,,,,,132,location of skirmish
usct_pension_files\A_B\Bailey (Colonel) Anthony Civil War Pension.pdf,6921,St. Simons,town,saint simons,glynn,georgia,united states,132,location of skirmish
usct_pension_files\A_B\Bailey (Colonel) Anthony Civil War Pension.pdf,6922,Brunswick,city,brunswick,glynn,georgia,united states,132,location of skirmish and wound
usct_pension_files\A_B\Bailey (Colonel) Anthony Civil War Pension.pdf,6923,Darien,city,darien,mcintosh,georgia,united states,132,location of skirmish
usct_pension_files\A_B\Bailey (Colonel) Anthony Civil War Pension.pdf,6926,Morris Island | Morris Isld | Morris Isl.,island,,charleston,south carolina,united states,"132, 199, 201, 273","lengthy stay ... location where the soldier served ... station of Co. F 34 U.S.C.T. on August 31, 1863 ... Island to which the regiment was ordered"
usct_pension_files\A_B\Bailey (Colonel) Anthony Civil War Pension.pdf,6928,Johns Island,island,,charleston,south carolina,united states,132,location visited after returning to Hilton Head
usct_pension_files\A_B\Bailey (Colonel) Anthony Civil War Pension.pdf,6931,Cedar Creek,creek,,baker,florida,united states,132,location of last skirmish
usct_pension_files\A_B\Bailey (Colonel) Anthony Civil War Pension.pdf,6936,S. Carolina,state,,,south carolina,,171,State of the claimant
usct_pension_files\A_B\Bailey (Colonel) Anthony Civil War Pension.pdf,6937,Paris Island,other,,,,,173,residence of witness
usct_pension_files\A_B\Bailey (Colonel) Anthony Civil War Pension.pdf,6995,Baldwin,town,baldwin,duval,florida,,"184, 191, 247, 258, 265, 271, 273","location of military logistics operation ... location pertaining to military service ... site where he was sent after hospital transport and was detailed for duty ... starting point of the journey stated in the testimony ... location of incident with the mule team ... location mentioned between Jacksonville and where the incident occurred ... station of Co. F 34 U.S.C.T. on June 30, 1865"
usct_pension_files\A_B\Bailey (Colonel) Anthony Civil War Pension.pdf,6998,So-Ca | So Ca,state,,,south carolina,,"192, 195, 197, 240, 274",State mentioned in the context of the affidavit. ... jurisdiction of the affidavit ... Location mentioned in the heading of the affidavit ... abbreviation for the state ... State mentioned in legal context
usct_pension_files\A_B\Bailey (Colonel) Anthony Civil War Pension.pdf,7033,Landsend St.,street,,,south california,,191,location where smallpox was contracted
usct_pension_files\A_B\Bailey (Colonel) Anthony Civil War Pension.pdf,7043,Bolven,other,bolven,,florida,,"203, 209",route mention during injury ... location from which affiant came to Jacksonveel
usct_pension_files\A_B\Bailey (Colonel) Anthony Civil War Pension.pdf,7066,Jacksonvill,city,jacksonvill,,fa,,207,location of discharge for the soldier ... location where soldier was injured in line of duty
usct_pension_files\A_B\Bailey (Colonel) Anthony Civil War Pension.pdf,7080,Fernandina,city,fernandina,,florida,,201,location where the soldier served
usct_pension_files\A_B\Bailey (Colonel) Anthony Civil War Pension.pdf,7103,Bolovine,city,bolovine,,florida,,209,location of subsequent disability
usct_pension_files\A_B\Bailey (Colonel) Anthony Civil War Pension.pdf,7112,Southern Division,other,,,,,219,division designation
usct_pension_files\A_B\Bailey (Colonel) Anthony Civil War Pension.pdf,7113,U. S. A.,country,,,,united states of america,219,referring to military services
usct_pension_files\A_B\Bailey (Colonel) Anthony Civil War Pension.pdf,7114,PENSION U. S. OFFICE,other,,,,,219,location of pension processing
usct_pension_files\A_B\Bailey (Colonel) Anthony Civil War Pension.pdf,7152,U. S. OFFICE,other,,,,,238,official office involved in pension documentation
usct_pension_files\A_B\Bailey (Colonel) Anthony Civil War Pension.pdf,7180,Chanute,city,chanute,neosho,kansas,,253,location of post office
usct_pension_files\A_B\Bailey (Colonel) Anthony Civil War Pension.pdf,7193,Spring,town,,,,,255,date reference for the presence of soldiers
usct_pension_files\A_B\Bailey (Colonel) Anthony Civil War Pension.pdf,7199,"Charles Street, Beaufort",street,beaufort,beaufort,south carolina,,233,specific street where Samuel Goodwater's post-office address is located
usct_pension_files\A_B\Bailey (Colonel) Anthony Civil War Pension.pdf,7235,N Ca,state,,,north carolina,,266,license document issuing state
usct_pension_files\A_B\Bailey (Colonel) Anthony Civil War Pension.pdf,7251,Nabors,neighborhood,,,,,260,mentioned as where Anthony Bailey lives nearby
usct_pension_files\A_B\Bailey (Colonel) Anthony Civil War Pension.pdf,7256,P.O. ? S.C.,city,,,south carolina,,246,location of claim submission
usct_pension_files\A_B\Bailey (Colonel) Anthony Civil War Pension.pdf,7280,Palman,other,,,florida,,269,location near where the injury occurred
usct_pension_files\A_B\Bailey (Colonel) Anthony Civil War Pension.pdf,7300,S-Ca,state,,,south carolina,,271,state mentioned in the introduction to the affidavit
usct_pension_files\A_B\Bailey (Colonel) Anthony Civil War Pension.pdf,7312,Helena Isld,other,,,south carolina,,273,"station of Co. F 34 U.S.C.T. on June 30, 1863"
usct_pension_files\A_B\Bailey (Colonel) Anthony Civil War Pension.pdf,7316,Pt. Reed,other,,,florida,,273,"station of Co. F 34 U.S.C.T. on August 31, 1865"
usct_pension_files\A_B\Bailey (Colonel) Anthony Civil War Pension.pdf,7335,Crawford County,county,,crawford,south carolina,,293,location of examination for pension
usct_pension_files\A_B\Bailey (Colonel) Anthony Civil War Pension.pdf,6490,--,,,,,,2,--
usct_pension_files\A_B\Bailey (Colonel) Anthony Civil War Pension.pdf,6499,--,county,,,,,4,--
usct_pension_files\A_B\Bailey (Colonel) Anthony Civil War Pension.pdf,6500,--,state,,,,,4,--
usct_pension_files\A_B\Bailey (Colonel) Anthony Civil War Pension.pdf,6501,--,other,,,,,4,--
usct_pension_files\A_B\Bailey (Colonel) Anthony Civil War Pension.pdf,6502,--,,,,,,17,--
usct_pension_files\A_B\Bailey (Colonel) Anthony Civil War Pension.pdf,6516,--,,,,,,29,--
usct_pension_files\A_B\Bailey (Colonel) Anthony Civil War Pension.pdf,6533,--,,,,,,30,--
usct_pension_files\A_B\Bailey (Colonel) Anthony Civil War Pension.pdf,6538,--,,,,,,31,--
usct_pension_files\A_B\Bailey (Colonel) Anthony Civil War Pension.pdf,6539,--,,,,,,31,--
usct_pension_files\A_B\Bailey (Colonel) Anthony Civil War Pension.pdf,6540,--,,,,,,31,--
usct_pension_files\A_B\Bailey (Colonel) Anthony Civil War Pension.pdf,6541,--,,,,,,31,--
usct_pension_files\A_B\Bailey (Colonel) Anthony Civil War Pension.pdf,6593,--,military_post,,,,,36,soldier's regiment during the Civil War
usct_pension_files\A_B\Bailey (Colonel) Anthony Civil War Pension.pdf,6615,Camp,military_post,,,,,44,location of enlistment or service
usct_pension_files\A_B\Bailey (Colonel) Anthony Civil War Pension.pdf,6620,--,other,,,,,56,document header information
usct_pension_files\A_B\Bailey (Colonel) Anthony Civil War Pension.pdf,6621,--,other,,,,,58,no specific location mentioned
usct_pension_files\A_B\Bailey (Colonel) Anthony Civil War Pension.pdf,6628,--,,,,,,49,place of enlistment
usct_pension_files\A_B\Bailey (Colonel) Anthony Civil War Pension.pdf,6629,--,,,,,,49,place of discharge
usct_pension_files\A_B\Bailey (Colonel) Anthony Civil War Pension.pdf,6651,--,,,,,,61,--
usct_pension_files\A_B\Bailey (Colonel) Anthony Civil War Pension.pdf,6686,--,,,,,,80,document header information
usct_pension_files\A_B\Bailey (Colonel) Anthony Civil War Pension.pdf,6696,--,other,,,,,77,company name mentioned
usct_pension_files\A_B\Bailey (Colonel) Anthony Civil War Pension.pdf,6703,--,,,,,,94,--
usct_pension_files\A_B\Bailey (Colonel) Anthony Civil War Pension.pdf,6738,--,,,,,,109,--
usct_pension_files\A_B\Bailey (Colonel) Anthony Civil War Pension.pdf,6781,--,county,,,,,129,--
usct_pension_files\A_B\Bailey (Colonel) Anthony Civil War Pension.pdf,6837,--,county,,,,,152,Clerk of the County Court
usct_pension_files\A_B\Bailey (Colonel) Anthony Civil War Pension.pdf,7007,--,county,,,,,194,"not specified, only mentioned in relation to official acts of Esq."
usct_pension_files\A_B\Bailey (Colonel) Anthony Civil War Pension.pdf,7143,--,county,,,South Carolina,,230,mentioned in context of court certification
usct_pension_files\A_B\Bailey (Colonel) Anthony Civil War Pension.pdf,7159,--,county,,,South Carolina,,237,--
usct_pension_files\A_B\Bailey (Colonel) Anthony Civil War Pension.pdf,7262,--,,,,,,246,--
usct_pension_files\A_B\Bailey (Colonel) Anthony Civil War Pension.pdf,7263,--,,,,,,246,--
usct_pension_files\A_B\Bailey (Colonel) Anthony Civil War Pension.pdf,7264,--,,,,,,246,--
usct_pension_files\A_B\Barnwell Paul Civil War Pension.pdf,179,National Archives,other,,,,,1,location of soldier's certificate
usct_pension_files\A_B\Barnwell Paul Civil War Pension.pdf,182,STAMPS | Stamps,city,stamps,,arkansas,,"10, 12, 4, 52, 54, 8",date mentioned ... -- ... location of correspondence ... location of receipt ... location of the War Department record ... location of the Record & Pension Office
usct_pension_files\A_B\Barnwell Paul Civil War Pension.pdf,188,Knoxville,city,knoxville,,tennessee,,"2, 22, 24, 3",Original roll of the soldier's agency ... mention in address ... location of the pension agency ... location of pension agency
usct_pension_files\A_B\Barnwell Paul Civil War Pension.pdf,189,Port Royal | Port-Royal | PORT ROYAL | Port Royal S C | Port Royal S.C.,city,port royal,beaufort,south carolina,united states,"13, 14, 15, 16, 19, 2, 20, 21, 22, 23, 24, 26, 27, 28, 3, 32, 36, 37, 38, 40, 42, 43, 44, 46, 48, 49, 5, 55, 57, 59, 6, 60, 65, 67, 69, 7, 73, 74, 75, 77, 79, 9","Location of the soldier's death ... pensioner's location ... Paul Barnwell's post office address ... P. O. Address ... claimant's post office address ... mentioned in marriage license ... address of claimant Paul Barnwell ... Claimant's post office address ... place of residence ... residing at ... location of notification of rejection ... resident of Port Royal ... place of birth ... places of residence since leaving service ... Post-Office address ... location of witness ... residence of Paul Barnwell ... post-office address of Paul Barnwell ... Claimant's post office location ... address of the claimant ... residence of witness John Gardner ... claimant's residence ... citizen's residence ... claimant's town of residence ... current residence and post-office ... soldier's residence ... residence of affiants ... Residence of the witness, William Gardner ... Residence of the physician Miles B. Cope, M.D. ... location of the affiant, a physician ... location of post office ... location mentioned in a postal mark ... location of respondent ... location of pensioner's address ... Claimant's Post Office address ... residing at ... Claimant's post-office address when making the pension claim."
usct_pension_files\A_B\Barnwell Paul Civil War Pension.pdf,191,S.C. | S C | South Carolina | S. C.,state,,,south carolina,united states,"11, 15, 16, 18, 19, 20, 21, 22, 23, 24, 25, 26, 27, 28, 3, 34, 36, 38, 40, 42, 5, 56, 58, 59, 6, 60, 61, 62, 63, 69, 7, 73, 79, 8, 9",abbreviation for state ... abbreviation for South Carolina used in correspondence ... State of residence ... location related to service ... state of residence of claimant ... Claimant's state of residence ... claimant's state of residence ... state mentioned in official declaration ... mentioned in relation to pension application ... state of residence for the claimant ... state of the notary public ... State of the claimant ... state where the declaration was made ... jurisdiction of the notary public ... mentioned as part of instructions for cases ... mentioned as part of the jurisdiction for the document execution ... Affidavit state ... state where affidavit was filed ... State where the affidavit is filed ... state where the claim was filed ... state where the affidavit is filed ... state of the document ... state of jurisdiction ... state where the affidavit was taken ... state where the town is located
usct_pension_files\A_B\Barnwell Paul Civil War Pension.pdf,199,SOUTH DIV.,other,,,,,"10, 8",section mentioned in received date ... section designation
usct_pension_files\A_B\Barnwell Paul Civil War Pension.pdf,204,Beaufort | Beaufort Co. | Beaufort Co | Beaufort County | Beaufort Co. S.C. | Beaufort Co S.C. | Beaufort S. Ca. | Beaufort Sou Ca | Beaufort S C | Beaufort S.C. | Beaufort S. C. | Beaufort SC | Charleston | Charleston S.C.,county,beaufort,beaufort,south carolina,united states,"13, 14, 15, 16, 18, 19, 21, 22, 23, 24, 25, 26, 27, 28, 29, 30, 31, 32, 33, 36, 37, 38, 39, 40, 42, 43, 44, 45, 46, 47, 48, 49, 5, 50, 53, 55, 56, 57, 58, 59, 6, 60, 61, 62, 63, 64, 65, 66, 67, 68, 69, 7, 70, 71, 72, 78, 79, 9","location where examination occurred ... location mentioned in the application ... County of residence ... Claimant's post office ... claimant's county of residence ... soldier's birthplace and enlistment place ... Claimant's county of residence ... postal address ... county of swearing for notary ... location of pension application ... County of the claimant ... county where the declaration was made ... location of medical examination request ... place of deposition ... Paul's P.O. address ... Lina Barnwell lives here ... Claimant's residence and location of deposition ... location of witnesses ... location of notary public for pension vouchers ... location of marriage ceremony ... desired examination location ... Post office location of the attorney ... place of enlistment and soldiers' location ... location of return after visiting Florida ... residence of witnesses ... address of the person filing the application ... residence of witness Josiah Howells ... location associated with Paul Barnwell's application ... location of the notary and the claimant's residence ... attorney's location ... location of claimant ... county of jurisdiction ... notary's jurisdiction ... notary's location ... county of the claimant ... location where affidavit was written ... the nearest post-office at enlistment ... county mentioned in soldier's residence ... location where discharge paper was given for bounty collection ... location of affidavit witnessing ... County where the affidavit was made ... Location where the affidavit was written ... County where the physician resides and the affidavit is filed ... location of the post office ... county where claim was filed ... location of the claimant ... county of the document ... Post-Office address of Arthur Andreau ... post office address ... location of the applicant's post office ... county where the affidavit was taken ... location of the physician's office and the soldier's residence ... post office location ... claimant's address for pension claim ... county of claimant's birthplace ... Attorney's Post Office address ... associated with the claim ... claimant's birthplace ... residence of affiants ... place of birth of soldier ... post-office address of the applicant ... Claimant's military affiliation noted, likely birthplace or significant location for the individual. ... location mentioned in the document ... location of honorable discharge ... enrolled in the service ... location of discharge from service ... location of operations until the city fell ... place of honorable discharge from service ... location where Paul Barnwell was honorably discharged ... city where soldier was mustered out and discharged ... discharge location"
usct_pension_files\A_B\Barnwell Paul Civil War Pension.pdf,206,U.S.C. Infty,military_post,,,,,11,military service unit
usct_pension_files\A_B\Barnwell Paul Civil War Pension.pdf,211,"Washington | WASHINGTON | Washington, D. C. | Washington D. C.",city,washington,district of columbia,district of columbia,united states,"17, 22, 25, 26, 27, 28, 40, 45, 47, 48, 49, 51, 53, 56, 58, 62, 64, 74, 75, 76, 77",location of the Claim Blank Printer ... location of appointed attorneys ... location of filing ... location of printing company ... location of the company that printed and sold the document ... address of the company selling the document ... address of the Commissioner of Pensions ... location of the Bureau of Pensions ... location of Bureau of Pensions ... address of filing agent ... Location of the attorney ... location of printing company ... location of the printer ... location of war department and pension office ... location of the Bureau of Pensions ... location of Bureau of Pensions ... location of Record and Pension Office ... location of BUREAU OF PENSIONS ... location mentioned in communications ... location of recording office activities
usct_pension_files\A_B\Barnwell Paul Civil War Pension.pdf,214,Tennessee,state,,,tennessee,,"14, 5, 6",Location of U.S. Bureau of Pensions ... mentioned in relation to pension application ... state noted in relation to the claimant
usct_pension_files\A_B\Barnwell Paul Civil War Pension.pdf,222,Jacksonville,city,jacksonville,duval,florida,,"13, 30",battle fought ... visited during service in Florida
usct_pension_files\A_B\Barnwell Paul Civil War Pension.pdf,223,Honey Hill,battlefield,,,south carolina,,"13, 31",battle fought ... location of a battle
usct_pension_files\A_B\Barnwell Paul Civil War Pension.pdf,224,Dale S.C.,town,dale,,south carolina,,20,residence of affiant Leroy Gibbs
usct_pension_files\A_B\Barnwell Paul Civil War Pension.pdf,255,North Carolina,state,,,north carolina,,"5, 6",mentioned in relation to pension application ... state noted in relation to the claimant
usct_pension_files\A_B\Barnwell Paul Civil War Pension.pdf,256,Florida | Fla,state,,,florida,,"30, 5, 6",mentioned in relation to pension application ... state noted in relation to the claimant ... general mention of the state where the regiment was stationed
usct_pension_files\A_B\Barnwell Paul Civil War Pension.pdf,257,Georgia,state,,,georgia,,"5, 6",mentioned in relation to pension application ... state noted in relation to the claimant
usct_pension_files\A_B\Barnwell Paul Civil War Pension.pdf,258,Alabama,state,,,alabama,,"5, 6",mentioned in relation to pension application ... state noted in relation to the claimant
usct_pension_files\A_B\Barnwell Paul Civil War Pension.pdf,259,Mississippi,state,,,mississippi,,"5, 6",mentioned in relation to pension application ... state noted in relation to the claimant
usct_pension_files\A_B\Barnwell Paul Civil War Pension.pdf,260,Louisiana,state,,,louisiana,,"5, 6",mentioned in relation to pension application ... state noted in relation to the claimant
usct_pension_files\A_B\Barnwell Paul Civil War Pension.pdf,261,Texas,state,,,texas,,"5, 6",mentioned in relation to pension application ... state noted in relation to the claimant
usct_pension_files\A_B\Barnwell Paul Civil War Pension.pdf,262,Kentucky,state,,,kentucky,,"5, 6",mentioned in relation to pension application ... state noted in relation to the claimant
usct_pension_files\A_B\Barnwell Paul Civil War Pension.pdf,264,Missouri,state,,,missouri,,"5, 6",mentioned in relation to pension application ... state noted in relation to the claimant
usct_pension_files\A_B\Barnwell Paul Civil War Pension.pdf,265,Arkansas,state,,,arkansas,,"5, 6",mentioned in relation to pension application ... state noted in relation to the claimant
usct_pension_files\A_B\Barnwell Paul Civil War Pension.pdf,266,District of Columbia,territory,,,district of columbia,,"5, 6",mentioned in relation to pension application ... noted in relation to the claimant
usct_pension_files\A_B\Barnwell Paul Civil War Pension.pdf,293,VA,state,,,virginia,,25,location of the National Soldiers Home
usct_pension_files\A_B\Barnwell Paul Civil War Pension.pdf,362,Camp Finnegan,military_post,,,florida,,30,military location visited in Florida
usct_pension_files\A_B\Barnwell Paul Civil War Pension.pdf,364,Morris Island,military_post,,charleston,south carolina,,"30, 31",location where soldiers were stationed ... location visited during service
usct_pension_files\A_B\Barnwell Paul Civil War Pension.pdf,374,So Ca,state,,,south carolina,,"37, 44",part of the official declaration ... jurisdiction of claim
usct_pension_files\A_B\Barnwell Paul Civil War Pension.pdf,401,Old Fort plantation | Old Fort Plantation,plantation,,beaufort,south carolina,,"46, 49",location of claimant's home ... place of residence since birth
usct_pension_files\A_B\Barnwell Paul Civil War Pension.pdf,416,Savannah,city,savannah,,georgia,,31,location visited by boat
usct_pension_files\A_B\Barnwell Paul Civil War Pension.pdf,417,Augusta,city,augusta,,georgia,,31,location visited after Savannah
usct_pension_files\A_B\Barnwell Paul Civil War Pension.pdf,418,Edgefield,town,edgefield,,south carolina,,31,location visited after Augusta
usct_pension_files\A_B\Barnwell Paul Civil War Pension.pdf,419,Columbia,city,columbia,,south carolina,,31,location travelled to return to Charleston
usct_pension_files\A_B\Barnwell Paul Civil War Pension.pdf,421,Citadel Green,other,,,south carolina,,31,location of discharge
usct_pension_files\A_B\Barnwell Paul Civil War Pension.pdf,422,James Island,other,,,south carolina,,31,location near Charleston where a co. member was wounded
usct_pension_files\A_B\Barnwell Paul Civil War Pension.pdf,464,United States,country,,,,united states,63,referring to the pension office
usct_pension_files\A_B\Barnwell Paul Civil War Pension.pdf,335,--,,,,,,35,medical claim statement
usct_pension_files\A_B\Barnwell Paul Civil War Pension.pdf,346,--,county,,,,,33,--
usct_pension_files\A_B\Barnwell Paul Civil War Pension.pdf,354,--,,,,,,41,--
usct_pension_files\A_B\Bell James C.pdf,7362,Harrison | Harrison County | Harrison Co.,county,,harrison,kentucky,,"1, 11, 2, 3, 4, 7, 8",mentioned as the county of residence ... location of the widow's residence ... location of the children’s residence ... resident of the widow ... location where Ann Bell lived with her children ... county mentioned in the context of an official declaration ... county of jurisdiction for the claim ... location of widow Ann Bell
usct_pension_files\A_B\Bell James C.pdf,7363,Kentucky,state,,,kentucky,,"1, 13, 16, 3, 4, 7, 8, 9",mentioned as the state of residence ... state of pension agency ... state where the event took place ... state mentioned in document ... state of jurisdiction for the claim ... state where the deposition was given
usct_pension_files\A_B\Bell James C.pdf,7364,Cynthiana,city,cynthiana,harrison,kentucky,,"1, 11, 13, 2, 3, 4, 8",location where the oath was sworn ... Post Office address of the widow and her agent ... applicant's address ... attorney's address ... location of certification for the affidavit ... location where certificate was sent ... location of attorney W. S. Haviland
usct_pension_files\A_B\Bell James C.pdf,7365,"Washington, D. C.",city,washington,,district of columbia,united states,"5, 6",location of the Surgeon General's Office ... location of Adjutant General's Office
usct_pension_files\A_B\Bell James C.pdf,7366,Covington | Covington Ky,city,covington,kenton,kentucky,united states,"1, 11, 15, 2, 5, 6",location of the Main St General Hospital where soldier died ... place of death of husband ... place of soldier's death ... location of soldier's death ... place of death of James C. Bell ... enrollment and service location of James C Bell ... muster-in location for James C Bell ... location of death of James C Bell ... place of death for James C Bell according to muster out roll
usct_pension_files\A_B\Bell James C.pdf,7375,STAMPS,city,stamps,,,,10,mentioned in header
usct_pension_files\A_B\Bell James C.pdf,7376,LOUISVILLE,city,louisville,,kentucky,,9,location of pension agency
usct_pension_files\A_B\Bell James C.pdf,7384,Cincinnati,city,cincinnati,,ohio,,4,location of the law publishers
usct_pension_files\A_B\Bell James C.pdf,7395,Lexington,city,lexington,,kentucky,,13,location of agency
usct_pension_files\A_B\Bell James C.pdf,7407,Brownsville Tx,city,brownsville,cameron,texas,,5,location of the muster-out roll for James C Bell
usct_pension_files\A_B\Bell James C.pdf,7385,--,,,,,,14,--
usct_pension_files\A_B\Bell James C.pdf,7391,--,,,,,,12,--
usct_pension_files\A_B\Bell James C.pdf,7392,--,,,,,,12,--
usct_pension_files\A_B\Bell James C.pdf,7393,--,,,,,,12,--
usct_pension_files\A_B\Bias James.pdf,11227,Kentucky | Ky | Ky. | KY,state,,todd,kentucky,united states,"1, 11, 12, 13, 17, 18, 20, 23, 25, 32, 34, 37, 40, 41, 42, 44, 49, 5, 7, 9",location of widow ... affidavit jurisdiction ... resident's state of James Bias ... state where the claim is made ... state of the affidavit ... state mentioned in the document ... state where the declaration was made ... state where Ruth Byars resides and where her post office is located ... mentioned as the state where the affidavit was sworn ... location of the affidavit ... state of residency of Ruth Byars ... state of residence for the claimant ... state where document is filed ... state mentioned in document ... state where the affidavit is made ... state where the town and county are located ... abbreviation for state ... mention of claim date
usct_pension_files\A_B\Bias James.pdf,11228,Louisville,city,louisville,jefferson,kentucky,united states,"1, 2, 25, 30, 5, 51",Agency for pension payments ... location mentioned in the header ... location of pension application ... location of pension payments ... location of agency for pension application ... location of the pension agency
usct_pension_files\A_B\Bias James.pdf,11229,Clarksville | Clarksville Ten,city,clarksville,montgomery,tennessee,,"1, 3, 4, 5, 6, 7",location where certificate was sent ... attorney's location ... location of attorney for widow's pension application ... agent's city of residence ... location where James Byars enlisted ... location where James Bias was enrolled
usct_pension_files\A_B\Bias James.pdf,11230,Todd | Todd County | Todd Co. Ky. | Trenton | Trenton Todd Co Ky,county,trenton,todd,kentucky,united states,"1, 11, 12, 13, 17, 18, 19, 2, 20, 23, 25, 31, 33, 35, 37, 39, 40, 41, 42, 44, 49, 6, 7, 8, 9",location of the affidavit ... citizen's residence ... resident's county of James Bias ... county where the claim is made ... county of residence for the affidavit ... county of residence of widow ... county where marriage took place ... county mentioned in the document ... county mentioned with additional detail ... location of notary authentication ... county where the declaration was made and Ruth Byars resides ... county where Ruth Byars was married to James Byars ... mentioned as the county where the affidavit was sworn ... county where the affidavit was made ... county of residency of Ruth Byars ... county of the claimant ... county where affidavit is sworn ... county mentioned in document ... county where the affidavit is made ... county of the affidavit ... county of the town where affiants reside ... claimant's address as listed in the document ... Post Office address of claimant ... claimant's post-office address ... residence of Nancy Marion ... residence of Thomas Byars ... affiant's post office address ... specific location of Ruth Byars' residence ... claimant's post office address ... location of applicant's residence ... widow's location ... widow's residence ... residence of witness Jacob Roach ... residence of witness Thomas Byars ... town of the affiant ... near the applicant's residence ... current residence of the applicant ... postal address of the applicant ... citizen's residence ... location of the affiants ... post office address of Nancy Marion
usct_pension_files\A_B\Bias James.pdf,11231,Nashville,city,nashville,davidson,tennessee,united states,"1, 13, 2, 31, 38, 4, 6, 7",location of soldier's death ... location where James Bias was killed in action ... location near which soldier was killed in action ... location where soldier was killed ... site of Hood's attack ... place where James Byars enlisted ... location where James Byars died ... place of soldier's death ... attorney's location
usct_pension_files\A_B\Bias James.pdf,11234,Tennessee | Tenn. | TENN,state,,,tennessee,,"1, 3, 32, 34, 47",state where widow resides ... state where soldier was reported killed ... jurisdiction of the court ... abbreviation for state ... reference to Hon W. G. Hunter claims
usct_pension_files\A_B\Bias James.pdf,11235,U.S.C.H.A,other,,,,,3,Union military regiment mentioned in context of widow's pension application
usct_pension_files\A_B\Bias James.pdf,11240,"Washington | WASHINGTON | Washington, D. C. | Washington D.C. | Washington, D.C.",city,washington,washington district of columbia,district of columbia,united states,"10, 12, 18, 20, 22, 26, 27, 38, 4, 43, 45, 50, 7, 8","location of filing ... address of the attorney, N. W. Ward Fitzgerald ... filing location for pension claim ... location of the attorney who filed the pension claim ... location of the attorney N. Ward Fitzgerald ... address of claim printer ... location of printing office ... location of attorney filing widow's pension claim ... location of the Adjutant General's Office ... location of the U.S. Claim and Patent Attorneys ... location of depositions ... location of law offices and pension claim ... address to the Commissioner of Pensions ... location of claim filing ... printed documents location"
usct_pension_files\A_B\Bias James.pdf,11243,Camp Rosencrans Ten,military_post,,,tennessee,,4,location where James Bias was mustered into service
usct_pension_files\A_B\Bias James.pdf,11254,Pineham,other,,,,,8,place of residence for George Shaw and George McGuire
usct_pension_files\A_B\Bias James.pdf,11267,STAMPS | Stamps,city,stamps,,,,"16, 36",location of pension office ... date of document
usct_pension_files\A_B\Bias James.pdf,11268,Elkton,town,elkton,todd,kentucky,,"14, 23, 25, 26, 35, 48",location of pension claim agent ... address of recognized attorney ... address of applicant ... attorney's post office ... residence of one of the witnesses ... residence of the attorney ... address of Clayborn M. Perkins
usct_pension_files\A_B\Bias James.pdf,11269,United States | United States Colored Troops,country,,,,united states,"14, 29",country of service for soldier ... regiment to which soldier belonged
usct_pension_files\A_B\Bias James.pdf,11270,Guthrie,town,guthrie,todd,kentucky,,21,location of the affiant
usct_pension_files\A_B\Bias James.pdf,11276,Montgomery | Montgomery County,county,,montgomery,tennessee,,"2, 46, 47",county where affidavit was made ... county of residence for witnesses ... location of court proceedings ... location of the court and decree
usct_pension_files\A_B\Bias James.pdf,11281,Hadasville,town,hadasville,todd,kentucky,,2,widow's post office
usct_pension_files\A_B\Bias James.pdf,11299,D. C. | D.C.,other,,,district of columbia,united states,"20, 32, 34, 45","specified as part of Washington, potentially referring to Washington D.C. ... jurisdiction of the document ... abbreviation for District of Columbia ... date and cause of Rejection"
usct_pension_files\A_B\Bias James.pdf,11300,Homer,city,homer,,,,28,Name of the individual who remarried
usct_pension_files\A_B\Bias James.pdf,11334,Pinchem,other,,todd,kentucky,,"40, 42, 44",post office address of the doctor ... location where the marriage occurred ... location near where James Byars was married
usct_pension_files\A_B\Bias James.pdf,11336,James Byase,,,,,,43,name of the soldier
usct_pension_files\A_B\Bias James.pdf,11367,Garnett,city,garnett,,,,48,involved in court case
usct_pension_files\A_B\Bias James.pdf,11395,Md. | MD,state,,,maryland,,"32, 34",abbreviation for state ... date mentioned in context of legal documents
usct_pension_files\A_B\Bias James.pdf,11396,Va. | VA,state,,,virginia,,"32, 34",abbreviation for state ... mentioned in context of legal documents
usct_pension_files\A_B\Bias James.pdf,11397,W. Va. | W. VA.,state,,,west virginia,,"32, 34",abbreviation for state ... mentioned in context of legal documents
usct_pension_files\A_B\Bias James.pdf,11398,N. C.,state,,,north carolina,,"32, 34",abbreviation for state ... mentioned in legal context
usct_pension_files\A_B\Bias James.pdf,11399,S. C.,state,,,south carolina,,"32, 34",abbreviation for state ... mentioned in legal context
usct_pension_files\A_B\Bias James.pdf,11400,Fla. | FLA,state,,,florida,,"32, 34",abbreviation for state ... mentioned in legal context
usct_pension_files\A_B\Bias James.pdf,11401,Ga. | GA,state,,,georgia,,"32, 34",abbreviation for state ... context of legal claims
usct_pension_files\A_B\Bias James.pdf,11402,Ala. | ALA,state,,,alabama,,"32, 34",abbreviation for state ... mentioned in context of legal documents
usct_pension_files\A_B\Bias James.pdf,11403,Miss. | MISS,state,,,mississippi,,"32, 34",abbreviation for state ... mentioned in legal claims
usct_pension_files\A_B\Bias James.pdf,11404,La. | LA,state,,,louisiana,,"32, 34",abbreviation for state ... date and legal context mentioned
usct_pension_files\A_B\Bias James.pdf,11405,Tex. | TEX,state,,,texas,,"32, 34",abbreviation for state ... context of investigation
usct_pension_files\A_B\Bias James.pdf,11408,Mo. | MO,state,,,missouri,,"32, 34",abbreviation for state ... mentioned in context of legal documents
usct_pension_files\A_B\Bias James.pdf,11409,Ark. | ARK,state,,,arkansas,,"32, 34",abbreviation for state ... date and legal context mentioned
usct_pension_files\A_B\Bias James.pdf,11411,U.S.C.T.,other,,,,,"32, 34","United States Colored Troops, designation for military unit ... mentioned reference to service"
usct_pension_files\A_B\Billups Peter Civil War Pension.pdf,11353,NATIONAL ARCHIVES,other,,,,,1,location of the document repository
usct_pension_files\A_B\Billups Peter Civil War Pension.pdf,11374,"Washington | WASHINGTON | Washington, D. C. | Washington D.C. | Washington, D.C.",city,washington,,district of columbia,united states,"10, 12, 13, 15, 16, 17, 19, 21, 22, 24, 3, 30, 31, 33, 34, 36, 38, 39, 4, 40, 41, 43, 45, 47, 48, 49, 5, 50, 6, 7, 8, 9","location of correspondence ... office address of the attorneys ... location of the pension claim filing ... location of law office for claim ... location of law office involved in pension claim ... location of pension document office ... location of legal filing ... location of the law office ... attorneys' location ... publication address of affidavit ... location of attorney's office ... location of Bureau of Pensions ... address for Record and Pension Office ... location of Record and Pension Office ... location of the Bureau of Pensions ... location of the Record and Pension Office, War Department ... location of the returned report to the Commissioner of Pensions ... location of the attorneys for the claimant ... city of the recognized attorneys ... location of attorney for pension claim ... address of W. S. Odell & Co. ... address of Grove & Co. ... location of law office representing claimant ... address of attorneys for claimant ... location of the Pension Office ... location of pensions office ... location where attorneys are based ... location of publisher ... location of the law office"
usct_pension_files\A_B\Billups Peter Civil War Pension.pdf,11383,Southern,region,,,,,8,division referenced in claim
usct_pension_files\A_B\Billups Peter Civil War Pension.pdf,11387,District of Columbia,state,,,district of columbia,united states,"39, 40, 7",location of law office involved in pension claim ... state mentioned in attorney's address ... territory where the attorneys are located
usct_pension_files\A_B\Billups Peter Civil War Pension.pdf,11388,USCT | U.S.C.T,military_post,,,,,"14, 46",reference to a military unit ... Regiment designation for Peter Billups
usct_pension_files\A_B\Billups Peter Civil War Pension.pdf,11389,Windfall | Windfall Perquimans co | Winfall | Winfall N. C.,town,windfall,perquimans,north carolina,,"11, 20, 22, 25, 27, 28, 29, 30, 37, 38, 40, 42, 50",claimed address ... post-office address of the claimant ... location mentioned in letter ... location of the letter's sender ... Claimant's post office location ... residence location ... claimant's post office location ... location of deposition ... P.O. Address of witness Joseph Nixon ... address of claimant ... correspondent's address ... Residence of Guardian ... Post Office location ... location of Mrs. Narcissa Welch
usct_pension_files\A_B\Billups Peter Civil War Pension.pdf,11390,Perquimans Co. | Perquimans County | Perquimans | Perquimans Co,county,winfall,perquimans,north carolina,,"11, 2, 20, 21, 22, 25, 26, 27, 28, 29, 30, 32, 33, 35, 37, 38, 40",location mentioned in relation to Winfall and Mrs. Narcissa Welch ... residence of claimant ... county mentioned in relation to Winfall ... county where the deposition was taken ... Claimant's county of residence ... county of the claimant ... county of the town ... county where deposition is made ... County mentioned related to the clerk's office ... location of application filing ... county of claimant's address ... county mentioned in affidavit ... county where the affidavit was taken ... Location mentioned in guardian's address ... Post Office location ... county where the claim was executed
usct_pension_files\A_B\Billups Peter Civil War Pension.pdf,11391,N. C. | North Carolina | N.C.,state,,gates,north carolina,,"11, 2, 21, 22, 25, 26, 27, 28, 30, 32, 33, 35, 37, 38, 40, 42, 44",abbreviation for North Carolina mentioned multiple times ... state where claimant resides ... state mentioned in the document ... Claimant's state of residence ... state of residence of the claimant ... state mentioned in relation to the claim ... appears in circular stamp context ... state of claimant's address ... state of claimant's residence ... state of the county ... state mentioned in another certification ... state mentioned in affidavit ... state where the affiant resides ... State where the guardian resides ... Post Office location ... state where the claimant resides ... state mentioned for official certification
usct_pension_files\A_B\Billups Peter Civil War Pension.pdf,11393,STAMPS,town,stamps,,,,18,location related to pension claim
usct_pension_files\A_B\Billups Peter Civil War Pension.pdf,11432,Virginia,state,,,virginia,,"2, 22, 23",State where the document is executed. ... state of residence ... appears in circular stamp context
usct_pension_files\A_B\Billups Peter Civil War Pension.pdf,11433,Norfolk | Norfolk City,county,norfolk,norfolk,virginia,,"2, 23, 45",County where the document is executed. ... Location where the Notary Public is acting. ... location of petitioner ... location of attorney
usct_pension_files\A_B\Billups Peter Civil War Pension.pdf,11438,Hertford,city,hertford,perquimans,north carolina,,"20, 35, 45",location of the letter's sender ... location where affidavit was written ... residence of witnesses
usct_pension_files\A_B\Billups Peter Civil War Pension.pdf,11439,Deep Bottom | Deep Bottom Hospital,battlefield,,,virginia,,"20, 32, 33, 35",location where the soldier died after the battle ... location where Peter Billups was killed ... site of battle where soldier was wounded ... site of the battle where Peter Billups was wounded ... hospital where Peter Billups died from wounds
usct_pension_files\A_B\Billups Peter Civil War Pension.pdf,11444,Pasquotank,county,,pasquotank,north carolina,,26,county part of claimants P.O. address
usct_pension_files\A_B\Billups Peter Civil War Pension.pdf,11463,Mississippi,state,,,mississippi,,2,mentioned in relation to rejection grounds
usct_pension_files\A_B\Billups Peter Civil War Pension.pdf,11464,Louisiana,state,,,louisiana,,2,mentioned in relation to rejection grounds
usct_pension_files\A_B\Billups Peter Civil War Pension.pdf,11465,Texas,state,,,texas,,2,mentioned in relation to rejection grounds
usct_pension_files\A_B\Billups Peter Civil War Pension.pdf,11466,Kentucky,state,,,kentucky,,2,mentioned in relation to rejection grounds
usct_pension_files\A_B\Billups Peter Civil War Pension.pdf,11467,Tennessee,state,,,tennessee,,2,mentioned in relation to rejection grounds
usct_pension_files\A_B\Billups Peter Civil War Pension.pdf,11468,Missouri,state,,,missouri,,2,mentioned in relation to rejection grounds
usct_pension_files\A_B\Billups Peter Civil War Pension.pdf,11469,Arkansas,state,,,arkansas,,2,mentioned in relation to rejection grounds
usct_pension_files\A_B\Billups Peter Civil War Pension.pdf,11473,West Virginia,state,,,w virginia,,2,appears in circular stamp context
usct_pension_files\A_B\Billups Peter Civil War Pension.pdf,11491,N. Carolina,state,,,north carolina,,32,state mentioned
usct_pension_files\A_B\Billups Peter Civil War Pension.pdf,11493,Chapanoke,town,chapanoke,perquimans,north carolina,,32,location mentioned in relation to the witness's oath
usct_pension_files\A_B\Billups Peter Civil War Pension.pdf,11496,Gate co | Gates Co | Gates,county,,gates,north carolina,,"32, 33, 42",county mentioned in reference to a person's residence ... county mentioned ... county where the affiant resides
usct_pension_files\A_B\Billups Peter Civil War Pension.pdf,11497,Merchant Mill | Merchant Mills P.O.,neighborhood,,gates,north carolina,,"32, 33",affiant's postal address ... post office mentioned as location of a certification
usct_pension_files\A_B\Billups Peter Civil War Pension.pdf,11502,Belvidere,town,belvidere,perquimans,north carolina,,35,affiant's post office address
usct_pension_files\A_B\Billups Peter Civil War Pension.pdf,11515,F Street,street,washington,,district of columbia,,39,location of attorney's office
usct_pension_files\A_B\Billups Peter Civil War Pension.pdf,11516,United States of America,country,,,,united states of america,39,country of the United States mentioned in the document
usct_pension_files\A_B\Billups Peter Civil War Pension.pdf,11535,U.S.C.Inf,other,,,,,46,Regiment designation for Peter Billups
usct_pension_files\A_B\Billups Peter Civil War Pension.pdf,11536,War Department,other,,,,,46,Organization processing the pension claim
usct_pension_files\A_B\Blake Isaac Civil War Pension.pdf,11517,NATIONAL ARCHIVES,other,,,,,1,location of document
usct_pension_files\A_B\Blake Isaac Civil War Pension.pdf,11533,McClellanville | McClellanville So Ca,town,mcclellanville,charleston,south carolina,,"2, 3, 5, 6, 7",Claimant's post office address ... post-office address of the claimant ... Post-office address for witnesses ... post office address of Isaac Blake ... location of applicant's address
usct_pension_files\A_B\Blake Isaac Civil War Pension.pdf,11540,Lauthin,other,,,,,4,noted in the document header as a division
usct_pension_files\A_B\Blake Isaac Civil War Pension.pdf,11541,New York,state,,,new york,,4,state where soldier's regiment is from
usct_pension_files\A_B\Blake Isaac Civil War Pension.pdf,11550,"Washington | Washington, D. C. | Washington D.C.",city,washington,,district of columbia,united states,"2, 6, 7, 8, 9",location of the Military Secretary's Office ... location of the attorney for the claimant ... Location of claimant's solicitor ... location of Bureau of Pensions ... one of the locations mentioned
usct_pension_files\A_B\Blake Isaac Civil War Pension.pdf,11553,Beaufort | Beaufort So Ca,town,beaufort,,south carolina,,"6, 9",location where the claimant was honorably discharged ... location near where soldier was discharged
usct_pension_files\A_B\Blake Isaac Civil War Pension.pdf,11555,Charleston | Charleston Co.,county,,charleston,south carolina,,"2, 5, 6, 7",Claimant's county of residence ... county where declaration was made ... Location where the affidavit was made ... location of residence
usct_pension_files\A_B\Blake Isaac Civil War Pension.pdf,11556,South Carolina,state,,,south carolina,,"2, 5, 6, 7",Claimant's state of residence ... state where declaration was made ... State of the witnesses' oath
usct_pension_files\A_B\Blake Isaac Civil War Pension.pdf,11610,Florida,state,,,florida,,2,one of the states listed
usct_pension_files\A_B\Blake Isaac Civil War Pension.pdf,11611,Georgia,state,,,georgia,,2,one of the states listed
usct_pension_files\A_B\Blake Isaac Civil War Pension.pdf,11612,Alabama,state,,,alabama,,2,one of the states listed
usct_pension_files\A_B\Blake Isaac Civil War Pension.pdf,11613,Mississippi,state,,,mississippi,,2,one of the states listed
usct_pension_files\A_B\Blake Isaac Civil War Pension.pdf,11614,Louisiana,state,,,louisiana,,2,one of the states listed
usct_pension_files\A_B\Blake Isaac Civil War Pension.pdf,11615,Texas,state,,,texas,,2,one of the states listed
usct_pension_files\A_B\Blake Isaac Civil War Pension.pdf,11616,Kentucky,state,,,kentucky,,2,one of the states listed
usct_pension_files\A_B\Blake Isaac Civil War Pension.pdf,11617,Tennessee,state,,,tennessee,,2,one of the states listed
usct_pension_files\A_B\Blake Isaac Civil War Pension.pdf,11618,Missouri,state,,,missouri,,2,one of the states listed
usct_pension_files\A_B\Blake Isaac Civil War Pension.pdf,11619,Arkansas,state,,,arkansas,,2,one of the states listed
usct_pension_files\A_B\Blake Isaac Civil War Pension.pdf,11621,U. S. C. T.,other,,,,,2,refers to United States Colored Troops
usct_pension_files\A_B\Booker John.pdf,11557,U.S.C.,other,,,,,1,military unit designation for soldiers
usct_pension_files\A_B\Bray Thomas Civil War Pension.pdf,11551,U.S.C.T,other,,,,,1,indicates the regiment's designation
usct_pension_files\A_B\Bray Thomas Civil War Pension.pdf,11559,"Washington | Washington D.C. | Washington, D. C.",city,washington,,district of columbia,united states,"10, 12, 14, 16, 3, 4, 7",mentioned in the context of correspondence ... location of printing and selling of documents ... location of War Department ... location of Commissioner of Pensions ... location of the Hon Comr Pensions ... location of the office for pensions ... location of Surgeon General's Office ... location of pension office
usct_pension_files\A_B\Bray Thomas Civil War Pension.pdf,11572,Norfolk | Norfolk County,city,norfolk,norfolk,virginia,,"10, 12, 2, 4, 6, 7",location of the applicant's post office ... location of applicant ... location of the writer's address ... residence of witnesses Jason Walker and Edmund Land ... address of the claimant Thomas Bray ... address of the applicant John J Fitzpatrick ... applicant's current residence ... county of residence for the applicant ... enrollment location for soldier ... muster in location for soldier
usct_pension_files\A_B\Bray Thomas Civil War Pension.pdf,11573,Brownsville,city,brownsville,,texas,,"12, 13, 15, 2, 6",location where rheumatism was alleged after service ... location where soldier contracted rheumatism ... location of disability and hospital treatment ... location of regiment hospital treatment ... location where applicant was treated for injuries ... location of military service where soldier was injured ... station of company
usct_pension_files\A_B\Bray Thomas Civil War Pension.pdf,11574,Virginia,state,,,virginia,,"2, 6",state where Norfolk is located ... state of residence for the applicant
usct_pension_files\A_B\Bray Thomas Civil War Pension.pdf,11575,Texas,state,,,texas,,2,state where Brownsville is located
usct_pension_files\A_B\Bray Thomas Civil War Pension.pdf,11580,Hampton,city,hampton,,virginia,,4,location where the examination is to be held
usct_pension_files\A_B\Bray Thomas Civil War Pension.pdf,11584,STAMPS,town,stamps,,,,11,location of the Pension Office
usct_pension_files\A_B\Bray Thomas Civil War Pension.pdf,11585,DEPARTMENT OF THE INTERIOR,other,,,,,11,department mentioned in the document
usct_pension_files\A_B\Bray Thomas Civil War Pension.pdf,11593,"U.S. DISTRICT COURT, EASTERN DIST. OF VIRGINIA",other,,,virginia,,7,jurisdiction under which the document was filed
usct_pension_files\A_B\Bray Thomas Civil War Pension.pdf,11597,Indianola,city,indianola,,texas,,"12, 6",location of discharge from military service ... muster out location for soldier
usct_pension_files\A_B\Bray Thomas Civil War Pension.pdf,11652,New Market Heights,battlefield,,,virginia,,12,location of a battle where soldier was wounded
usct_pension_files\A_B\Bray Thomas Civil War Pension.pdf,11560,--,other,,,,,9,document identifier
usct_pension_files\A_B\Bray Thomas Civil War Pension.pdf,11561,--,,,,,,8,--
usct_pension_files\A_B\Bray Thomas Civil War Pension.pdf,11562,--,,,,,,8,--
usct_pension_files\A_B\Brown (John) Mustifer Civil War Pension.pdf,474,Knoxville | Knoxville Agency,city,knoxville,knox,tennessee,,"2, 36",location of U.S. Pension Agent ... location of pension claim processing
usct_pension_files\A_B\Brown (John) Mustifer Civil War Pension.pdf,475,N Y S,state,,,new york,,3,Military unit designation
usct_pension_files\A_B\Brown (John) Mustifer Civil War Pension.pdf,480,Jupiter,town,jupiter,,,,5,name mentioned in connection with Sarah Brown
usct_pension_files\A_B\Brown (John) Mustifer Civil War Pension.pdf,486,Department of the Interior,other,,,,,"10, 13, 160",address of the records division ... agency handling pension claims ... government department overseeing pensions
usct_pension_files\A_B\Brown (John) Mustifer Civil War Pension.pdf,487,U.S. Pension Office | U. S. PENSION OFFICE | U. S. Pension Office,other,washington,,district of columbia,united states,"140, 169, 183, 30, 48, 52, 7",location of pension filing ... location of governmental authority for pensions ... location of pension office ... government office involved in pension matters ... official agency involved in pensions ... office location ... location of the pension office
usct_pension_files\A_B\Brown (John) Mustifer Civil War Pension.pdf,488,"Washington | Washington, D. C. | Washington, D.C. | Washington D. C.",city,washington,,district of columbia,united states,"11, 139, 145, 147, 15, 150, 152, 154, 155, 159, 16, 164, 165, 166, 167, 168, 17, 170, 171, 172, 174, 175, 177, 178, 18, 185, 187, 189, 19, 191, 21, 22, 23, 31, 33, 42, 45, 47, 49, 50, 51, 57, 6, 77, 8, 86, 89, 9, 95",location of pension document preparation ... location of the Bureau of Pensions ... location of the Record and Pension Office ... location of Bureau of Pensions ... location of pension and claim attorneys ... location of the claimant's representatives ... location where claim was filed ... location of the Treasury Department ... location of the Auditor for the War Department ... location of claimant's attorneys ... attorneys' location ... location of recognized attorney ... location of the pension office ... location of attorneys and solicitors of claims ... address of the attorneys and solicitors of claims ... location of claim attorneys ... location of publishers ... location of filing company ... location of law firm filing claim ... location of printer mentioned in the document ... location of filing for additional evidence ... location of filing office ... location of pension office ... address of the Record and Pension Office ... location of law firm representing the widow ... location of pension bureau ... location of the law firm involved ... location of stamp company ... location of the filing agency ... location of the Bureau of Pensions ... location of the attorneys Wm. FLETCHER & CO. ... address of recognized attorney ... location of the law firm and Commissioner of Pensions ... address for Commissioner of Pensions ... correspondence address to Hon. Commissioner of Pensions ... address of the attorney ... location of the pension claim office ... address of the pension claim attorney ... location of attorney's office ... location of Department of the Interior and Bureau of Pensions ... location of the Record and Pension Office and correspondence ... address of the Record and Pension Office ... office of the Bureau of Pensions ... location of filing ... location of Bureau of Pensions ... address for the Chief of the Record and Pension Office ... location of Record and Pension Office
usct_pension_files\A_B\Brown (John) Mustifer Civil War Pension.pdf,496,Southern Division,other,,,,,12,reference to division within Bureau of Pensions
usct_pension_files\A_B\Brown (John) Mustifer Civil War Pension.pdf,499,Santee,town,santee,,south carolina,,"164, 9",soldier's birthplace
usct_pension_files\A_B\Brown (John) Mustifer Civil War Pension.pdf,500,THE NATIONAL ARCHIVES,other,,,,,1,Institution related to pension documents
usct_pension_files\A_B\Brown (John) Mustifer Civil War Pension.pdf,501,CERT. NO.  576784,other,,,,,1,Certification number for the pension
usct_pension_files\A_B\Brown (John) Mustifer Civil War Pension.pdf,502,PENSIONER:        Bella,other,,,,,1,Name of the pensioner
usct_pension_files\A_B\Brown (John) Mustifer Civil War Pension.pdf,503,VETERAN: Mustifer Brown alias John Brown,other,,,,,1,Name of the veteran
usct_pension_files\A_B\Brown (John) Mustifer Civil War Pension.pdf,504,C NO:      49371,other,,,,,1,Claim number related to the pension
usct_pension_files\A_B\Brown (John) Mustifer Civil War Pension.pdf,505,BUNDLE NO:   15,other,,,,,1,Bundle number for the pension documents
usct_pension_files\A_B\Brown (John) Mustifer Civil War Pension.pdf,506,Cross | Cross Mills | Cross mills,town,cross,berkeley,south carolina,,"16, 17, 20, 21, 40, 89, 92, 93, 94, 95, 96",claimant's P.O. address ... post office address ... Post Office address of affiants ... Post Office address mentioned in the document ... widow's last known address ... address of claimant Sarah Brown ... location mentioned as proximity to marriage ceremony ... claimant's postal address ... listed as soldier's location ... Claimant's address ... Claimant's residence
usct_pension_files\A_B\Brown (John) Mustifer Civil War Pension.pdf,508,South Carolina | S. C. | S.C.,state,,berkeley,south carolina,united states,"109, 115, 131, 133, 135, 14, 144, 145, 146, 15, 150, 152, 155, 157, 16, 168, 18, 184, 185, 187, 189, 19, 191, 21, 27, 40, 47, 54, 63, 72, 77, 78, 85, 87, 88, 89, 92, 94, 95",state of the document ... state where Sarah Green resides ... mentioned in the oath of the notary public ... state of the claimant ... location of the affidavit ... location of claimant ... state of residence of claimant ... state where claimant resides ... State of residence of the claimant ... state where application was made ... State of the county where the claimant resides ... mentioned in correspondence ... the soldier's state ... state where special examination is conducted ... state of the affidavit ... state mentioned in official certification ... reference to the state where the individual resided ... State of residence for claimant ... mention of the state in the document ... state where the deposition was taken ... state in which the deposition took place ... location of deposition ... location of affidavit appearance ... state mentioned in deposition ... state where deposition was taken ... state of affidavit ... jurisdiction where document was executed ... state mentioned in legal context ... jurisdiction of the pension application ... state of residency ... state where company was stationed ... state mentioned in context of official certification ... state mentioned in documents ... location of pension document ... mentioned in jurisdiction ... mentioned in affiant's address ... mentioned in fact of burial
usct_pension_files\A_B\Brown (John) Mustifer Civil War Pension.pdf,509,Berkeley | BERKELEY | Berkeley Co | Berkeley County,county,moncks corner,berkeley,south carolina,,"109, 111, 115, 131, 133, 135, 14, 141, 144, 145, 146, 147, 15, 150, 151, 153, 154, 155, 156, 157, 16, 176, 18, 181, 184, 185, 186, 187, 188, 189, 19, 190, 191, 21, 63, 72, 77, 85, 88, 89, 94, 95, 98, 99","county where the document is notarized ... county of residence of Sarah Green ... mentioned in the oath of the notary public ... county of the claimant ... location of the affidavit ... county of residence of claimant ... county of residence of the applicant ... County of the claimant ... county of claimant's residence ... county where special examination is conducted ... county of the affidavit ... county mentioned in official certification ... specific county mentioned in the document ... county where St. Stephens is located ... county in which Russellville is located ... county in which deposition took place ... location of deposition ... county of affidavit appearance ... county mentioned in deposition ... location of affidavit ... county where deposition was taken ... location of county for affidavit ... county where document was executed ... jurisdiction in which affidavit is made ... the county where the claim is filed ... County of affidavit ... county of residence for widow ... location of witness account, post office address ... county mentioned in tax records ... location of the County Auditor's office ... county mentioned in context of official certification ... location of county court ... County where affidavit was made ... county of the document ... location of testimony and affidavit ... county of residence of affiants"
usct_pension_files\A_B\Brown (John) Mustifer Civil War Pension.pdf,514,Prioleau,street,prioleau,,south carolina,,"18, 88",post office address of Sarah Green ... Post Office address of witness
usct_pension_files\A_B\Brown (John) Mustifer Civil War Pension.pdf,523,"Pineville | PINEVILLE | Pineville, S.C. | Pineville S.C.",town,pineville,berkeley,south carolina,united states,"105, 109, 111, 113, 117, 119, 121, 123, 131, 133, 135, 137, 139, 165, 167, 190, 191, 26, 29, 33, 35, 36, 51, 54, 55, 56, 57, 58, 59, 61, 63, 64, 65, 67, 68, 69, 72, 75, 77, 79, 81, 85, 98, 99",P.O. address of the claimant ... location of the writer's correspondence ... address of widow Bella Brown ... post-office address of claimant Becca Brown ... address of Mrs. Bella Brown ... location of pensioner ... location of the certificate ... Claimant's post office address ... location of Georgie Jenkins ... location of Bella Brown ... location of the sender's address ... location of transaction for labor in digging grave ... address of correspondance ... location of correspondence ... P.O. Address of witnesses and medical personnel ... Location of nurse and mention of attendants ... Location where the pensioner lived during last sickness ... Claimant's address ... residence of Georgie Jenkins ... place where Bella Brown died ... soldier's address ... location of deposition ... residence of claimant ... location of special examination for pension claim ... location of claim ... Jesse Lloyd's residence ... pension claimant's residence ... current residence of witness Robert Marion ... place where Bella moved after John's death ... claimant's address ... husband's birthplace ... location where the deponent moved after being mustered out ... birthplace of Bella and Mustifer Brown ... soldier's birthplace ... post office location for affiants ... soldier's birthplace ... residence of affiants ... post office address of affiants
usct_pension_files\A_B\Brown (John) Mustifer Civil War Pension.pdf,530,Cross Mill,other,cross mill,,,,14,Post Office address of affiant
usct_pension_files\A_B\Brown (John) Mustifer Civil War Pension.pdf,531,Beaufort | Beaufort S.C. | Charleston | Charleston S.C,city,beaufort,beaufort,south carolina,united states,"101, 103, 104, 105, 106, 107, 109, 111, 113, 115, 117, 119, 121, 125, 126, 127, 128, 129, 131, 132, 134, 135, 137, 139, 14, 141, 149, 151, 153, 157, 158, 16, 163, 172, 184, 186, 188, 38, 75, 76, 79, 80, 82, 86, 92, 99","listed location of soldier ... location where soldier enlisted ... location where the soldier was during the war ... location of deposition ... location where soldiers were visited by wives or women ... mentioned as a place without further detail ... location where soldier was stationed with the 104th ... Bella visited Mustifer while he was a soldier ... place where Bella went during John's camp service, child's birthplace ... visited husband during the war ... location during the war ... location where soldier died ... enlistment location of soldier ... location of military service of John Bunn ... Enlistment location for the soldier ... location of soldier's death ... location of family residence after father's death ... location to which the brother took a declaration ... place where father died ... place where the family moved and attended church ... location where affiant signed papers ... address of claimant ... address of clergyman ... location where claim was submitted by brother ... place visited a year after husband died ... location where the deponent's husband died ... place where they lived and attended church ... location mentioned in relation to pension papers ... residence of the deponent ... location where John died ... place where Bella Brown moved to ... location mentioned regarding signing of papers ... mention of a notary in Charleston ... location where Mustifer Brown died ... location where Bella Brown and Mustopher moved ... location of Mustopher Brown's death ... location where Mustapher Brown died ... location of soldier's service and death ... Mustifer died there ... county of Charleston, location of deposition ... location of document return ... residence of Bella Brown after living near the deponent ... location during the war ... historical reference to the district name ... location where soldier died ... Place of soldier's death ... location of witness account, post office address ... county of residence ... death location of soldier ... near Charleston ... City where John Brown died ... place of soldier's death mentioned again ... residents of Charleston ... Post Office address ... funeral location ... affiant's residence ... residence of the witnesses and claimant"
usct_pension_files\A_B\Brown (John) Mustifer Civil War Pension.pdf,532,Mt Pleasant,city,mount pleasant,,south carolina,,"14, 148, 149, 155",discharge location of soldier ... enlistment location ... location of soldier's honorable discharge
usct_pension_files\A_B\Brown (John) Mustifer Civil War Pension.pdf,533,Williamsburg Co. | Williamsburg Dist S.C.,county,,williamsburg,south carolina,,"180, 27",claimant's location ... place of birth
usct_pension_files\A_B\Brown (John) Mustifer Civil War Pension.pdf,535,Stamps | STAMPS,city,stamps,,,,"169, 32, 34",location of pension office ... location of U.S. Pension Office ... location of Pension Office
usct_pension_files\A_B\Brown (John) Mustifer Civil War Pension.pdf,536,Trial,town,trial,,south carolina,,17,residence of E. F. Couturier and N. M. Jefferson
usct_pension_files\A_B\Brown (John) Mustifer Civil War Pension.pdf,546,ST. STEPHEN | St. Stephen | St Stephen | St. Stephen S. C. | St. Stephens | St Stephens | Saint Stephens | St Stephens Parish,town,saint stephen,berkeley,south carolina,united states,"101, 103, 104, 106, 107, 109, 111, 113, 115, 131, 133, 135, 137, 141, 144, 146, 148, 149, 150, 151, 152, 153, 154, 155, 186, 187, 188, 189, 190, 37, 51, 56, 64, 77, 78, 79, 80, 81, 86","location of account statement ... location of the witness and signer ... claimant's Post Office address ... town of residence for widow ... post office address of Bella Brown ... location of deposition ... Physician who attended the pensioner ... soldier's address ... claimant's post office address ... P.O. address for claimant ... destination of the signed paper sent from Charleston ... address of claimant ... location where first pension paper was signed ... location of the deponent's lawyer ... location of J. M. Wilder, whom she dealt with for her pension claim ... location referred to as where the husband died and wife returned to ... place where pension paper was signed ... Gabriel Middleton's post office and residence location ... claimant's residence ... affiant's residence ... location of claimant ... address of the claimant ... claimant's Post Office address ... Affiant's residence ... Affiant's post office address ... present post-office address of soldier ... Residence of affiants ... Post Office address of affiants ... location where affidavit was filed ... location where statements were made ... residence of affiants"
usct_pension_files\A_B\Brown (John) Mustifer Civil War Pension.pdf,553,Zion Church,church,,,,,16,location of marriage of claimant
usct_pension_files\A_B\Brown (John) Mustifer Civil War Pension.pdf,569,Pacolet,town,pacolet,,south carolina,united states,47,claimant's post-office address
usct_pension_files\A_B\Brown (John) Mustifer Civil War Pension.pdf,572,Bureau of Pensions | BUREAU OF PENSIONS,other,,,,,"160, 52",organization responsible for pensions ... specific bureau handling pension claims
usct_pension_files\A_B\Brown (John) Mustifer Civil War Pension.pdf,582,cemetery,cemetery,,,,,"57, 67, 69",related to cemetery expenses discussed in the letter ... mentioned in the claim for reimbursement for Bella Brown ... charges for burial expenses
usct_pension_files\A_B\Brown (John) Mustifer Civil War Pension.pdf,584,Greely Ville,town,greely ville,,south carolina,,59,location of receipt for funeral expenses
usct_pension_files\A_B\Brown (John) Mustifer Civil War Pension.pdf,586,Greeleyville,town,greeleyville,,south carolina,,51,location of the undertaking company
usct_pension_files\A_B\Brown (John) Mustifer Civil War Pension.pdf,589,Georgie Jenkins,other,,,,,62,responsible for pension payment
usct_pension_files\A_B\Brown (John) Mustifer Civil War Pension.pdf,590,Bella Brown,other,,,,,62,late pensioner
usct_pension_files\A_B\Brown (John) Mustifer Civil War Pension.pdf,593,Unknown,other,,,,,70,document is a reimbursement case
usct_pension_files\A_B\Brown (John) Mustifer Civil War Pension.pdf,597,Summerville,town,summerville,,south carolina,,"129, 65",P.O. Address of Notary Public ... place of residence
usct_pension_files\A_B\Brown (John) Mustifer Civil War Pension.pdf,609,Bluford Plantation,plantation,,saint stephens parish then charleston,south carolina,,"148, 149, 155, 63",location where Bella Brown was buried ... affiant's birthplace and place of upbringing ... place of birth and upbringing ... location of marriage ceremony
usct_pension_files\A_B\Brown (John) Mustifer Civil War Pension.pdf,615,North Carolina,state,,,north carolina,,"40, 96",mentioned in correspondence ... state where marriages were alleged to have taken place
usct_pension_files\A_B\Brown (John) Mustifer Civil War Pension.pdf,617,Florida | Fla,state,,,florida,,"119, 40",mentioned in correspondence ... state where Georgia lives now
usct_pension_files\A_B\Brown (John) Mustifer Civil War Pension.pdf,618,Georgia,state,,,georgia,united states,"102, 149, 163, 40, 78, 84",mentioned in correspondence ... duplicate entries for children associated with the pension ... location of claimant ... only living child of the deceased ... location of one living child ... location where soldiers enlisted
usct_pension_files\A_B\Brown (John) Mustifer Civil War Pension.pdf,619,Alabama,state,,,alabama,,40,mentioned in correspondence
usct_pension_files\A_B\Brown (John) Mustifer Civil War Pension.pdf,620,Mississippi,state,,,mississippi,,40,mentioned in correspondence
usct_pension_files\A_B\Brown (John) Mustifer Civil War Pension.pdf,621,Louisiana,state,,,louisiana,,40,mentioned in correspondence
usct_pension_files\A_B\Brown (John) Mustifer Civil War Pension.pdf,622,Texas,state,,,texas,,40,mentioned in correspondence
usct_pension_files\A_B\Brown (John) Mustifer Civil War Pension.pdf,623,Kentucky,state,,,kentucky,,40,mentioned in correspondence
usct_pension_files\A_B\Brown (John) Mustifer Civil War Pension.pdf,624,Tennessee,state,,,tennessee,,40,mentioned in correspondence
usct_pension_files\A_B\Brown (John) Mustifer Civil War Pension.pdf,625,Missouri,state,,,missouri,,40,mentioned in correspondence
usct_pension_files\A_B\Brown (John) Mustifer Civil War Pension.pdf,626,Arkansas,state,,,arkansas,,40,mentioned in correspondence
usct_pension_files\A_B\Brown (John) Mustifer Civil War Pension.pdf,627,District of Columbia,territory,,,district of columbia,,40,mentioned in correspondence
usct_pension_files\A_B\Brown (John) Mustifer Civil War Pension.pdf,632,Berkley | Berkley Co | Berkley Co. | Berkley county,county,,berkley,south carolina,,"152, 78, 79, 92, 96",the soldier's county ... County of residence for claimant ... Location of the church where marriage took place ... location referenced in claim ... location of marriage to John Brown ... location of second marriage claim ... county mentioned for legal filing
usct_pension_files\A_B\Brown (John) Mustifer Civil War Pension.pdf,649,Simmons St.,street,,,,,"105, 108, 75",location of the church attended by the family ... location of Israel church ... location of church where John Brown attended
usct_pension_files\A_B\Brown (John) Mustifer Civil War Pension.pdf,650,Hogan,town,hogan,,florida,,75,personal address of Georgia Parson
usct_pension_files\A_B\Brown (John) Mustifer Civil War Pension.pdf,666,Charles,other,,,,,86,mentioned in relation to W. M. Molen's execution of declaration
usct_pension_files\A_B\Brown (John) Mustifer Civil War Pension.pdf,682,Melen,other,,,,,87,location where the brother of the claimant went to prepare a declaration
usct_pension_files\A_B\Brown (John) Mustifer Civil War Pension.pdf,683,Wilder,other,,,,,87,the location where the claimant's first paper was signed
usct_pension_files\A_B\Brown (John) Mustifer Civil War Pension.pdf,684,U. S.,country,,,,united states,87,reference to the Pension Office in the United States
usct_pension_files\A_B\Brown (John) Mustifer Civil War Pension.pdf,710,HOLLY HILL,town,holly hill,,south carolina,,98,location of a merchant
usct_pension_files\A_B\Brown (John) Mustifer Civil War Pension.pdf,711,EADYTOWN,town,eadytown,,south carolina,,98,location of a merchant
usct_pension_files\A_B\Brown (John) Mustifer Civil War Pension.pdf,715,Friarson,town,friarson,,,,100,location where Warren lives
usct_pension_files\A_B\Brown (John) Mustifer Civil War Pension.pdf,722,Sedgewood Plantation,plantation,,berkly,,,90,birthplace of Sarah Brown
usct_pension_files\A_B\Brown (John) Mustifer Civil War Pension.pdf,723,Cassawder Plantation,plantation,,,,,90,location where Sarah Brown lived when she became acquainted with the soldier
usct_pension_files\A_B\Brown (John) Mustifer Civil War Pension.pdf,724,Springplain,church,,,,,90,location where Sarah Brown was married to the soldier by Edwin Washington ... location where Sarah Brown lived for one year after Westpoint
usct_pension_files\A_B\Brown (John) Mustifer Civil War Pension.pdf,725,Jacksonville,town,jacksonville,,,,90,location where Sarah Brown lived after marriage
usct_pension_files\A_B\Brown (John) Mustifer Civil War Pension.pdf,726,Westpoint,town,westpoint,,,,90,location where Sarah Brown lived after Jacksonville and where she moved back to
usct_pension_files\A_B\Brown (John) Mustifer Civil War Pension.pdf,728,Walworth | Walworth plantation,plantation,,,,,90,location where the soldier lived when Sarah Brown became acquainted with him ... previous owner of the soldier at the time of his marriage to Sarah Brown
usct_pension_files\A_B\Brown (John) Mustifer Civil War Pension.pdf,737,Chinkeypin Lane,street,,,,,105,alternate name for Simmons St. church location
usct_pension_files\A_B\Brown (John) Mustifer Civil War Pension.pdf,739,Wisher farm,other,,,,,104,location of burial
usct_pension_files\A_B\Brown (John) Mustifer Civil War Pension.pdf,743,King St.,street,,,,,"108, 119",location related to church where John Brown attended ... location of Huneman Tenement
usct_pension_files\A_B\Brown (John) Mustifer Civil War Pension.pdf,744,Dischi's farm,plantation,,,,,108,burial place of John Brown
usct_pension_files\A_B\Brown (John) Mustifer Civil War Pension.pdf,761,Bella,other,,,,,122,location mentioned as a reference point
usct_pension_files\A_B\Brown (John) Mustifer Civil War Pension.pdf,770,Russellville,town,russellville,berkeley,south carolina,,115,location of deposition
usct_pension_files\A_B\Brown (John) Mustifer Civil War Pension.pdf,786,Santee River,other,,,,,125,soldier's birthplace
usct_pension_files\A_B\Brown (John) Mustifer Civil War Pension.pdf,794,McClellanville,town,,,south carolina,,127,soldier's birthplace
usct_pension_files\A_B\Brown (John) Mustifer Civil War Pension.pdf,796,Edisto Hill,village,,charleston,south carolina,,119,residence of Sylvia Brown
usct_pension_files\A_B\Brown (John) Mustifer Civil War Pension.pdf,798,Three Mile House,other,charleston,charleston,south carolina,,119,post office for Sylvia Brown
usct_pension_files\A_B\Brown (John) Mustifer Civil War Pension.pdf,799,Huneman Tenement,other,,,,,119,location where John Brown died
usct_pension_files\A_B\Brown (John) Mustifer Civil War Pension.pdf,804,U S C T | U.S.C.T.,other,,,,,"142, 182",regiment designation ... indicates the unit designation (United States Colored Troops) related to the soldier
usct_pension_files\A_B\Brown (John) Mustifer Civil War Pension.pdf,862,So Ca,state,,,south carolina,,"151, 153, 154, 188, 190",state abbreviation ... jurisdiction in which affidavit is made ... State designation in affidavit ... mentioned in legal jurisdiction ... part of the affidavit location
usct_pension_files\A_B\Brown (John) Mustifer Civil War Pension.pdf,873,Moncks Corner | Monck's Corner,town,moncks corner,berkeley,south carolina,,"156, 176, 181",residences of witnesses Cain Wright and Quash Joy ... office location of the auditor ... location where the letter was written
usct_pension_files\A_B\Brown (John) Mustifer Civil War Pension.pdf,883,U.S.C. Inf.,other,,,,,161,unit designation
usct_pension_files\A_B\Brown (John) Mustifer Civil War Pension.pdf,887,Widow's No 523782,other,,,,,161,pension claim number
usct_pension_files\A_B\Brown (John) Mustifer Civil War Pension.pdf,888,So. Div.,other,,,,,161,military division reference
usct_pension_files\A_B\Brown (John) Mustifer Civil War Pension.pdf,903,John Brown,other,,,,,160,claimant and soldier
usct_pension_files\A_B\Brown (John) Mustifer Civil War Pension.pdf,904,A 104 USC Inf.,military_post,,,,,160,regiment designation of the soldier
usct_pension_files\A_B\Brown (John) Mustifer Civil War Pension.pdf,909,Ithaca,city,ithaca,,new york,,141,"location of witness account, post office address"
usct_pension_files\A_B\Brown (John) Mustifer Civil War Pension.pdf,910,Givhans,town,givhans,dorchester,south carolina,,141,"location of witness account, post office address"
usct_pension_files\A_B\Brown (John) Mustifer Civil War Pension.pdf,911,James Island,town,james,,south carolina,,141,"location of witness account, post office address"
usct_pension_files\A_B\Brown (John) Mustifer Civil War Pension.pdf,912,Tattnall Co,county,,tattnall,georgia,,141,"location of witness account, post office address"
usct_pension_files\A_B\Brown (John) Mustifer Civil War Pension.pdf,913,Pinopolis,town,pinopolis,berkeley,south carolina,,141,"location of witness account, post office address"
usct_pension_files\A_B\Brown (John) Mustifer Civil War Pension.pdf,914,Keo,town,keo,lonoke,arkansas,,141,"location of witness account, post office address"
usct_pension_files\A_B\Brown (John) Mustifer Civil War Pension.pdf,915,Kingstree,town,kingstree,williamsburg,south carolina,,141,"location of witness account, post office address"
usct_pension_files\A_B\Brown (John) Mustifer Civil War Pension.pdf,917,Sumter,city,sumter,sumter,south carolina,,141,"location of witness account, post office address"
usct_pension_files\A_B\Brown (John) Mustifer Civil War Pension.pdf,918,Awensdaw,town,awensdaw,charleston,south carolina,,141,"location of witness account, post office address"
usct_pension_files\A_B\Brown (John) Mustifer Civil War Pension.pdf,921,Oreginal,other,,,,,173,referenced in relation to military records
usct_pension_files\A_B\Brown (John) Mustifer Civil War Pension.pdf,924,"Post Hosp. Beaufort, S. C.",military_post,beaufort,,south carolina,united states,171,location where soldier died
usct_pension_files\A_B\Brown (John) Mustifer Civil War Pension.pdf,931,Gravel,town,gravel,berkeley,south carolina,,157,residence of widow
usct_pension_files\A_B\Brown (John) Mustifer Civil War Pension.pdf,934,Goose Creek,town,goose creek,,south carolina,,157,discharge location of soldier
usct_pension_files\A_B\Brown (John) Mustifer Civil War Pension.pdf,936,Pinapolis,town,pinapolis,,south carolina,,157,marriage location of widow and soldier
usct_pension_files\A_B\Brown (John) Mustifer Civil War Pension.pdf,941,"Georgetown, S.C.",town,georgetown,georgetown,south carolina,united states,168,location of soldier's enlistment
usct_pension_files\A_B\Brown (John) Mustifer Civil War Pension.pdf,949,Battle of Gettysburg,battlefield,,,pennsylvania,united states,163,battle where soldier fought
usct_pension_files\A_B\Brown (John) Mustifer Civil War Pension.pdf,950,Virginia,state,,,virginia,united states,163,site of military conflict
usct_pension_files\A_B\Brown (John) Mustifer Civil War Pension.pdf,951,Ashland,town,ashland,hanover,virginia,united states,163,place of residence after the war
usct_pension_files\A_B\Brown (John) Mustifer Civil War Pension.pdf,952,Old Oak Cemetery,cemetery,,,,,163,where soldier is buried
usct_pension_files\A_B\Brown (John) Mustifer Civil War Pension.pdf,953,Smith Plantation,plantation,,,,,163,place where soldier worked
usct_pension_files\A_B\Brown (John) Mustifer Civil War Pension.pdf,964,Flutela,town,,,south carolina,,185,address of signatories
usct_pension_files\A_B\Brown (John) Mustifer Civil War Pension.pdf,1003,--,city,,,,,183,not specified
usct_pension_files\A_B\Brown (John) Mustifer Civil War Pension.pdf,1004,--,city,,,,,183,not specified
usct_pension_files\A_B\Brown (John) Mustifer Civil War Pension.pdf,485,--,other,,,,,4,document heading
usct_pension_files\A_B\Brown (John) Mustifer Civil War Pension.pdf,518,--,,,,,,24,--
usct_pension_files\A_B\Brown (John) Mustifer Civil War Pension.pdf,544,--,,,,,,39,no specific location mentioned
usct_pension_files\A_B\Brown (John) Mustifer Civil War Pension.pdf,557,--,other,,,,,46,signature of official
usct_pension_files\A_B\Brown (John) Mustifer Civil War Pension.pdf,561,--,,,,,,44,record not found
usct_pension_files\A_B\Brown (John) Mustifer Civil War Pension.pdf,562,--,,,,,,44,reference to files
usct_pension_files\A_B\Brown (John) Mustifer Civil War Pension.pdf,576,--,,,,,,60,header information
usct_pension_files\A_B\Brown (John) Mustifer Civil War Pension.pdf,595,--,cemetery,,,,,68,location of cemetery expenses
usct_pension_files\A_B\Brown (John) Mustifer Civil War Pension.pdf,604,--,,,,,,71,--
usct_pension_files\A_B\Brown (John) Mustifer Civil War Pension.pdf,636,--,,,,,,66,--
usct_pension_files\A_B\Brown (John) Mustifer Civil War Pension.pdf,637,--,,,,,,66,--
usct_pension_files\A_B\Brown (John) Mustifer Civil War Pension.pdf,638,--,,,,,,66,--
usct_pension_files\A_B\Brown (John) Mustifer Civil War Pension.pdf,639,--,,,,,,66,--
usct_pension_files\A_B\Brown (John) Mustifer Civil War Pension.pdf,640,--,,,,,,66,--
usct_pension_files\A_B\Brown (John) Mustifer Civil War Pension.pdf,641,--,,,,,,66,--
usct_pension_files\A_B\Brown (John) Mustifer Civil War Pension.pdf,642,--,,,,,,66,--
usct_pension_files\A_B\Brown (John) Mustifer Civil War Pension.pdf,643,--,,,,,,66,--
usct_pension_files\A_B\Brown (John) Mustifer Civil War Pension.pdf,644,--,,,,,,66,--
usct_pension_files\A_B\Brown (John) Mustifer Civil War Pension.pdf,645,--,,,,,,66,--
usct_pension_files\A_B\Brown (John) Mustifer Civil War Pension.pdf,662,--,,,,,,91,--
usct_pension_files\A_B\Brown (John) Mustifer Civil War Pension.pdf,672,--,,,,,,97,--
usct_pension_files\A_B\Brown (John) Mustifer Civil War Pension.pdf,716,--,county,,,,,100,regional mention
usct_pension_files\A_B\Brown (John) Mustifer Civil War Pension.pdf,717,--,town,,,,,100,Referencing proximity to the speaker's residence
usct_pension_files\A_B\Brown (John) Mustifer Civil War Pension.pdf,718,--,county,,,,,100,Referencing proximity to speaker's brother's residence
usct_pension_files\A_B\Brown (John) Mustifer Civil War Pension.pdf,732,--,county,,,,,103,location of the deposition
usct_pension_files\A_B\Brown (John) Mustifer Civil War Pension.pdf,733,--,state,,,,,103,location of the deposition
usct_pension_files\A_B\Brown (John) Mustifer Civil War Pension.pdf,738,--,,,,,,105,--
usct_pension_files\A_B\Brown (John) Mustifer Civil War Pension.pdf,748,--,other,,,,,120,deponent's location during the deposition
usct_pension_files\A_B\Brown (John) Mustifer Civil War Pension.pdf,751,--,other,,,,,118,mentions of individuals but no specific location
usct_pension_files\A_B\Brown (John) Mustifer Civil War Pension.pdf,752,--,other,,,,,118,deponent's location during deposition
usct_pension_files\A_B\Brown (John) Mustifer Civil War Pension.pdf,765,--,county,,,,,124,--
usct_pension_files\A_B\Brown (John) Mustifer Civil War Pension.pdf,781,--,,,,,,109,--
usct_pension_files\A_B\Brown (John) Mustifer Civil War Pension.pdf,782,--,,,,,,130,--
usct_pension_files\A_B\Brown (John) Mustifer Civil War Pension.pdf,791,--,,,,,,138,--
usct_pension_files\A_B\Brown (John) Mustifer Civil War Pension.pdf,808,--,,,,,,136,--
usct_pension_files\A_B\Brown (John) Mustifer Civil War Pension.pdf,809,--,,,,,,136,--
usct_pension_files\A_B\Brown (John) Mustifer Civil War Pension.pdf,810,--,,,,,,136,--
usct_pension_files\A_B\Brown (John) Mustifer Civil War Pension.pdf,811,--,,,,,,136,--
usct_pension_files\A_B\Brown (John) Mustifer Civil War Pension.pdf,812,--,,,,,,143,reference to soldier's birthplace
usct_pension_files\A_B\Brown (John) Mustifer Civil War Pension.pdf,824,--,,,,,,135,--
usct_pension_files\A_B\Brown (John) Mustifer Civil War Pension.pdf,861,--,,,,,,149,--
usct_pension_files\A_B\Brown (John) Mustifer Civil War Pension.pdf,872,--,,,,,,162,--
usct_pension_files\A_B\Brown (John) Mustifer Civil War Pension.pdf,901,--,,,,,,160,--
usct_pension_files\A_B\Brown (John) Mustifer Civil War Pension.pdf,902,--,,,,,,160,--
usct_pension_files\A_B\Brown (John) Mustifer Civil War Pension.pdf,905,--,,,,,,160,--
usct_pension_files\A_B\Brown Adam Civil War Pension.pdf,967,"Washington | WASHINGTON D.C. | Washington, D.C. | Washington, D. C. | Washington D. C. | Washington D.C.",city,washington,,district of columbia,united states,"1, 11, 12, 13, 14, 17, 2, 22, 3, 31, 34, 36, 4, 6, 7",location of the Bureau of Pensions ... location of printing service ... location of printing office ... location of document receipt ... location of the Bureau of Pensions ... location of bureau of pensions ... address of the pensions commissioner ... address of the Bureau of Pensions ... location of Bureau of Pensions ... location of pension bureau ... address of the Commissioner of Pensions ... printing location of document ... location of Record and Pension Office
usct_pension_files\A_B\Brown Adam Civil War Pension.pdf,985,Summerville | Summerville P.O. | Summerville S. C.,town,summerville,berkeley,south carolina,united states,"1, 11, 12, 13, 14, 17, 20, 21, 22, 23, 24, 25, 26, 27, 28, 29, 3, 33, 34, 35, 36, 4, 5, 6, 7, 9","address of the recipient ... location of letter sender ... address of Mrs. Ann Brown ... location of claimant's address ... post office address of the claimant ... mentioned as the address of E. J. Tighe ... address of claimant Ann Brown ... residence of claimant Ann Brown ... location of murder of applicant ... soldier's late residence ... claimant's residence ... residence of Ann Brown ... residence of witnesses ... place of residence for Ann Brown ... place of death for Samuel Brown ... affiant's post office address ... location of filing ... location of Samuel Brown's death and burial ... residence of William Regular ... where Samuel Brown was virtually a pauper ... affiants' post office address ... location of filed claim ... residents of the vicinity, affiants' address ... final residence of claimant ... appointed attorney's location ... location of child's death ... Post Office reference for McKeun place ... location where application was sent ... location where the application was deposited ... location of application submission ... residence of witnesses"
usct_pension_files\A_B\Brown Adam Civil War Pension.pdf,986,Berkeley Co. | Berkeley | Berkeley County,county,,berkeley,south carolina,,"1, 21, 22, 23, 25, 26, 27, 29, 33, 34, 35, 36, 5, 6","location of the town of Summerville ... county of the claimant's residence ... location of legal proceedings ... county where affidavit is made ... location of residence of soldier ... location of courthouses and affidavits ... county of residence for the widow, Ann Brown ... location of affiant's post office address ... location of deposition ... county mentioned in the affidavit ... county mentioned in relation to pension claim ... county mentioned in relation to the marriage ceremony ... location of pension claim ... jurisdiction of the declaration"
usct_pension_files\A_B\Brown Adam Civil War Pension.pdf,996,STAMPS,town,stamps,,,,"15, 30, 8",location of U.S. Pension Office ... mentioned as a location involved in the pension process ... location of pension claim
usct_pension_files\A_B\Brown Adam Civil War Pension.pdf,1002,South Carolina,state,,,south carolina,united states,"17, 21, 22, 23, 24, 25, 26, 27, 29, 3, 34, 35, 36, 5, 6",state where Summerville is located ... state where the claimant resides ... location of legal proceedings ... part of the jurisdiction where affidavit is made ... state of residence for soldier ... state where events occurred ... mentioned as part of jurisdiction ... state of residence for the pension declaration ... state mentioned in the affidavit ... location of deposition ... state mentioned multiple times in affidavit ... location of pension claim ... jurisdiction of the declaration
usct_pension_files\A_B\Brown Adam Civil War Pension.pdf,1032,Culbertson,other,culbertson,,,,"18, 37",name mentioned as part of the correspondence ... location of the examiner
usct_pension_files\A_B\Brown Adam Civil War Pension.pdf,1033,Bureau of Pensions,other,,,,,19,institution handling pension claims
usct_pension_files\A_B\Brown Adam Civil War Pension.pdf,1038,Berkley,county,,berkley,south carolina,,20,county of soldier's residence
usct_pension_files\A_B\Brown Adam Civil War Pension.pdf,1056,James Island | James Blanton place,other,,berkeley,south carolina,,"27, 32",place of birth ... previous residence after returning from army
usct_pension_files\A_B\Brown Adam Civil War Pension.pdf,1062,Charleston | Charleston S.C.,city,charleston,charleston,south carolina,,"21, 23, 27, 28, 35","place where Samuel Brown enlisted ... original county name, mentioned in marriage context ... place of residence ... location where Samuel Brown enlisted ... place of enlistment"
usct_pension_files\A_B\Brown Adam Civil War Pension.pdf,1064,Whaleys Plantation,plantation,,berkeley,south carolina,,21,location where Ann Brown was married
usct_pension_files\A_B\Brown Adam Civil War Pension.pdf,1075,U. S. Col. Inf.,military_post,,,,,37,regiment's designation
usct_pension_files\A_B\Brown Adam Civil War Pension.pdf,1077,Colleton,county,,colleton,south carolina,,33,county mentioned in the affidavit
usct_pension_files\A_B\Brown Adam Civil War Pension.pdf,1097,Wassamassaw County of Charleston (now Berkeley) | Wassamaw County of Charleston,county,,wassamassaw county of charleston now berkeley,south carolina,,"27, 28",place of Samuel Brown's birth ... place of birth
usct_pension_files\A_B\Brown Adam Civil War Pension.pdf,1099,Monck's Corner,town,moncks corner,berkeley,south carolina,,27,post office location
usct_pension_files\A_B\Brown Adam Civil War Pension.pdf,1101,Peter Varner's place,plantation,,berkeley,south carolina,,27,location near residence
usct_pension_files\A_B\Brown Adam Civil War Pension.pdf,1102,Sheep Island,plantation,,berkeley,south carolina,,27,place purchased by Samuel Brown
usct_pension_files\A_B\Brown Adam Civil War Pension.pdf,1108,Mt Pleasant S.C.,city,mount pleasant,,south carolina,,23,place of honorable discharge
usct_pension_files\A_B\Brown Adam Civil War Pension.pdf,1109,George Whaley Plantation,plantation,,berkeley,south carolina,,23,location of marriage to Samuel Brown
usct_pension_files\A_B\Brown Adam Civil War Pension.pdf,1112,George Wholeys plantation,plantation,,,,,28,location of marriage
usct_pension_files\A_B\Brown Adam Civil War Pension.pdf,1116,McKeun place,plantation,,,south carolina,,28,potential birthplace of Samuel Brown
usct_pension_files\A_B\Brown Adam Civil War Pension.pdf,1029,--,other,,,,,16,document identifiers
usct_pension_files\A_B\Brown Adam Civil War Pension.pdf,1030,--,other,,,,,16,document identifiers
usct_pension_files\A_B\Brown Adam Civil War Pension.pdf,1031,--,other,,,,,16,document identifiers
usct_pension_files\A_B\Brown Frederick Civil War Pension.pdf,1068,Knoxville,city,knoxville,,tennessee,,"2, 28",Original Roll registration ... location of pension agency
usct_pension_files\A_B\Brown Frederick Civil War Pension.pdf,1069,National Archives,other,,,,,1,location of soldier's certificate
usct_pension_files\A_B\Brown Frederick Civil War Pension.pdf,1082,Rebecca Brown,other,,,,,"12, 5",Claimant's name ... claimant's name
usct_pension_files\A_B\Brown Frederick Civil War Pension.pdf,1092,Beaufort | Beaufort Co | Beaufort Dist | Beaufort Co. | Beaufort Co. S.C. | Beaufort S. Ca | Beaufort S. C | Beaufort S. C. | Beaufort S.C. | Charleston | Charleston S.C. | Chas. S.C.,county,beaufort,beaufort,south carolina,united states,"10, 11, 13, 14, 15, 17, 19, 21, 27, 3, 30, 32, 33, 34, 35, 36, 37, 38, 39, 4, 40, 41, 42, 43, 44, 45, 46, 47, 49, 50, 51, 52, 53, 54, 56, 57, 58, 59, 6, 60, 61, 62, 63, 65, 66, 67, 69, 7, 70, 9",county where Port Royal is located ... county mentioned in the location of deposition ... county of the claimant ... location of special examination ... county where deposition took place ... county where deposition was taken ... county mentioned in the address ... County of the claimant ... location of Board of Surgeons ... residence of R. S. Myer ... Attorney's post office address ... county mentioned in the affidavit ... location of claimant E. A. Crofut ... location of post office for applicant ... county where the notary is located ... location of claim filed ... post office location ... county mentioned in legal context ... location where affidavit was written ... Claimant's post-office address. ... location of Pension Claim ... Post-Office address ... county where pension declaration is made ... pension attorney's location ... location related to the claimant ... location of U.S. Claim Agent R. F. Greaves ... birthplace of the soldier ... Claimant's county of residence ... county mentioned in affidavit ... location of notarization ... mentioned as the county of the affidavit's origin ... residential location of the affiant ... Post Office address of the affiant ... county where affidavit was made ... location of the affidavit ... location of affidavit ... location of certification and affidavit ... mention of filing by Rebecca Brown ... county of the pension claim ... residence of affiant ... location of marriage ceremony ... county in which the affidavit was sworn ... location of the pension attorney ... post office address of Richard Heyward ... County mentioned in the document ... Location of the pension attorney ... location of medical examination board ... county of the soldier's residence ... location of the general affidavit ... marriage location between claimant and soldier ... county where records are kept ... location where application filed by E. A. Crofut ... property statement ... assessment record ... marriage and dependency ... same as Heyward ... location of pension application ... post office address of affiant ... location of document ... location of honorable discharge from military service ... discharge location ... location of correspondence ... Company's approval for attorney
usct_pension_files\A_B\Brown Frederick Civil War Pension.pdf,1093,"Washington | Washington, D. C. | Washington, D.C.",city,washington,,district of columbia,united states,"14, 3, 37, 39, 43, 52, 53, 55, 57, 59, 6, 61, 63, 64, 66, 70",location of the Hon. Commission of Pensions ... location of pension commissioner's office ... location of printing company ... address of the printing and selling company W. H. MOORE & Co. ... address of the company selling the document ... location of Bureau of Pensions ... address of the Record and Pension Office ... place of the pension attorney's sale offering ... location where stamps were sold ... location of publisher ... location of sale ... location of the business selling the document ... City where the document states the claim is for sale ... location of claim filing ... location of Bureau of Pensions ... mentioned as part of military service
usct_pension_files\A_B\Brown Frederick Civil War Pension.pdf,1119,Port Royal | Port Royal Bft | Port Royal S. C. | Port Royal SC,town,port royal,beaufort,south carolina,,"10, 11, 13, 15, 17, 19, 21, 23, 27, 29, 3, 30, 32, 33, 34, 35, 36, 38, 4, 40, 41, 42, 44, 46, 47, 49, 50, 51, 56, 58, 62, 64, 65, 67, 69, 7, 9","location of deposition ... post-office address of the deponent ... claimant's address ... Rebecca Brown's post-office address and location where husband died ... location where Frederick Brown died ... location of special examination ... claimant was living there at the time ... location of claimant's residence ... post-office address of witness ... witness's post-office address ... address of pensioner's post office ... P.O. address for the claimant ... location of soldier's residence ... location of physician's practice ... address of Frederick Brown ... Claimant's post office address ... the place of residence of the physician, Miles B. Cope M.D. ... location of widow's application ... citizen of the town ... location of the physician ... residence of Frederick Brown ... claimant's post-office address ... residence of M Epstein ... residence of claimant ... location of the land owned by Frederick Brown ... resident location of affiant and location of the claimant ... location of interest in property mentioned ... post office address of affiant ... recipient's location ... location of notary public signature ... Post Office address of affiants ... resident of Richard Heyward ... post office of the soldier ... residence of affiant ... death location of soldier's first wife ... death location of soldier Frederick Brown ... Claimant's post-office address. ... address of widow ... property statement ... death and marriage records"
usct_pension_files\A_B\Brown Frederick Civil War Pension.pdf,1121,South Carolina | S. C. | So Carolina,state,,,south carolina,united states,"10, 11, 13, 21, 27, 3, 32, 36, 38, 4, 40, 42, 43, 50, 51, 56, 57, 59, 60, 61, 65, 66, 67, 7, 70, 9",state where Port Royal and Beaufort are located ... state mentioned in the location of deposition ... state of the county ... location of special examination ... state where deposition was taken ... State of the claimant ... Claimant's state ... referenced as the state where the affidavit is filed ... location of claimant and application ... state where the claim is filed ... state mentioned in legal context ... mention of state ... jurisdiction of Notary Public J. H. Smith ... state in which the affidavit was made ... location of affidavit ... location of the affidavit ... official certification ... state of pension claim ... state of affidavit ... jurisdiction of the affidavit ... state where all locations mentioned are ... State mentioned in the document ... state of the soldier's residence
usct_pension_files\A_B\Brown Frederick Civil War Pension.pdf,1138,Geo Chisholm,other,,,,,16,man living with deponent after husband died ... deponent lived with Geo Chisholm after leaving soldier
usct_pension_files\A_B\Brown Frederick Civil War Pension.pdf,1150,Barrington,town,barrington,,,,31,Reviewer in pension document
usct_pension_files\A_B\Brown Frederick Civil War Pension.pdf,1168,Ladies Island,other,,,,,35,location of William Johnson's residence
usct_pension_files\A_B\Brown Frederick Civil War Pension.pdf,1184,N. C. | North Carolina,state,,,north carolina,,"3, 4",mentioned in claim dates ... mentioned as part of military service
usct_pension_files\A_B\Brown Frederick Civil War Pension.pdf,1186,FLA. | Florida,state,,,florida,,"3, 4",mentioned in claim dates ... mentioned as part of military service
usct_pension_files\A_B\Brown Frederick Civil War Pension.pdf,1187,GA. | Georgia,state,,,georgia,,"3, 4",mentioned in claim dates ... mentioned as part of military service
usct_pension_files\A_B\Brown Frederick Civil War Pension.pdf,1188,ALA. | Alabama,state,,,alabama,,"3, 4",mentioned in claim dates ... mentioned as part of military service
usct_pension_files\A_B\Brown Frederick Civil War Pension.pdf,1189,MISS. | Mississippi,state,,,mississippi,,"3, 4",mentioned in claim dates ... mentioned as part of military service
usct_pension_files\A_B\Brown Frederick Civil War Pension.pdf,1190,LA. | Louisiana,state,,,louisiana,,"3, 4",mentioned in claim dates ... mentioned as part of military service
usct_pension_files\A_B\Brown Frederick Civil War Pension.pdf,1191,TEX. | Texas,state,,,texas,,"3, 4",mentioned in claim dates ... mentioned as part of military service
usct_pension_files\A_B\Brown Frederick Civil War Pension.pdf,1192,KY. | Kentucky,state,,,kentucky,,"3, 4",mentioned in claim dates ... mentioned as part of military service
usct_pension_files\A_B\Brown Frederick Civil War Pension.pdf,1193,TEN.,state,,,tennessee,,4,mentioned in claim dates
usct_pension_files\A_B\Brown Frederick Civil War Pension.pdf,1194,MO. | Missouri,state,,,missouri,,"3, 4",mentioned in claim dates ... mentioned as part of military service
usct_pension_files\A_B\Brown Frederick Civil War Pension.pdf,1195,ARK. | Arkansas,state,,,arkansas,,"3, 4",mentioned in claim dates ... mentioned as part of military service
usct_pension_files\A_B\Brown Frederick Civil War Pension.pdf,1196,D. C.,other,,,district of columbia,,4,mentioned in claim dates
usct_pension_files\A_B\Brown Frederick Civil War Pension.pdf,1215,So Ca,state,,,south carolina,,"34, 62",abbreviation for the state ... implied state context
usct_pension_files\A_B\Brown Frederick Civil War Pension.pdf,1225,St Helena Island,island,,,south carolina,,50,residence of J J Green
usct_pension_files\A_B\Brown Frederick Civil War Pension.pdf,1230,Augusta,city,augusta,,georgia,,53,location where he was absent with the regiment
usct_pension_files\A_B\Brown Frederick Civil War Pension.pdf,1234,S. Carolina,state,,,s carolina,,46,Claimant's state of residence
usct_pension_files\A_B\Brown Frederick Civil War Pension.pdf,1270,STAMPS,town,stamps,,,,68,location of U.S. Pension Office
usct_pension_files\A_B\Brown Frederick Civil War Pension.pdf,1286,Old Fort,village,old,beaufort,south carolina,,62,residence of affiants
usct_pension_files\A_B\Brown Frederick Civil War Pension.pdf,1318,U.S.C.T.,other,,,,,3,referencing U.S. Colored Troops
usct_pension_files\A_B\Brown Frederick Civil War Pension.pdf,1319,Virginia,state,,,virginia,,3,mentioned as part of military service
usct_pension_files\A_B\Brown Frederick Civil War Pension.pdf,1320,West Virginia,state,,,west virginia,,3,mentioned as part of military service
usct_pension_files\A_B\Brown Frederick Civil War Pension.pdf,1329,Tennessee,state,,,tennessee,,3,mentioned as part of military service
usct_pension_files\A_B\Brown Frederick Civil War Pension.pdf,1144,--,other,,,,,24,signature of witnesses
usct_pension_files\A_B\Brown George.pdf,1275,Louisville | Louisville Ky,city,louisville,jefferson,kentucky,united states,"1, 10, 2, 3, 4, 5, 8, 9",Claimant's address ... location of U.S. Pension Agency ... post office address of affiant ... post-office address of claimant ... post-office address of the Board ... location of discharge ... affiant's post-office address ... post-office address of the affiant ... location of soldier's discharge
usct_pension_files\A_B\Brown George.pdf,1290,Kentucky,state,,,kentucky,united states,"2, 3, 4, 9",state where the pension agency is located ... state where the claim was filed ... state of declaration ... state mentioned as the location of the claim
usct_pension_files\A_B\Brown George.pdf,1291,"Washington, D. C.",city,washington,,district of columbia,united states,"5, 6",location of the War Department ... location of document issuance
usct_pension_files\A_B\Brown George.pdf,1296,U. S.,military_post,,,,,7,location of military records
usct_pension_files\A_B\Brown George.pdf,1308,Jefferson,county,,jefferson,kentucky,,"3, 4, 8, 9",county where the claim was filed ... county of declaration ... place of filing the pension claim ... county where the claim was made
usct_pension_files\A_B\Brown George.pdf,1312,Rock Island | Rock Island Ill.,military_post,rock,,illinois,united states,"4, 5, 8, 9",location where condition was contracted ... location where George Brown fell ill ... location where George Brown was taken sick ... location where George Brown was treated by the Regimental Surgeon ... location of service and treatment
usct_pension_files\A_B\Brown George.pdf,1313,Miss. | Mississippi,state,,,mississippi,united states,"5, 9",location of additional service or treatment ... state where Lotta Dell Springs is located
usct_pension_files\A_B\Brown George.pdf,1341,Ill,state,,,illinois,,4,abbreviated reference to Illinois
usct_pension_files\A_B\Brown George.pdf,1342,Corinte,other,,,mississippi,,4,location of hospital treatment
usct_pension_files\A_B\Brown George.pdf,1359,Vicksburg,city,vicksburg,,mississippi,,8,location where George Brown received treatment
usct_pension_files\A_B\Brown George.pdf,1360,Lottadell Spring,town,,,mississippi,,8,location where George Brown received treatment
usct_pension_files\A_B\Brown George.pdf,1391,Lotta Dell Springs,other,,,mississippi,,9,location of George Brown's severe attack of Chronic Diarrhea
usct_pension_files\A_B\Brown George.pdf,1306,--,other,,,,,11,soldier's name and unit
usct_pension_files\A_B\Brown Harry Civil War Pension.pdf,1336,United States,country,,,,united states,"186, 3, 32",context of document issue ... country of soldier's service ... country mentioned in relation to Washington D.C.
usct_pension_files\A_B\Brown Harry Civil War Pension.pdf,1343,United States of America,country,,,,united states of america,4,jurisdiction pertaining to pension
usct_pension_files\A_B\Brown Harry Civil War Pension.pdf,1344,Knoxville,city,knoxville,,tennessee,united states,"107, 109, 11, 114, 5",Original Roll location for soldier ... Location of stamps mentioned ... location of pension agency ... location where pension was paid
usct_pension_files\A_B\Brown Harry Civil War Pension.pdf,1350,Grays | Grays Hill | Grayshill,town,grays,beaufort,south carolina,united states,"165, 166, 167, 176, 178, 180, 181, 19, 197, 20, 200, 202, 203, 205, 207, 43, 6, 68, 81, 82, 83, 89, 96, 97, 98, 99",statement similar to previous records ... statement regarding soldier's marital history ... requested change of postal address ... location of correspondence ... location mentioned in documentation related to the soldier's regiment ... new address of the claimant ... deponent's post office address ... P.O. address of the claimant ... post office address of deponent ... claimant's address ... Claimant's address ... residence of deponent ... location of deposition ... Claimant's residence ... affiant's address ... post-office address of affiant ... location of Harry Brown's death ... Post Office address of witness ... Post-office address of the affiant ... post-office address of Isiah Brown ... post-office address of the affiant ... Post-Office address of the affiant ... place of burial of deceased
usct_pension_files\A_B\Brown Harry Civil War Pension.pdf,1351,"Beaufort | Beaufort township | Beaufort Township | Beaufort County | Beaufort Co. | Beaufort Island | Beaufort Co | Beaufort town | Beaufort Co S.C | Beaufort Co S. C. | Beaufort P. O. | Beaufort P.O. | Beaufort S. C. | Beaufort, S.C. | Beaufort S.C. | Beaufort S C | Burton | Burton S.C.",town,beaufort,beaufort,south carolina,united states,"101, 102, 103, 104, 105, 106, 107, 11, 111, 112, 114, 115, 116, 117, 118, 120, 121, 122, 123, 124, 125, 126, 127, 128, 129, 130, 131, 132, 133, 134, 14, 141, 142, 144, 146, 147, 149, 15, 150, 151, 152, 154, 155, 16, 160, 161, 162, 165, 166, 167, 168, 169, 170, 171, 172, 173, 174, 175, 176, 177, 178, 179, 180, 181, 183, 184, 185, 186, 187, 188, 189, 19, 190, 191, 192, 193, 194, 195, 196, 197, 198, 199, 200, 201, 202, 203, 204, 205, 206, 207, 208, 21, 210, 213, 214, 215, 218, 219, 22, 23, 25, 26, 27, 28, 29, 30, 31, 33, 34, 38, 44, 46, 55, 59, 60, 61, 62, 7, 70, 74, 79, 80, 81, 82, 83, 84, 85, 86, 87, 89, 9, 91, 92, 94, 96, 97, 98, 99","P.O. address of the applicant ... location of examination ... County of the pensioner’s postal address ... location where soldier lived and died ... location of widow's mailing address ... recipient's address for pension claim ... address of the widow Millie Brown ... pension claim correspondence address ... address of correspondence ... pensioner’s residence ... residence of soldier ... address of pension claimant ... location where census information is requested ... location of widow's letter ... return address for widow ... location of sender ... return address of the sender ... county where the census is searched ... noted in the heading ... location of claimant ... location of deposition ... P.O. address of claimant ... address of claimant's attorneys ... post office location and associated with the attorney ... railroad fare for transportation of body ... Claimant's address ... Location of examination ... location of deceased's burial ... location of administration ... location of special examination for pension claim ... county mentioned for location of special examination ... previous address of the claimant ... location of lawyer ... death place of first husband ... location where soldier was buried ... county where Grays Hill is located ... Location mentioned multiple times, related to transportation and reputation of the claimant ... City where the claimant lives and where deposition was taken ... location mentioned in reference to the burial of Jobe Washington ... Susan Wallace's residence ... location mentioned in relation to Millie Brown ... post office address of witness ... county mentioned in deposition ... location where cemetery expenses were incurred ... residence and post office address ... neighborhood of Harry Brown and Miley Washington ... address of widow Millie Brown ... county of the claimant ... post office address of the deponent ... location of the special examination ... county where deposition took place ... county of residence for the deposition ... Attorney's residence ... Claimant's residence and site of attorney's office ... claimant's post office ... attorney's post office ... location where the attorney operates ... location of the testimony ... county of application ... location of marriage ... location where witnesses reside ... citizen of the town ... county of residence of the claimant ... claimant's post-office address ... attorney's office location ... location of declaration ... residence of Major Stephens and J. H. Brown ... widow's application for soldier's pension ... location of medical examination ... residence of witnesses and claimant ... county of residence for Beaufort ... location of the pension application filed by J. M. Crofut ... city of residence ... attorney's location ... residence of widow Millie Brown and presence of witnesses Gabriel Pope and James White ... origin of shell wound of right foot and disease of heart ... location of Board of Examiners ... residence of witnesses and applicant ... address of pension attorney ... Claimant's place of residence and mailing address ... Claimant's post office address and place of residence ... Claimant's county of residence ... residence of claimant ... location of pension claim processing and examination ... Mr. J. H. Brown's location ... location of the pension deposition ... soldier's location of residence ... claimant's residence and place of declaration ... county mentioned in the affidavit ... location of notarization ... Address for Power of Attorney ... location of affiant's residence ... location where A. H. Ezekiel defrauded Harry Brown ... Post office location for examination ... Claimant's post-office address ... county of affidavit ... post office location for pension examination ... location of the Commissioner, E. F. Ware ... county of enlistment ... location of the nearest post office ... location of letter ... location of affidavit preparation ... county of location for affidavit ... Claimant's birthplace ... Location of claimant's P.O. box ... county where the declaration was made ... location of Rev. A. Waddell's church and marriage records ... location of signature ... location of the affidavit ... county where the affidavit was sworn ... location mentioned in the document's heading ... location of affidavit execution ... jurisdiction of the document ... location of attorney's office ... Post-office address of the affiant ... location mentioned in census review ... county named in the affidavit ... part of requested census information ... county of the document ... location of pension bureau correspondence ... requested census information regarding widow's status ... location mentioned in census request ... county mentioned in legal document ... location where soldier was married ... ambiguous mention related to the community ... location where the marriage occurred ... community where they lived and were regarded as married ... location mentioned in affidavit ... schedule mentioned in census ... claimant's address and various records of soldiers' deaths ... location where soldier is alleged to have died ... marriage record of soldier ... death of soldier related to claimant ... reference to soldier's marital status ... death records of soldier's wives ... similar reference as above ... county mentioned in affidavit ... place of marriage and mention of post-office address ... claimant's P.O. address ... location of soldier's death record inquiry ... claimant reporting soldier's death ... reporting details of soldier's death ... record from church regarding soldier's marriage ... marriage location of Millie and soldier ... report regarding soldier's death details ... claimant verifying soldier's marriages ... reporting details of soldier's wives ... reiteration of details on soldier's wife ... County mentioned in the affidavit. ... location of the post office address ... county of affiant ... location where marriage occurred ... post-office address of affiant ... County where the affidavit is executed ... county where affidavit was executed ... location mentioned in legal document ... location of applying for pension ... county of notarization ... county where the affidavit was made ... county where the affidavit is executed ... enrollment location of soldier ... location where soldier resided ... county mentioned alongside Beaufort ... claimant's post-office address ... Claimant's address ... rementioned PO location of attorney ... Location where soldier deserted ... Claimant's post-office address. ... claimant's post-office address ... Claimant's post office address ... residence of witness ... Mrs. Millie Brown's residence ... Pensioner’s postal address ... previous postal address ... location of claimant ... soldier died ... location of deposition ... deponent's residence ... post-office address ... claimant's post office ... residence of claimant ... death location of soldier ... Post Office address of claimant"
usct_pension_files\A_B\Brown Harry Civil War Pension.pdf,1352,"Washington | Washington, D. C. | Washington D.C. | Washington, D.C.",city,washington,,district of columbia,united states,"10, 106, 108, 117, 119, 120, 121, 123, 128, 129, 131, 132, 133, 134, 137, 138, 139, 14, 140, 142, 143, 144, 146, 157, 17, 170, 171, 186, 187, 188, 193, 196, 199, 20, 201, 204, 210, 28, 30, 31, 33, 34, 36, 38, 41, 45, 47, 48, 49, 51, 52, 64, 66, 75, 76, 77, 8, 81",location of attorney ... location of the Bureau of Pensions ... notified Washington by the applicant ... location of Pension Commission ... location of the Bureau of Census ... location of the Commissioner of Pensions ... location of pension document filing ... address of attorney ... location of Bureau of Pensions ... address of Bureau of Pensions ... Location of the Commissioner of Pensions ... location of document processing ... location of the printing company ... address of claims attorneys ... power of attorney ... location of the publishing company ... location of claimant's appointed attorneys ... location of the BUREAU OF PENSIONS ... location of printing and sales ... location of filing ... location of printed materials related to the affidavit ... location of Record and Pension Office ... address of the Bureau of Pensions ... location of printing and distribution ... recipient of the letter ... addressed to the Commissioner of Pensions ... address of the Commissioner of Pensions ... location of notary signature ... location of the press mentioned ... location of the Bureau of the Census ... Location of the seller of the pension document. ... location of the solicitor's office ... location of the seller of the affidavit ... location of Bureau of Pensions ... address of Pension Commissioner ... address of correspondence ... location of the Bureau of Pensions ... location of the Director of the Census ... location of Board of Review meeting ... location of the Board of Review ... location of the publishing company ... Address of the Record and Pension Office ... location of appointed attorneys ... location of the Record and Pension Office ... location of the War Department ... location of the claim submission ... location where request is sent ... post office of the attorney
usct_pension_files\A_B\Brown Harry Civil War Pension.pdf,1353,U. S. C. Vol. Inf.,other,,,,,8,military unit reference
usct_pension_files\A_B\Brown Harry Civil War Pension.pdf,1354,U. S. Bureau of Pensions,other,,,,,12,origin of the pension inquiry
usct_pension_files\A_B\Brown Harry Civil War Pension.pdf,1355,Bureau of Pensions,other,,,,,13,government agency involved in the pension claim
usct_pension_files\A_B\Brown Harry Civil War Pension.pdf,1361,Savannah,city,savannah,chatham,georgia,united states,"10, 105, 106, 156, 157, 158, 159, 162, 163, 170, 55, 56, 57, 58, 59, 67, 68, 69, 70, 71, 72, 75, 76, 77",location of the American Red Cross chapter ... location related to the deceased Millie Brown ... location of pensioner's address ... P.O. address of claimant ... address of Janie Simmons for reimbursement claim ... railroad fare for transportation of body ... location of funeral directors and services ... reference to location of a death record ... residence of witnesses ... residence of the applicant ... location of the deceased's death ... location mentioned in the header of the document ... city mentioned in stamps ... location of pensioner's last sickness and residence ... location of Red Cross chapter ... location of medical examination ... location of Board of Examiners ... location of correspondence ... post office address of the claimant ... location of examination and certificate issuance ... location of the Board of Examining Surgeons ... location of examination for pension ... location where stamps were used ... where Carrie Roberts claimed to be from
usct_pension_files\A_B\Brown Harry Civil War Pension.pdf,1370,Tennessee | TENN,state,,,tennessee,,"11, 15, 16",State where stamps were from ... listed among states ... abbreviated state notation
usct_pension_files\A_B\Brown Harry Civil War Pension.pdf,1372,Charleston | Charleston County,city,charleston,charleston,south carolina,,"147, 148, 9",mentioned in connection with Census returns ... request to examine records for a soldier's justice ... location of court case ... court records reference
usct_pension_files\A_B\Brown Harry Civil War Pension.pdf,1373,Port Royal Island | Port Royal | Port Royal Isl'd,other,port royal,beaufort,south carolina,united states,"107, 116, 122, 137, 146, 166, 167, 168, 172, 176, 178, 183, 189, 190, 191, 194, 195, 200, 202, 203, 205, 207, 38, 62, 9","place of death of soldier ... location of claimant ... location of death ... current residence of the widow ... location of plantation ... place of residence ... birthplace of soldier Harry Brown ... place of birth, residence before enlistment and residence after discharge ... location of marriage and death of soldier ... location where soldier died ... affiant's residence ... residential location of the affiant ... residence of affiant mentioned ... location of Harry Brown's death ... location of employment ... location of previous marriage ... residence of affiant, Josephine Stright ... death record of soldier related to the claimant ... claimant reporting soldier's death ... home of affiant Morris McNeil ... Residence of the affiant, a deacon of the church ... residence of the affiant Isiah Brown ... residence of the affiant Isaac Mitchel"
usct_pension_files\A_B\Brown Harry Civil War Pension.pdf,1376,Gray Hill sc,town,gray hill,,south carolina,,17,claimant's postal address
usct_pension_files\A_B\Brown Harry Civil War Pension.pdf,1377,"Fort Royal, SC",town,port royal,,south carolina,,17,location near where soldier enlisted
usct_pension_files\A_B\Brown Harry Civil War Pension.pdf,1403,Cross Hill SC,town,cross hill,,south carolina,,35,location of the claimant
usct_pension_files\A_B\Brown Harry Civil War Pension.pdf,1412,Department of the Interior,other,,,,,42,Name of the government department involved in pension processing
usct_pension_files\A_B\Brown Harry Civil War Pension.pdf,1413,RECORD DIVISION,other,,,,,42,Specific division within the Department of the Interior
usct_pension_files\A_B\Brown Harry Civil War Pension.pdf,1418,South Carolina | S. C.,state,,,south carolina,united states,"102, 104, 107, 111, 112, 114, 117, 121, 122, 124, 128, 130, 133, 137, 141, 142, 15, 154, 165, 168, 172, 173, 174, 177, 178, 179, 180, 181, 183, 184, 186, 188, 190, 191, 192, 193, 194, 195, 196, 197, 198, 199, 200, 201, 202, 203, 204, 205, 206, 207, 208, 210, 218, 219, 30, 38, 44, 59, 87, 89, 91, 96, 97, 98, 99",the state referenced in the census request ... noted in the heading ... state where claimant resides ... listed among states ... state abbreviation for South Carolina ... state where Beaufort is located ... state of the claimant ... state in which the events took place ... state where deposition took place ... state of residence for the deposition ... State where claimant resides ... location of deposition ... state of residence in attorney's address ... noted as a part of the embossed seal ... state of application ... state of residence of the claimant ... certifying officer's state of official capacity ... state of residence for Beaufort ... Claimant's state of residence ... Attorney's post office address in the same state as the claimant ... state of notarization ... state of residence for the affiant ... state where soldier's company was formed ... state of affidavit ... state where affidavit prepared ... state of residence for claim ... State of residency for the claimant ... state where the declaration was made ... location of the affidavit ... location mentioned in the document's heading ... jurisdiction of the document ... state mentioned in the affidavit ... state where the affidavit was sworn ... state involved in the affidavit ... state of the document ... state where Beaufort County is located ... state mentioned in legal document ... general location in the address ... location mentioned in affidavit ... state mentioned in census context ... part of the legal heading ... mentioned in connection with affiant's address ... State where the affidavit is sworn. ... state of the affidavit ... state of affiant ... Jurisdiction for the affidavit ... state where affidavit was executed ... location mentioned in legal document ... jurisdiction of the affidavit ... location of affidavit execution ... jurisdiction of the Affidavit ... location of declaration
usct_pension_files\A_B\Brown Harry Civil War Pension.pdf,1427,D.C. | District of Columbia | D. C.,territory,,,district of columbia,united states,"139, 15, 16, 38",address of attorney ... listed among states ... abbreviated territory notation ... location of the Bureau of Pensions
usct_pension_files\A_B\Brown Harry Civil War Pension.pdf,1435,North Carolina,state,,,north carolina,,15,listed among states
usct_pension_files\A_B\Brown Harry Civil War Pension.pdf,1437,Florida | FLA,state,,,florida,,"15, 16",listed among states ... abbreviated state notation
usct_pension_files\A_B\Brown Harry Civil War Pension.pdf,1438,Georgia | GA,state,,,georgia,united states,"15, 16, 59, 68, 70, 71, 72",listed among states ... abbreviated state notation among enlistment details ... state of residence for the applicant ... state of death registered ... state of residence for the pensioner ... state where Savannah is located
usct_pension_files\A_B\Brown Harry Civil War Pension.pdf,1439,Alabama | ALA,state,,,alabama,,"15, 16",listed among states ... abbreviated state notation among enlistment details
usct_pension_files\A_B\Brown Harry Civil War Pension.pdf,1440,Mississippi | MISS,state,,,mississippi,,"15, 16",listed among states ... abbreviated state notation among enlistment details
usct_pension_files\A_B\Brown Harry Civil War Pension.pdf,1441,Louisiana | LA,state,,,louisiana,,"15, 16",listed among states ... abbreviated state notation among enlistment details
usct_pension_files\A_B\Brown Harry Civil War Pension.pdf,1442,Texas | TEX,state,,,texas,,"15, 16",listed among states ... abbreviated state notation among application details
usct_pension_files\A_B\Brown Harry Civil War Pension.pdf,1443,Kentucky | KY,state,,,kentucky,,"15, 16",listed among states ... abbreviated state notation
usct_pension_files\A_B\Brown Harry Civil War Pension.pdf,1445,Missouri | MO,state,,,missouri,,"15, 16",listed among states ... abbreviated state notation
usct_pension_files\A_B\Brown Harry Civil War Pension.pdf,1446,Arkansas | ARK,state,,,arkansas,,"15, 16",listed among states ... abbreviated state notation
usct_pension_files\A_B\Brown Harry Civil War Pension.pdf,1448,United States Colored Troops,military_post,,,,,15,acronym for a military unit
usct_pension_files\A_B\Brown Harry Civil War Pension.pdf,1452,Millie,town,millie,,,,50,"widow of soldier, involved in pension claim"
usct_pension_files\A_B\Brown Harry Civil War Pension.pdf,1453,"June 18, 1920",other,,,,,50,date of board of review
usct_pension_files\A_B\Brown Harry Civil War Pension.pdf,1463,Van Buren,city,van buren,,maryland,,16,mentioned as part of an executor's notation
usct_pension_files\A_B\Brown Harry Civil War Pension.pdf,1464,VA,state,,,virginia,,16,abbreviated state notation
usct_pension_files\A_B\Brown Harry Civil War Pension.pdf,1465,W. VA,state,,,west virginia,,16,abbreviated state notation
usct_pension_files\A_B\Brown Harry Civil War Pension.pdf,1479,U.S.C.T,other,,,,,16,reference to United States Colored Troops
usct_pension_files\A_B\Brown Harry Civil War Pension.pdf,1505,West Broad St.,street,savannah,chatham,georgia,united states,67,address of Monroe Funeral Directors
usct_pension_files\A_B\Brown Harry Civil War Pension.pdf,1507,Stamps | STAMPS,town,stamps,,,,"110, 135, 65",date of notification ... location of U.S. Pension Office ... location of the pension office
usct_pension_files\A_B\Brown Harry Civil War Pension.pdf,1519,Chatham,county,,chatham,georgia,united states,"68, 70, 71",county where the application was made ... county mentioned in stamps ... county where pensioner resided
usct_pension_files\A_B\Brown Harry Civil War Pension.pdf,1528,Walterboro,town,walterboro,,south carolina,,68,place of birth of deceased
usct_pension_files\A_B\Brown Harry Civil War Pension.pdf,1546,Monroe,town,,,,,77,funeral director's name referenced
usct_pension_files\A_B\Brown Harry Civil War Pension.pdf,1549,Smith Plantation | Smith plantation,plantation,,,,,"83, 89, 90",location where Lena died ... location of burial for Harry Brown ... location where Harry Brown died
usct_pension_files\A_B\Brown Harry Civil War Pension.pdf,1559,Varnville,town,varnville,,south carolina,,81,"Location of the correspondence dated June 11, 1920"
usct_pension_files\A_B\Brown Harry Civil War Pension.pdf,1570,Sheriff McTeer,other,,,,,"86, 87",reference point for the location of first wife's death
usct_pension_files\A_B\Brown Harry Civil War Pension.pdf,1571,colored burying ground,cemetery,,,,,"86, 87",burial place of first wife ... burial location mentioned by the deponent
usct_pension_files\A_B\Brown Harry Civil War Pension.pdf,1587,the place where she died,other,,,,,87,burial location of first wife Lena
usct_pension_files\A_B\Brown Harry Civil War Pension.pdf,1608,Smith place,plantation,,,,,96,location of burial
usct_pension_files\A_B\Brown Harry Civil War Pension.pdf,1625,Pine,town,pine,,,,113,mentioned as part of a post-office address
usct_pension_files\A_B\Brown Harry Civil War Pension.pdf,1626,Pennehas | Pennehas place,town,,beaufort cunty,,,115,residence of witnesses
usct_pension_files\A_B\Brown Harry Civil War Pension.pdf,1629,Pennclear | Pennclear place,other,,beaufort,south carolina,,112,residence of John Jackson ... residence of William Jackson
usct_pension_files\A_B\Brown Harry Civil War Pension.pdf,1645,Passaic,city,passaic,passaic,new jersey,,119,location of the claimant
usct_pension_files\A_B\Brown Harry Civil War Pension.pdf,1647,So Ca,state,,,south carolina,,"116, 127",general location mention ... state mentioned in the affidavit
usct_pension_files\A_B\Brown Harry Civil War Pension.pdf,1649,Otaheite pl'n.,plantation,port royal,beaufort,south carolina,,116,residence of claimant
usct_pension_files\A_B\Brown Harry Civil War Pension.pdf,1651,Jacksonville,city,jacksonville,,florida,united states,"116, 120, 122, 136, 146",location of discharge ... location of soldier's discharge ... location of honorable discharge
usct_pension_files\A_B\Brown Harry Civil War Pension.pdf,1652,Fort Wagner,military_post,,,south carolina,,"116, 127, 130, 141",service location ... location of the fight where the claimant was injured ... location where soldier was wounded ... location of military engagement
usct_pension_files\A_B\Brown Harry Civil War Pension.pdf,1694,Maris Island,region,,,south carolina,,120,location of injury during service
usct_pension_files\A_B\Brown Harry Civil War Pension.pdf,1731,U. S.,country,,,,united states,143,reference to U.S. Army regiment
usct_pension_files\A_B\Brown Harry Civil War Pension.pdf,1734,Pt Royal,town,pt royal,,south carolina,united states,138,born location of Harry Brown
usct_pension_files\A_B\Brown Harry Civil War Pension.pdf,1750,Morris Island,military_post,,,south carolina,,"141, 218",location of military service ... discharge location of soldier
usct_pension_files\A_B\Brown Harry Civil War Pension.pdf,1752,Peoria,city,peoria,peoria,illinois,,153,location of examination
usct_pension_files\A_B\Brown Harry Civil War Pension.pdf,1773,Pennsylvania,state,,,pennsylvania,,164,soldier's state of service
usct_pension_files\A_B\Brown Harry Civil War Pension.pdf,1792,Macon,city,macon,,georgia,,170,where Joseph C. Black claimed to be from
usct_pension_files\A_B\Brown Harry Civil War Pension.pdf,1809,Columbia,city,columbia,,south carolina,,175,location of public records custodian's office
usct_pension_files\A_B\Brown Harry Civil War Pension.pdf,1832,Augusta,town,augusta,,,,183,location of railroad
usct_pension_files\A_B\Brown Harry Civil War Pension.pdf,1925,New York,state,,,new york,,209,regiment's state
usct_pension_files\A_B\Brown Harry Civil War Pension.pdf,1930,Horse Pond Baptist | Horse Pond Branch of the First African Baptist church,church,,beaufort,south carolina,,"200, 205",Church affiliation of the claimant and the soldier ... church of which Harry Brown and his first wife were members
usct_pension_files\A_B\Brown Harry Civil War Pension.pdf,1948,Cecelia,other,,,,,202,tug boat where the affiant was cooking
usct_pension_files\A_B\Brown Harry Civil War Pension.pdf,1949,April 20th. 1910,other,,,,,202,date of death of the soldier Harry Brown
usct_pension_files\A_B\Brown Harry Civil War Pension.pdf,1950,Millie Brown,other,,,,,220,name of the widow
usct_pension_files\A_B\Brown Harry Civil War Pension.pdf,1975,Celina,other,,,,,207,name of the former wife of the soldier
usct_pension_files\A_B\Brown Harry Civil War Pension.pdf,1333,--,,,,,,2,--
usct_pension_files\A_B\Brown Harry Civil War Pension.pdf,1384,--,other,,,,,24,no specific location mentioned
usct_pension_files\A_B\Brown Harry Civil War Pension.pdf,1410,--,other,,,,,40,mentioned as widow
usct_pension_files\A_B\Brown Harry Civil War Pension.pdf,1451,--,other,,,,,54,no locations mentioned
usct_pension_files\A_B\Brown Harry Civil War Pension.pdf,1454,--,other,,,,,39,document header
usct_pension_files\A_B\Brown Harry Civil War Pension.pdf,1455,--,other,,,,,39,document header
usct_pension_files\A_B\Brown Harry Civil War Pension.pdf,1456,--,other,,,,,39,document header
usct_pension_files\A_B\Brown Harry Civil War Pension.pdf,1457,--,other,,,,,39,soldier's name
usct_pension_files\A_B\Brown Harry Civil War Pension.pdf,1458,--,other,,,,,39,service record
usct_pension_files\A_B\Brown Harry Civil War Pension.pdf,1459,--,other,,,,,39,addressee
usct_pension_files\A_B\Brown Harry Civil War Pension.pdf,1460,--,other,,,,,39,reference to division
usct_pension_files\A_B\Brown Harry Civil War Pension.pdf,1461,--,other,,,,,39,reference to division
usct_pension_files\A_B\Brown Harry Civil War Pension.pdf,1462,--,other,,,,,39,signatory
usct_pension_files\A_B\Brown Harry Civil War Pension.pdf,1482,—,other,,,,,37,recording information
usct_pension_files\A_B\Brown Harry Civil War Pension.pdf,1483,—,other,,,,,37,recording information
usct_pension_files\A_B\Brown Harry Civil War Pension.pdf,1484,—,other,,,,,37,recording information
usct_pension_files\A_B\Brown Harry Civil War Pension.pdf,1485,—,other,,,,,37,recording information
usct_pension_files\A_B\Brown Harry Civil War Pension.pdf,1486,—,other,,,,,37,recording information
usct_pension_files\A_B\Brown Harry Civil War Pension.pdf,1487,—,other,,,,,37,recording information
usct_pension_files\A_B\Brown Harry Civil War Pension.pdf,1488,—,other,,,,,37,no claim information
usct_pension_files\A_B\Brown Harry Civil War Pension.pdf,1489,—,other,,,,,37,no claim information
usct_pension_files\A_B\Brown Harry Civil War Pension.pdf,1490,—,other,,,,,37,recording information
usct_pension_files\A_B\Brown Harry Civil War Pension.pdf,1491,—,other,,,,,37,recording information
usct_pension_files\A_B\Brown Harry Civil War Pension.pdf,1495,--,,,,,,63,--
usct_pension_files\A_B\Brown Harry Civil War Pension.pdf,1508,--,,,,,,53,--
usct_pension_files\A_B\Brown Harry Civil War Pension.pdf,1509,--,,,,,,53,--
usct_pension_files\A_B\Brown Harry Civil War Pension.pdf,1510,--,,,,,,53,--
usct_pension_files\A_B\Brown Harry Civil War Pension.pdf,1511,--,,,,,,53,--
usct_pension_files\A_B\Brown Harry Civil War Pension.pdf,1512,--,,,,,,53,--
usct_pension_files\A_B\Brown Harry Civil War Pension.pdf,1513,--,,,,,,53,--
usct_pension_files\A_B\Brown Harry Civil War Pension.pdf,1514,--,,,,,,53,--
usct_pension_files\A_B\Brown Harry Civil War Pension.pdf,1515,--,,,,,,53,--
usct_pension_files\A_B\Brown Harry Civil War Pension.pdf,1533,--,other,,,,,78,index entry
usct_pension_files\A_B\Brown Harry Civil War Pension.pdf,1554,--,,,,,,95,--
usct_pension_files\A_B\Brown Harry Civil War Pension.pdf,1579,--,,,,,,100,--
usct_pension_files\A_B\Brown Harry Civil War Pension.pdf,1612,--,other,,,,,73,pension document reference
usct_pension_files\A_B\Brown Harry Civil War Pension.pdf,1613,--,other,,,,,73,act reference
usct_pension_files\A_B\Brown Harry Civil War Pension.pdf,1614,--,other,,,,,73,act reference
usct_pension_files\A_B\Brown Harry Civil War Pension.pdf,1615,--,other,,,,,73,guidelines
usct_pension_files\A_B\Brown Harry Civil War Pension.pdf,1616,--,other,,,,,73,guidelines
usct_pension_files\A_B\Brown Harry Civil War Pension.pdf,1617,--,other,,,,,73,guidelines
usct_pension_files\A_B\Brown Harry Civil War Pension.pdf,1618,--,other,,,,,73,guidelines
usct_pension_files\A_B\Brown Harry Civil War Pension.pdf,1619,--,other,,,,,73,guidelines
usct_pension_files\A_B\Brown Harry Civil War Pension.pdf,1620,--,other,,,,,73,claim reference
usct_pension_files\A_B\Brown Harry Civil War Pension.pdf,1810,--,county,,,South Carolina,,175,absence of public records in the county
usct_pension_files\A_B\Brown Harry Civil War Pension.pdf,1863,--,plantation,,,,,191,location where the affiant was raised with the couple
usct_pension_files\A_B\Brown Harry Civil War Pension.pdf,1977,--,,,,,,216,--
usct_pension_files\A_B\Brown Harry Civil War Pension.pdf,1978,--,,,,,,216,--
usct_pension_files\A_B\Brown Harry Civil War Pension.pdf,1979,--,,,,,,216,--
usct_pension_files\A_B\Brown Harry Civil War Pension.pdf,1980,--,,,,,,216,--
usct_pension_files\A_B\Brown Harry Civil War Pension.pdf,1981,--,,,,,,216,--
usct_pension_files\A_B\Brown Harry Civil War Pension.pdf,1982,--,,,,,,216,--
usct_pension_files\A_B\Brown Harry Civil War Pension.pdf,1983,--,,,,,,216,--
usct_pension_files\A_B\Brown Harry Civil War Pension.pdf,1984,--,,,,,,216,--
usct_pension_files\A_B\Brown Isaiah Civil War Pension.pdf,1955,STAMPS,town,stamps,,,,"16, 17, 19, 5, 92",indicates receipt of records ... appears as a location in a dated document ... location mentioned in the context of finance division ... -- ... location of claims service
usct_pension_files\A_B\Brown Isaiah Civil War Pension.pdf,1957,"Beaufort | BEAUFORT | Beaufort Co. | Beaufort County | Beaufort Co | Beaufort Island | Beaufort Co S C | Beaufort, S. C. | Beaufort S. C. | Beaufort S.C. | Beaufort S C | Beaufort S-C | Burton | BURTON, S. C. | State of South Carolina",city,beaufort,beaufort,south carolina,united states,"102, 104, 106, 107, 108, 109, 11, 110, 111, 112, 113, 114, 115, 116, 117, 119, 122, 124, 125, 126, 127, 128, 13, 130, 132, 133, 134, 136, 137, 138, 140, 141, 142, 143, 144, 145, 147, 148, 149, 15, 150, 151, 152, 153, 154, 157, 158, 159, 16, 160, 161, 162, 163, 164, 165, 166, 167, 168, 169, 170, 171, 172, 173, 174, 2, 20, 21, 22, 23, 24, 25, 26, 27, 28, 29, 30, 31, 32, 33, 35, 37, 39, 4, 43, 49, 50, 51, 52, 53, 54, 55, 57, 59, 6, 61, 63, 67, 69, 7, 71, 72, 73, 74, 75, 76, 77, 78, 79, 8, 80, 81, 82, 83, 84, 85, 87, 9, 90, 91, 93, 95, 97","pensioner's location ... county of soldier's P.O. address ... location of attorneys for Cane Brown's case ... location of attorney's office ... location of funeral director ... location where the certificate was issued ... place of birth ... location of expenses for veteran's death ... location on document ... County of the soldier's address ... address of a claim related to the pension ... location of financial transaction ... location of the attorney's office ... referenced as the location of the Judge of Probate ... jurisdiction of probate court ... location of the communication's addressee ... location of court case for estate distribution ... address of Cain Brown for burial allowance claim ... County of death ... location of law firm ... location of bill submission and correspondence ... location of C.S. Riley's address for bill ... location of H. G. Fisher's address for bill ... location of letter writing ... county mentioned in relation to probate judge ... jurisdiction mentioned in a probate context ... soldier's birthplace ... address of the claimant ... location of payment receipt ... location mentioned for claim for reimbursement ... county of record for account ... location of estate account ... county mentioned in the legal document ... location of soldier Isaiah Brown ... mentioned as the county of the notary public ... location of attorneys' office ... location where the affidavit was made ... place of death ... birthplace of deceased ... birthplace of father ... birthplace of mother ... address of undertaker ... address of informant ... Claimant's post office address and county of residence ... claimant's post office and county ... claimant's residence ... residence of claimant ... soldier's post office location ... location of law office ... Claimant's address ... Claimant's residence and also where the pension is filed ... P.O. address of claimant ... County of the claimant's address ... location of correspondence ... Claimant's post office location ... address of person making claim ... county of the claimant ... location of deposition ... location of veteran's claim and payment details ... payment address for Cane Brown ... county where the claim was made and witnessed ... Location of the Judge of Probate's office ... location mentioned for probate authority ... county of the affiant's residence ... Post office address of the affiant ... location of probate court ... location of affidavit ... site of the certifying notary public ... location mentioned in the legal document ... county mentioned in the document ... location of the affidavit ... Post-office address of affiant ... county where the claimant resides ... County of residence ... Location where affiant went for understanding of the order ... location of sworn statement ... affiant's town of residence ... signature of witness ... signature of second witness ... residence of witnesses James Haynes and Ben Smith ... county mentioned in the declaration ... residing at ... residence of the claimant ... where the claimant was enrolled ... citizens residing in the town ... County in which the affidavit is executed ... Location of the Pension Attorney ... county mentioned for the declaration ... post office location related to pension application ... claimant's birthplace, residence and post office address ... claimant's post office address ... county of residency ... location of the undertaker ... post office location for pension application ... claimant's address and birthplace ... county of claimant's birthplace ... claimant's post-office address ... location of the Circuit Court ... claimant's Post Office address ... post office address of applicant ... place of residence after leaving service ... Claimant's post-office address ... Post-office address of the Board ... location of the post office ... claimant's birthplace county ... soldier's hometown and furlough location ... soldier returned and stayed here ... mail delivery address for soldier ... residence of affiant, March Washington ... location of notary public ... current residence of the soldier ... location of the declaration ... city of residence ... residing affiants ... Notary Public location ... affidavit jurisdiction ... residence of affiants ... residence of affiant Phelix Bonner ... residence of witnesses for claimant's declaration ... notary public location ... county of residence for the pensioner ... specific location of residence mentioned by pensioner ... post office address of the pensioner ... County where the pension declaration was made and where the claimant resides. ... City where the claimant resides. ... county of declaration ... resident's city ... location mentioned in the address ... applicant's post-office address ... residence of George Green ... claimant's post-office address ... Claimant's post-office address ... Post-office address of the claimant ... residence of A. H. Johnson and Frederik H Christensen ... address of the correspondent ... place of death of Isaiah Brown ... place of death of the soldier ... address of the claimant ... residence of witnesses ... place of death of the pensioner ... place of residence after leaving service ... dates of mail handling related to the document ... Jurisdiction mentioned in the Probate Court"
usct_pension_files\A_B\Brown Isaiah Civil War Pension.pdf,1968,Grays Hill | Mays Hill,town,grays hill,beaufort,south carolina,,"112, 120, 128, 130, 2, 33, 35, 64, 7, 71, 72",soldier's P.O. address ... P.O. Address of the soldier ... Place of death and residence ... address of Mr. Isaiah Brown ... informant's address ... Claimant's post office location ... Claimant's address ... Claimant's residence ... claimant's post-office address ... resident of Grays Hill ... current place of residence ... town of residence
usct_pension_files\A_B\Brown Isaiah Civil War Pension.pdf,1970,South Carolina | S. C. | S.C.,state,,,south carolina,united states,"102, 104, 109, 110, 111, 112, 114, 115, 116, 119, 124, 125, 126, 127, 128, 13, 130, 132, 134, 137, 140, 144, 155, 156, 159, 16, 160, 161, 162, 163, 164, 165, 167, 169, 171, 173, 2, 25, 29, 31, 33, 36, 53, 56, 63, 69, 71, 72, 73, 75, 78, 84, 85, 86, 87, 88",state of soldier's P.O. address ... state mentioned in context of account payment ... abbreviated state mention ... location of notary public ... state where Beaufort is located ... state mentioned in correspondence ... state mentioned in relation to county ... mentioned as the state of the notary public ... mentioned again as the state of the notary public ... location of the pension document ... state where death occurred ... Claimant's state of residence ... state of the claimant ... state of residence of claimant ... state of jurisdiction regarding estate distribution law ... State of the claimant's address ... jurisdiction of the notary public ... state where Beaufort and Burton are located ... state mentioned in relation to notary public ... state of enlistment ... state where the soldier lived and where the claim was made ... state mentioned in relation to pension claim ... location of legal proceedings ... location of affidavit ... location mentioned in the legal document ... jurisdiction for the affidavit ... state where the claimant resides ... State of residence ... state where the pension claim is filed ... state mentioned in the declaration ... state of residency ... location of the affidavit ... Jurisdiction of the affidavit ... jurisdiction of application ... notary public's jurisdiction ... State abbreviation used in claimant's address ... jurisdiction of the document ... jurisdiction mentioned in regard to pension cases ... part of the address for the claimant ... context of the case relating to Civil War pensions ... Location mentioned in the state of claimant ... state affiliation of the declaration ... mentioned as the state of residence ... state of residence for the pensioner ... State where the pension declaration was made. ... state of declaration
usct_pension_files\A_B\Brown Isaiah Civil War Pension.pdf,1976,"Washington | WASHINGTON, D. C. | Washington, D. C. | Washington D.C. | Washington D.C | Washington, D.C.",city,washington,,north carolina,united states,"10, 102, 105, 106, 109, 111, 112, 113, 115, 117, 125, 127, 129, 13, 132, 133, 136, 146, 15, 162, 164, 165, 166, 167, 168, 169, 170, 171, 172, 173, 174, 31, 32, 4, 41, 42, 50, 59, 69, 77, 83, 88","location of correspondence ... notary public's name ... address of law firm ... address of Veterans Administration Central Office ... signatory of the letter ... location of the Bureau of Pensions ... location of the Chief of the Record and Pension Office ... part of the address where correspondence was sent ... address of the Bureau of Pensions ... location of the Veterans Administration ... Location of the recognized attorney for the claim ... location of notary public ... location of Veterans Administration ... location where printed document was sold ... location of the claimant's filing ... location of attorney's firm ... location of the document's printing ... location of the pension agency for the claimant ... location of a sales agent for pension documents ... location of printing company ... address of solicitors for claim ... reference to the department at Washington ... location of Bureau of Pensions ... location of the attorney's office ... location where application was filed ... location mentioned in relation to the soldier's application ... Place where the claimant's attorney, Edward S. Davey, resides. ... location of Veterans Administration correspondence ... location of the U.S. Pension Office ... Location of recognized attorney ... location of attorney ... publication location of the form ... location of the Pension Office ... location of the appointed attorney ... location of pension filing ... location of printing company ... location where application was filed ... address of claim blank printer ... location where application for pension was filed ... location of the attorney for the pensioner's claim"
usct_pension_files\A_B\Brown Isaiah Civil War Pension.pdf,2004,Duke St.,street,beaufort,beaufort,south carolina,,13,location of the funeral director's office
usct_pension_files\A_B\Brown Isaiah Civil War Pension.pdf,2006,Honey Hill,battlefield,,,,,"154, 8",location of battle ... location of military engagement
usct_pension_files\A_B\Brown Isaiah Civil War Pension.pdf,2007,Morris Island,battlefield,,,south carolina,,"110, 122, 126, 128, 130, 132, 151, 153, 154, 157, 43, 8",location of battle ... location where soldier was discharged ... location of the incident causing the disability ... location of discharge for Isaiah Brown ... discharge location ... location of honorable discharge ... Location where the claimant was strained ... location of military movement ... location mentioned in travel or combat journey
usct_pension_files\A_B\Brown Isaiah Civil War Pension.pdf,2010,South Div,region,,,,,17,reference to the location of a division
usct_pension_files\A_B\Brown Isaiah Civil War Pension.pdf,2018,Knoxville,city,knoxville,,tennessee,,"122, 163, 167, 169, 171, 173, 46, 65, 7, 75",Location of the U.S. Bureau of Pensions ... location of original roll ... original roll for pension claim ... location of document processing ... location where Isaiah Brown was enrolled ... location of pension agency ... location of the pension agency where the pensioner is enrolled ... Location of the pension agency where the claimant is enrolled.
usct_pension_files\A_B\Brown Isaiah Civil War Pension.pdf,2034,United States,country,,,,united states,"34, 78",location of the certificate ... Country of the claimant's service
usct_pension_files\A_B\Brown Isaiah Civil War Pension.pdf,2035,State Board of Health,other,,,,,34,institution involved in the issuance of the certificate
usct_pension_files\A_B\Brown Isaiah Civil War Pension.pdf,2065,MARION COUNTY,county,,marion,south carolina,,58,location of notarization
usct_pension_files\A_B\Brown Isaiah Civil War Pension.pdf,2078,U.S.C. & S.C.,state,,,,,68,abbreviation for United States Colored and South Carolina
usct_pension_files\A_B\Brown Isaiah Civil War Pension.pdf,2081,Ohio,state,,,ohio,,66,location of the claim
usct_pension_files\A_B\Brown Isaiah Civil War Pension.pdf,2082,Chicago,city,chicago,,illinois,,66,original roll agency location
usct_pension_files\A_B\Brown Isaiah Civil War Pension.pdf,2089,Penclare,plantation,,,,,33,place of burial
usct_pension_files\A_B\Brown Isaiah Civil War Pension.pdf,2100,Seabrook,town,seabrook,beaufort,south carolina,,"122, 73",claimant's post office address ... post-office address of Isaiah Brown
usct_pension_files\A_B\Brown Isaiah Civil War Pension.pdf,2151,County of Beaufort,county,,beaufort,south carolina,,95,Jurisdiction of the Probate Court
usct_pension_files\A_B\Brown Isaiah Civil War Pension.pdf,2154,Otaheiti Plantation P.R. I.,plantation,,,,,105,location of marriage
usct_pension_files\A_B\Brown Isaiah Civil War Pension.pdf,2162,Virginia,state,,,virginia,,67,mentioned in context of service or records
usct_pension_files\A_B\Brown Isaiah Civil War Pension.pdf,2163,North Carolina,state,,,north carolina,,67,mentioned in context of service or records
usct_pension_files\A_B\Brown Isaiah Civil War Pension.pdf,2164,Florida,state,,,florida,,67,mentioned in context of service or records
usct_pension_files\A_B\Brown Isaiah Civil War Pension.pdf,2165,Georgia,state,,,georgia,,67,mentioned in context of service or records
usct_pension_files\A_B\Brown Isaiah Civil War Pension.pdf,2166,Alabama,state,,,alabama,,67,mentioned in context of service or records
usct_pension_files\A_B\Brown Isaiah Civil War Pension.pdf,2167,Mississippi,state,,,mississippi,,67,mentioned in context of service or records
usct_pension_files\A_B\Brown Isaiah Civil War Pension.pdf,2168,Louisiana,state,,,louisiana,,67,mentioned in context of service or records
usct_pension_files\A_B\Brown Isaiah Civil War Pension.pdf,2169,Texas,state,,,texas,,67,mentioned in context of service or records
usct_pension_files\A_B\Brown Isaiah Civil War Pension.pdf,2170,Kentucky,state,,,kentucky,,67,mentioned in context of service or records
usct_pension_files\A_B\Brown Isaiah Civil War Pension.pdf,2171,Tennessee,state,,,tennessee,,"171, 67",mentioned in context of service or records ... State where the pension agency is located.
usct_pension_files\A_B\Brown Isaiah Civil War Pension.pdf,2172,Missouri,state,,,missouri,,67,mentioned in context of service or records
usct_pension_files\A_B\Brown Isaiah Civil War Pension.pdf,2173,Arkansas,state,,,arkansas,,67,mentioned in context of service or records
usct_pension_files\A_B\Brown Isaiah Civil War Pension.pdf,2174,District of Columbia,state,,,district of columbia,,67,mentioned in context of service or records
usct_pension_files\A_B\Brown Isaiah Civil War Pension.pdf,2176,Wilkins S. C.,city,wilkins,,south carolina,,107,residence of Leon Watkins
usct_pension_files\A_B\Brown Isaiah Civil War Pension.pdf,2179,Port Royal | Port Royal Island,town,port royal,beaufort,south carolina,,"108, 110, 128, 130, 132, 154",residence of the affiant ... location where the affiant enlisted ... location during enlistment ... current residence since the war ... enrollment location ... place of birth ... location near which he was enrolled ... location of birth ... location of military engagement
usct_pension_files\A_B\Brown Isaiah Civil War Pension.pdf,2194,Coosaw | Coosaw S-C,other,coosaw,beaufort,south carolina,,"110, 111, 114, 132, 159",location of Notary Public ... Residence of the affiant ... Post office address of the affiant ... residence of the affiant ... residence of Isaiah Brown ... Claimant's post-office address
usct_pension_files\A_B\Brown Isaiah Civil War Pension.pdf,2199,So Ca,state,,,south carolina,,117,state of the document
usct_pension_files\A_B\Brown Isaiah Civil War Pension.pdf,2209,Fort Sumter,military_post,,,south carolina,,112,location where the claimant incurred a new disability
usct_pension_files\A_B\Brown Isaiah Civil War Pension.pdf,2236,Charleston | Charleston P. O.,city,charleston,,south carolina,,"110, 124, 128, 130, 138, 154",location where the affiant was discharged ... where the claimant was discharged ... nearby city during discharge ... location near discharge ... location mentioned in travel or combat journey and discharge location ... location of discharge ... address of claimant
usct_pension_files\A_B\Brown Isaiah Civil War Pension.pdf,2248,Chariton,city,chariton,lucas,iowa,,139,post office location
usct_pension_files\A_B\Brown Isaiah Civil War Pension.pdf,2253,Smith place,,,beaufort,south carolina,,122,location of residence of Isaiah Brown
usct_pension_files\A_B\Brown Isaiah Civil War Pension.pdf,2256,Smith plantation,plantation,,,,,122,place of residence after leaving service
usct_pension_files\A_B\Brown Isaiah Civil War Pension.pdf,2258,Laurel Bay,,laurel bay,,south carolina,,122,location of Charles Chaplin's residence
usct_pension_files\A_B\Brown Isaiah Civil War Pension.pdf,2263,Old Fort Near Port Royal,military_post,,,south carolina,,128,place of enrollment
usct_pension_files\A_B\Brown Isaiah Civil War Pension.pdf,2283,Grayshill,town,,,south carolina,,134,place of burial of the pensioner
usct_pension_files\A_B\Brown Isaiah Civil War Pension.pdf,2298,Hilton Head,city,hilton head,beaufort,south carolina,,"132, 152, 153",discharge location ... location where soldier was stationed
usct_pension_files\A_B\Brown Isaiah Civil War Pension.pdf,2306,Old Fort,military_post,,,south carolina,,130,location of enrollment ... place of birth
usct_pension_files\A_B\Brown Isaiah Civil War Pension.pdf,2318,Old Teeteelee plantation,plantation,,,,,155,location where the deponent has lived since childhood
usct_pension_files\A_B\Brown Isaiah Civil War Pension.pdf,2324,Robt Frazier's plantation,plantation,,,,,156,location where the marriage took place
usct_pension_files\A_B\Brown Isaiah Civil War Pension.pdf,2331,Jenkins Neck,other,,beaufort,south carolina,,152,location where regiment camped
usct_pension_files\A_B\Brown Isaiah Civil War Pension.pdf,2334,33 U.S.C.T.,other,,,,,152,the regiment soldier joined
usct_pension_files\A_B\Brown Isaiah Civil War Pension.pdf,2336,Old Teeheetee,plantation,,,,,151,plantation where soldier was born and lives
usct_pension_files\A_B\Brown Isaiah Civil War Pension.pdf,2355,Ladies Island,other,,beaufort,south carolina,,153,location of military movement
usct_pension_files\A_B\Brown Isaiah Civil War Pension.pdf,2357,Coes Island,other,,,,,153,location of military movement
usct_pension_files\A_B\Brown Isaiah Civil War Pension.pdf,2358,Folly Island,other,,,,,"153, 154",location of military movement ... location of military engagement
usct_pension_files\A_B\Brown Isaiah Civil War Pension.pdf,2359,Darien,town,darien,mcintosh,georgia,,"153, 154",location of military movement ... location mentioned in travel or combat journey
usct_pension_files\A_B\Brown Isaiah Civil War Pension.pdf,2360,St. Augustine,city,saint augustine,saint johns,florida,,153,location of military movement
usct_pension_files\A_B\Brown Isaiah Civil War Pension.pdf,2387,St Helena Island,other,,,south carolina,,170,residence of affiant Peter Watson
usct_pension_files\A_B\Brown Isaiah Civil War Pension.pdf,2417,Pallatki,other,,,,,154,location mentioned in travel or combat journey
usct_pension_files\A_B\Brown Isaiah Civil War Pension.pdf,2419,Pocataligo,other,,,,,154,location mentioned in travel or combat journey
usct_pension_files\A_B\Brown Isaiah Civil War Pension.pdf,2420,Frampton,town,frampton,,,,154,location mentioned in travel or combat journey
usct_pension_files\A_B\Brown Isaiah Civil War Pension.pdf,2421,Augusta,city,augusta,,,,154,location mentioned in travel or combat journey
usct_pension_files\A_B\Brown Isaiah Civil War Pension.pdf,2422,Edgefield,town,edgefield,,,,154,location mentioned in travel or combat journey
usct_pension_files\A_B\Brown Isaiah Civil War Pension.pdf,2423,Valhalla,other,,,,,154,location mentioned in travel or combat journey
usct_pension_files\A_B\Brown Isaiah Civil War Pension.pdf,2424,Barnwell,town,barnwell,,,,154,location mentioned in travel or combat journey
usct_pension_files\A_B\Brown Isaiah Civil War Pension.pdf,2428,Johns Island,battlefield,,,south carolina,,154,location of military engagement
usct_pension_files\A_B\Brown Isaiah Civil War Pension.pdf,1956,--,other,,,,,1,veteran's certificate
usct_pension_files\A_B\Brown Isaiah Civil War Pension.pdf,1987,--,,,,,,14,--
usct_pension_files\A_B\Brown Isaiah Civil War Pension.pdf,1998,--,other,,,,,18,soldier's application submission
usct_pension_files\A_B\Brown Isaiah Civil War Pension.pdf,2039,--,other,,,,,38,date of reimbursement recorded
usct_pension_files\A_B\Brown Isaiah Civil War Pension.pdf,2050,--,other,,,,,40,mail receipt
usct_pension_files\A_B\Brown Isaiah Civil War Pension.pdf,2053,--,,,,,,48,--
usct_pension_files\A_B\Brown Isaiah Civil War Pension.pdf,2131,--,other,,,,,70,date of record receipt
usct_pension_files\A_B\Brown Isaiah Civil War Pension.pdf,2132,--,other,,,,,70,date of record receipt
usct_pension_files\A_B\Brown Isaiah Civil War Pension.pdf,2133,--,other,,,,,70,date of record receipt for pension files
usct_pension_files\A_B\Brown Isaiah Civil War Pension.pdf,2134,--,other,,,,,70,date of record receipt
usct_pension_files\A_B\Brown Isaiah Civil War Pension.pdf,2135,--,other,,,,,70,authorization for claims division
usct_pension_files\A_B\Brown Isaiah Civil War Pension.pdf,2136,--,other,,,,,70,date of record receipt in accounting division
usct_pension_files\A_B\Brown Isaiah Civil War Pension.pdf,2137,--,other,,,,,70,date of record receipt in retirement subdivision
usct_pension_files\A_B\Brown Isaiah Civil War Pension.pdf,2138,--,other,,,,,70,date of record receipt for subsection
usct_pension_files\A_B\Brown Isaiah Civil War Pension.pdf,2142,--,,,,,,103,--
usct_pension_files\A_B\Brown Isaiah Civil War Pension.pdf,2269,--,,,,,,135,pensioner's name
usct_pension_files\A_B\Brown Isaiah Civil War Pension.pdf,2270,--,,,,,,135,date of commencement of sickness
usct_pension_files\A_B\Brown Isaiah Civil War Pension.pdf,2271,--,,,,,,135,date of death
usct_pension_files\A_B\Brown Isaiah Civil War Pension.pdf,2272,--,,,,,,135,date requiring daily attendance
usct_pension_files\A_B\Brown Isaiah Civil War Pension.pdf,2273,--,,,,,,135,period of attendance
usct_pension_files\A_B\Brown Isaiah Civil War Pension.pdf,2325,--,,,,,,156,--
usct_pension_files\A_B\Brown Isaiah Civil War Pension.pdf,2338,Fort,military_post,,,South Carolina,,151,location where soldier enlisted
usct_pension_files\A_B\Brown Samuel Civil War pension.pdf,7400,Summerville | Summerville S. C. | Summerville S.C.,town,summerville,berkley,south carolina,united states,"1, 10, 12, 13, 14, 15, 18, 2, 21, 22, 23, 24, 25, 26, 27, 28, 29, 3, 33, 34, 35, 36, 4, 6, 8",P.O. address of claimant ... location of claimants ... Post Office address of the claimant ... claimant's location ... residence of claimant Ann Brown ... Recipient's location ... Return address on a postal note ... claimant's residence ... address of attorney ... site of murder ... Affiant's Post Office address ... residence of witnesses ... resident's location ... residence of Ann Brown and location of death of Samuel Brown ... location of Samuel Brown's death ... location of Ann Brown's attorney ... location where the claim was filed ... location of Summerville P.O. where application was mailed ... appointment of attorney to prosecute claim ... location of affiants’ residence ... place of burial of Samuel Brown ... residence of William Regular ... residence of William Williams ... affidavit signed in this town ... final residential location of Ann Brown after various relocations ... place where child died ... location of Post Office ... location of application submission ... residence of witnesses A. M. Beaton and E. Clark
usct_pension_files\A_B\Brown Samuel Civil War pension.pdf,7401,Berkley | Berkley County,county,,berkley,south carolina,,"1, 22, 5",County of the claimant ... county of deposition ... location of soldier's service and claimant's address
usct_pension_files\A_B\Brown Samuel Civil War pension.pdf,7408,"Washington | Washington D. C. | Washington, D.C. | WASHINGTON, D. C. | Washington D.C. | Washington, D. C.",city,washington,,district of columbia,united states,"10, 11, 12, 13, 14, 15, 18, 2, 22, 24, 3, 31, 34, 36, 6, 8","location of Bureau of Pensions ... Location of postal stamp ... location of U.S. Pension Bureau ... location of the Commissioner of Pensions ... addressed to the Commissioner of Pensions ... location of document receipt ... location of pension office ... location of the Bureau of Pensions ... location of Bureau of Pensions ... addressed to Commissioner of Pensions ... address of the claim blank printer ... location of Record and Pension Office ... location of Department of the Interior, Bureau of Pensions ... location of the printing company ... location where printed materials were made available"
usct_pension_files\A_B\Brown Samuel Civil War pension.pdf,7410,South Carolina | S. C.,state,,,south carolina,united states,"14, 2, 21, 22, 23, 25, 26, 27, 28, 33, 34, 35, 36, 4, 5",abbreviation for the state in address ... state of the claimant ... state where the town of Summerville is located ... state of residence and service ... state mentioned in official document ... jurisdiction of declaration for pension ... jurisdiction of the pension claim ... mentioned as part of the legal jurisdiction ... jurisdiction of the affidavit ... mentioned as the state of residency ... state mentioned in the document
usct_pension_files\A_B\Brown Samuel Civil War pension.pdf,7412,STAMPS,town,stamps,,,,"16, 30, 7, 9",location of U.S. Pension Office ... location of the pension office ... listed in the document header ... location of pension office correspondence
usct_pension_files\A_B\Brown Samuel Civil War pension.pdf,7420,Berkeley | Berkeley Co.,county,,berkeley,south carolina,united states,"10, 21, 23, 25, 26, 27, 28, 33, 34, 35, 36, 4",county of the claimant ... Location mentioned in addressing ... county mentioned in official document ... county of residence ... county where declaration was made ... county where the affidavit was sworn ... mentioned as part of the legal jurisdiction ... location of the Notary Public performing the affidavit ... county where pension claim is filed ... current name of Wassamassaw County
usct_pension_files\A_B\Brown Samuel Civil War pension.pdf,7432,Culbertson,town,culbertson,,,,19,location mentioned in claim
usct_pension_files\A_B\Brown Samuel Civil War pension.pdf,7459,Summerville P.O.,other,,,,,24,location where application was mailed
usct_pension_files\A_B\Brown Samuel Civil War pension.pdf,7461,James Island | James Blanton's place,city,,berkeley,south carolina,,"27, 32",soldier's birthplace ... residential location after Charleston
usct_pension_files\A_B\Brown Samuel Civil War pension.pdf,7467,Charleston,city,charleston,charleston,south carolina,united states,"21, 23, 27, 28, 35",location where Samuel Brown enlisted ... plantation where marriage took place ... location of death of Revd Simon Walker ... location where Ann Brown lived with the Cosgrove family after Samuel returned from the army ... location of soldier's enlistment
usct_pension_files\A_B\Brown Samuel Civil War pension.pdf,7469,Whaleys Plantation,plantation,,berkeley,south carolina,,21,location where Ann Brown and Samuel Brown were married
usct_pension_files\A_B\Brown Samuel Civil War pension.pdf,7471,So. Division,other,,,,,37,part of the header in the document
usct_pension_files\A_B\Brown Samuel Civil War pension.pdf,7472,U.S.,country,,,,united states,37,country of service for soldier
usct_pension_files\A_B\Brown Samuel Civil War pension.pdf,7485,Mt Pleasant,city,mount pleasant,,south carolina,,23,location of Samuel Brown's honorable discharge
usct_pension_files\A_B\Brown Samuel Civil War pension.pdf,7486,George Whaley's Plantation | George Wholey's plantation | George Wholeys plantation,plantation,,berkeley,south carolina,,"23, 27, 28",location where Ann Walker married Samuel Brown ... residential location of Ann Brown after her birth ... location of marriage
usct_pension_files\A_B\Brown Samuel Civil War pension.pdf,7525,Wassamaw County of Charleston,county,,charleston,south carolina,,27,location of Ann Brown's birthplace
usct_pension_files\A_B\Brown Samuel Civil War pension.pdf,7526,Adam Minter's place,plantation,,charleston,south carolina,,27,location where Ann Brown was born
usct_pension_files\A_B\Brown Samuel Civil War pension.pdf,7528,Monck's Corner,town,moncks corner,berkeley,south carolina,,27,post office location associated with George Wholey's plantation
usct_pension_files\A_B\Brown Samuel Civil War pension.pdf,7530,Market Street,street,charleston,,south carolina,,27,street where Ann Brown was living in Charleston
usct_pension_files\A_B\Brown Samuel Civil War pension.pdf,7532,Peter Varner's place,plantation,,berkeley,south carolina,,27,location between which Ann and Samuel Brown lived after moving from Charleston
usct_pension_files\A_B\Brown Samuel Civil War pension.pdf,7533,Cokeley's place,plantation,,berkeley,south carolina,,27,source of land purchased by Samuel Brown
usct_pension_files\A_B\Brown Samuel Civil War pension.pdf,7534,Sheep Island,region,,berkeley,south carolina,,27,location where Ann Brown and Samuel Brown moved after marriage ... location near Summerville where Ann Brown returned to live after her son's death
usct_pension_files\A_B\Brown Samuel Civil War pension.pdf,7543,Wassamassaw County,county,,wassamassaw,south carolina,united states,28,birthplace of Samuel Brown
usct_pension_files\A_B\Brown Samuel Civil War pension.pdf,7544,McKewn place,plantation,,,south carolina,united states,28,potential birthplace of Samuel Brown
usct_pension_files\A_B\Brown Samuel Civil War pension.pdf,7426,--,,,,,,17,--
usct_pension_files\A_B\Brown Samuel Civil War pension.pdf,7442,--,,,,,,20,no specific location mentioned
usct_pension_files\C_D\Carneyhan Harvey.pdf,11588,Paducah | Paducah Ky,city,paducah,mccracken,kentucky,united states,"1, 10, 11, 14, 17, 18, 2, 20, 3, 4, 5, 6, 8",location of Rosa Carneyhan ... post office address of claim ... location of court where affidavit was made ... applicant's address ... attorney's address ... resident of the applicant ... location where son provided support ... address of the soldier's attorney ... destination for the certificate sent to Wm H Armstrong ... location of deposition ... City where the regiment was stationed and soldier enlisted ... enrollment location for Harvey Carneyhan ... mustered into service location for Harvey Carneyhan ... city of residence of Rosa Carneyhan and witnesses ... enrollment location for military service ... mustered into service location
usct_pension_files\C_D\Carneyhan Harvey.pdf,11600,Louisville,city,louisville,,kentucky,,"1, 10",mentioned in the heading ... location of the agency handling pension
usct_pension_files\C_D\Carneyhan Harvey.pdf,11601,McCracken County | McCracken | McCracken Co,county,,mccracken,kentucky,,"1, 11, 13, 17, 18, 19, 2, 4, 8",residence of claimant ... mentioned as the county of jurisdiction ... county of the court and resident ... location of soldier's mother ... location of the court where the affidavit was sworn ... location of legal proceedings ... county of witness Rose Carneyhan ... County where the deposition is taking place ... county where claimant resides and application is made
usct_pension_files\C_D\Carneyhan Harvey.pdf,11603,Victoria | Victoria Texas,city,victoria,victoria,texas,united states,"1, 14, 17, 2, 6, 7, 8",location of soldier's death ... place where soldier died ... place where Harvey Carneyhan died ... location of regimental hospital where Harvey Carneyhan died ... location of regimental hospital where soldier died ... location of soldier's death in hospital
usct_pension_files\C_D\Carneyhan Harvey.pdf,11604,Kentucky,state,,,kentucky,,"10, 11, 17, 18, 19, 2, 4",mentioned as the state of jurisdiction ... jurisdiction for the legal document ... state where the pension document is issued ... location of legal proceedings ... state where the witnesses reside ... State mentioned in the document ... state mentioned in legal declaration
usct_pension_files\C_D\Carneyhan Harvey.pdf,11622,"Washington, D. C. | Washington D. C.",city,washington,,district of columbia,united states,"14, 6, 7",location of deposition and correspondence ... location of the pensions office ... location of Adjutant General's Office
usct_pension_files\C_D\Carneyhan Harvey.pdf,11626,Cincinnati,city,cincinnati,,ohio,,"20, 5",location of law publishers
usct_pension_files\C_D\Carneyhan Harvey.pdf,11634,Texas,state,,,texas,,"17, 2",state of the location of death ... state where soldier died
usct_pension_files\C_D\Carneyhan Harvey.pdf,11642,Berve,other,,,,,16,mentioned in document header
usct_pension_files\C_D\Carneyhan Harvey.pdf,11648,U.S. Col'd. Heav. Arty,military_post,,,,,15,regiment mentioned in payments
usct_pension_files\C_D\Carneyhan Harvey.pdf,11669,Rose Carneyhan,other,,,,,11,Name of individual related to the soldier
usct_pension_files\C_D\Carneyhan Harvey.pdf,11670,Crittenden,county,,crittenden,kentucky,,11,County where the soldier's master resided
usct_pension_files\C_D\Carneyhan Harvey.pdf,11671,Richmond,city,richmond,,virginia,,11,City to which the regiment was ordered
usct_pension_files\C_D\Carneyhan Harvey.pdf,11694,Guadalupe River Bottoms,region,,,,,17,location where soldier was on duty before death
usct_pension_files\C_D\Carneyhan Harvey.pdf,11627,--,other,,,,,9,date mentioned in letters
usct_pension_files\C_D\Carneyhan Harvey.pdf,11628,--,other,,,,,9,date mentioned in letters
usct_pension_files\C_D\Carneyhan Harvey.pdf,11629,--,other,,,,,9,date mentioned in letters
usct_pension_files\C_D\Carneyhan Harvey.pdf,11658,--,military_post,,,,,12,location of the regiment he served in
usct_pension_files\C_D\Carneyhan Harvey.pdf,11659,--,other,,,,,12,family support context
usct_pension_files\C_D\Carneyhan Harvey.pdf,11660,--,other,,,,,12,location the soldier left from before entering service
usct_pension_files\C_D\Chambers Aaron.pdf,11677,Louisville,city,louisville,,kentucky,,"1, 11",location of pension claim ... Agency mentioned for processing the widow's claim
usct_pension_files\C_D\Chambers Aaron.pdf,11678,Henderson | Henderson Co Ky,city,henderson,henderson,kentucky,,"1, 10, 11, 12, 13, 14, 15, 2, 6, 7, 8, 9",resident of ... Post Office address ... county of residence for the affiants ... county mentioned in the document for the pension process ... city where the Clerk's office is located ... county where Mrs. Rose Chambers resides and was married ... city where Mrs. Rose Chambers' post office is located ... County where the court is located ... City where the County Court is located ... location of the attorney ... location where certificate was sent to the claimant ... Residence of the affiant ... location of Clerk's office and court ... county where clerk's certificate is issued ... city where clerk's office is located ... county of residence of the affiant ... location referenced in the affidavit as residence ... residence of the widow and witnesses ... location of the widow
usct_pension_files\C_D\Chambers Aaron.pdf,11680,Virginia | Va,state,,,virginia,,"1, 10, 12, 14, 2, 6",location where soldier died ... state where Aaron Chambers died during service ... location of death of the soldier ... Location where Aaron Chambers died ... location of soldier's death
usct_pension_files\C_D\Chambers Aaron.pdf,11681,"Washington, D. C.",city,washington,,district of columbia,united states,"4, 5",location of Surgeon General's Office ... location of Adjutant General's Office
usct_pension_files\C_D\Chambers Aaron.pdf,11682,Chapin Farm,plantation,,,virginia,,5,burial site of Private Aaron Chambers
usct_pension_files\C_D\Chambers Aaron.pdf,11684,Hudson County,county,,hudson,,,3,location of the court mentioned in the document
usct_pension_files\C_D\Chambers Aaron.pdf,11685,United States,country,,,,united states,"3, 6",refers to the United States in terms of military service ... the broader military context
usct_pension_files\C_D\Chambers Aaron.pdf,11686,Kentucky,state,,,kentucky,,"11, 12, 13, 14, 15, 2, 6, 7, 9",state where the certificate is issued ... state where the application is filed ... State mentioned in the document ... the state where the soldier's widow resides ... Location of the affidavit ... state mentioned in legal certification ... state mentioned in certificate ... location of affidavit ... state of residence for witnesses and soldier
usct_pension_files\C_D\Chambers Aaron.pdf,11699,Green River,other,,,kentucky,,2,location mentioned in relation to the applicant's domicile
usct_pension_files\C_D\Chambers Aaron.pdf,11730,Field Hospital,military_post,,,virginia,,6,specific location where soldier died
usct_pension_files\C_D\Chambers Aaron.pdf,11731,Company E,military_post,,,,,6,unit in which soldier served
usct_pension_files\C_D\Chambers Aaron.pdf,11737,Owensboro,city,owensboro,daviess,kentucky,united states,4,place of enrollment for Aaron Chambers ... place where Aaron Chambers mustered into service
usct_pension_files\C_D\Chambers Aaron.pdf,11739,White Ranch,military_post,,,texas,united states,4,location of Muster out Roll for Co. 'G'
usct_pension_files\C_D\Chambers Aaron.pdf,11740,Texas,state,,,texas,united states,4,state location where White Ranch is situated
usct_pension_files\C_D\Chase Charles Civil War Pension.pdf,11707,STAMPS,town,stamps,,,,"3, 34, 43, 5, 50",location mentioned in a document date ... location of pension receipt ... location of the U.S. Pension Office ... location of U.S. Pension Office ... --
usct_pension_files\C_D\Chase Charles Civil War Pension.pdf,11724,"District Columbia | District of Columbia | D.C. | Wash. D.C. | WASHINGTON | Washington | Washington, D. C. | Washington D C | Washington D.C. | Washington, D.C. | Washington D. C.",state,washington,washington,district of columbia,united states,"13, 14, 15, 16, 19, 2, 20, 22, 24, 25, 26, 35, 38, 39, 4, 40, 41, 42, 44, 45, 47, 48, 49, 51, 52, 53, 54, 7, 8, 9",jurisdiction where the document was notarized ... location of legal certification ... location of deposition ... jurisdiction of the document ... location of notary public ... mentioned in context of claim processing ... jurisdiction mentioned in the document ... location of the Commissioner of Pensions ... resident of the city ... county mentioned in the jurisdiction ... location of the Attorney and official stamp ... location of U.S. Pension Agent ... home of the claimant ... attorney's location ... location of Bureau of Pensions ... location of applicant's address ... location of attorney's address ... location of Pension Bureau ... Original roll of pension records ... location of the Record and Pension Office ... address of the Record and Pension Office ... addressed to the Commissioner of Pensions ... Claimant's residence and location of testimony ... location of affidavit filing ... location of the claimant's residence and notary public ... location of the printing and sale of claim blanks ... location of court certification ... location of claim blank printer ... location of War Department ... location of U.S. Pension Agency ... location of pensions office ... residence of witnesses ... claimant's address ... place of business for printing ... soldier's residence and attorney's location ... location of deposition ... location of pension application ... location of endorsement ... location of claims blank printer ... location of soldier's home ... location of claim blank printer ... resident of Washington D.C. ... mailing address for attorney ... witness's residence
usct_pension_files\C_D\Chase Charles Civil War Pension.pdf,11725,"Natl. Sol Home, Va.",military_post,,,virginia,,2,location where pensioner died
usct_pension_files\C_D\Chase Charles Civil War Pension.pdf,11733,Harts Island,military_post,,,new york,,"11, 6",location of discharge ... location of honorable discharge
usct_pension_files\C_D\Chase Charles Civil War Pension.pdf,11734,SOUTHERN BRANCH,military_post,,,,,4,location of soldier's death
usct_pension_files\C_D\Chase Charles Civil War Pension.pdf,11741,Baltimore | Baltimore City,city,baltimore,baltimore,maryland,united states,"10, 12, 27, 28, 9","location of attorney ... residence of witness ... residence of affiant ... county of residence ... applicant's post office ... Claimant's address, location of board's post-office address"
usct_pension_files\C_D\Chase Charles Civil War Pension.pdf,11745,Maryland | Md,state,,,maryland,united states,"11, 9",state of residence ... state mentioned in the declaration
usct_pension_files\C_D\Chase Charles Civil War Pension.pdf,11750,Hilton Head,city,hilton head,,south carolina,,7,location of discharge
usct_pension_files\C_D\Chase Charles Civil War Pension.pdf,11759,D st N.W.,street,,,district of columbia,,14,post office address of the claimant
usct_pension_files\C_D\Chase Charles Civil War Pension.pdf,11760,Boise Barracks | Boise Bks Idaho,military_post,boise,,idaho,united states,"20, 21",location of medical examination ... location where the surgeon is stationed
usct_pension_files\C_D\Chase Charles Civil War Pension.pdf,11764,United States of America,country,,,,united states of america,18,country mentioned in the document
usct_pension_files\C_D\Chase Charles Civil War Pension.pdf,11765,Department of the Interior,other,,,,,"18, 39",government department involved in pension issuance ... organization involved in handling pensions
usct_pension_files\C_D\Chase Charles Civil War Pension.pdf,11772,Nat. Soldiers' Home,military_post,,,,,23,location of pension claim
usct_pension_files\C_D\Chase Charles Civil War Pension.pdf,11773,Elizabeth City,county,,elizabeth,virginia,,23,claimant's residence
usct_pension_files\C_D\Chase Charles Civil War Pension.pdf,11774,Home Va | Virginia,state,,,virginia,,"23, 26, 38",reference to a medical board ... claimant's state ... state involved in the affidavit ... state noted in the court certification
usct_pension_files\C_D\Chase Charles Civil War Pension.pdf,11781,Camp Court-Lane,other,,,,,20,location where the writer was during the mining excitement
usct_pension_files\C_D\Chase Charles Civil War Pension.pdf,11782,Hampton | Hampton VA,town,hampton,hampton,virginia,,"29, 30",post office location ... Claimant's post-office address.
usct_pension_files\C_D\Chase Charles Civil War Pension.pdf,11784,Balto | Balto. Md,county,baltimore,balto,maryland,,"11, 24",county mentioned in the declaration ... mailing address for Charles Chase
usct_pension_files\C_D\Chase Charles Civil War Pension.pdf,11785,City of Balto,city,baltimore,,maryland,,11,residence of Charles Chase
usct_pension_files\C_D\Chase Charles Civil War Pension.pdf,11787,Niagra Fall,other,,,new york,,11,location of discharge
usct_pension_files\C_D\Chase Charles Civil War Pension.pdf,11788,Camden St | Camden St.,street,baltimore,balto,maryland,,"11, 24, 27",address of the claimant ... Specific street address for claimant ... street for mailing address of Charles Chase
usct_pension_files\C_D\Chase Charles Civil War Pension.pdf,11791,U. S.,country,,,,united states,32,header information about the document
usct_pension_files\C_D\Chase Charles Civil War Pension.pdf,11793,Nat. Sold. Home VA,military_post,,,virginia,,29,Claimant's post-office address at the National Soldiers Home.
usct_pension_files\C_D\Chase Charles Civil War Pension.pdf,11796,Jacksonville,city,jacksonville,duval,florida,united states,"31, 33","location of the New York House, where Mrs. L. Billard is the proprietor ... location of St. Johns House"
usct_pension_files\C_D\Chase Charles Civil War Pension.pdf,11797,New York,state,,,new york,,36,state where the regiment is from
usct_pension_files\C_D\Chase Charles Civil War Pension.pdf,11801,St. Johns House,other,jacksonville,,florida,,31,location of employment
usct_pension_files\C_D\Chase Charles Civil War Pension.pdf,11803,Duval County,county,,duval,florida,,31,location of Jacksonville
usct_pension_files\C_D\Chase Charles Civil War Pension.pdf,11804,Florida | FLA.,state,,,florida,,"24, 31",state in which Jacksonville is located ... mentioned in correspondence with attorney
usct_pension_files\C_D\Chase Charles Civil War Pension.pdf,11806,War Department,other,,,,,39,location of the Record and Pension Office
usct_pension_files\C_D\Chase Charles Civil War Pension.pdf,11808,Pension Office,military_post,,,,,46,office where claim is processed
usct_pension_files\C_D\Chase Charles Civil War Pension.pdf,11810,"SOUTHERN BRANCH, NATIONAL HOME FOR D. V. S.",military_post,,,,,44,location of pension office
usct_pension_files\C_D\Chase Charles Civil War Pension.pdf,11813,Idaho,state,,,idaho,,"45, 47",location where injury occurred ... Location of the Camp where the Claimant worked
usct_pension_files\C_D\Chase Charles Civil War Pension.pdf,11815,NATIONAL SOLDIER'S HOME,military_post,,,virginia,,"37, 38",location of the National Soldier's Home where the claimant resides and is treated ... post-office address of the claimant ... hospital where the claimant is a patient ... location of deposition
usct_pension_files\C_D\Chase Charles Civil War Pension.pdf,11819,UNITED STATES' RESERVATION,other,,,,united states,38,land designation
usct_pension_files\C_D\Chase Charles Civil War Pension.pdf,11825,Coeur d'Alene | Fort Coeur d'Alene,military_post,,,idaho,united states,"47, 51",Specific camp location mentioned ... location where Charles Chase's finger was amputated
usct_pension_files\C_D\Chase Charles Civil War Pension.pdf,11833,Soldiers Home,military_post,,,district of columbia,united states,51,location where notarization took place
usct_pension_files\C_D\Chase Charles Civil War Pension.pdf,11837,N.C.,state,,,north carolina,,24,mentioned in correspondence with attorney
usct_pension_files\C_D\Chase Charles Civil War Pension.pdf,11838,S.C.,state,,,south carolina,,24,mentioned in correspondence with attorney
usct_pension_files\C_D\Chase Charles Civil War Pension.pdf,11840,GA.,state,,,georgia,,24,mentioned in correspondence with attorney
usct_pension_files\C_D\Chase Charles Civil War Pension.pdf,11841,ALA.,state,,,alabama,,24,mentioned in correspondence with attorney
usct_pension_files\C_D\Chase Charles Civil War Pension.pdf,11842,MISS.,state,,,mississippi,,24,mentioned in correspondence with attorney
usct_pension_files\C_D\Chase Charles Civil War Pension.pdf,11843,LA.,state,,,louisiana,,24,mentioned in correspondence with attorney
usct_pension_files\C_D\Chase Charles Civil War Pension.pdf,11844,TEX.,state,,,texas,,24,mentioned in correspondence with attorney
usct_pension_files\C_D\Chase Charles Civil War Pension.pdf,11845,KY.,state,,,kentucky,,24,mentioned in correspondence with attorney
usct_pension_files\C_D\Chase Charles Civil War Pension.pdf,11846,TENN.,state,,,tennessee,,24,mentioned in correspondence with attorney
usct_pension_files\C_D\Chase Charles Civil War Pension.pdf,11847,MO.,state,,,missouri,,24,mentioned in correspondence with attorney
usct_pension_files\C_D\Chase Charles Civil War Pension.pdf,11848,ARK.,state,,,arkansas,,24,mentioned in correspondence with attorney
usct_pension_files\C_D\Chase Charles Civil War Pension.pdf,11856,Camp Distribution,military_post,,,virginia,,49,location where Private William Gaines served
usct_pension_files\C_D\Chase Charles Civil War Pension.pdf,11857,Fort Macon,military_post,,,north carolina,,49,location where Private William Gaines served
usct_pension_files\C_D\Chase Charles Civil War Pension.pdf,11858,Plymouth,town,plymouth,,north carolina,,49,location where Private William Gaines served ... location of detached service for Private William Gaines
usct_pension_files\C_D\Chase Charles Civil War Pension.pdf,11904,Columbia,county,,columbia,district of columbia,,53,location mentioned in the legal header
usct_pension_files\C_D\Chase Charles Civil War Pension.pdf,11905,1508 B St. S.E.,street,,,,,53,witness's post-office address
usct_pension_files\C_D\Chase Charles Civil War Pension.pdf,11906,503 1/2 N St. N.W.,street,,,,,53,location of statement deposition
usct_pension_files\C_D\Chase Charles Civil War Pension.pdf,11907,U.S. Army,military_post,,,,,53,service reference during the Civil War
usct_pension_files\C_D\Chase Charles Civil War Pension.pdf,11908,40 Regt,military_post,,,,,53,military unit mention
usct_pension_files\C_D\Chase Charles Civil War Pension.pdf,11909,25 Regt U S. Inf,military_post,,,,,53,military unit mention
usct_pension_files\C_D\Chase Charles Civil War Pension.pdf,11706,--,other,,,,,1,Veteran's certificate
usct_pension_files\C_D\Chase Charles Civil War Pension.pdf,11756,--,,,,,,17,--
usct_pension_files\C_D\Chase Charles Civil War Pension.pdf,11766,--,,,,,,18,--
usct_pension_files\C_D\Chase Charles Civil War Pension.pdf,11860,--,,,,,,49,--
usct_pension_files\C_D\Chase Charles Civil War Pension.pdf,11861,--,,,,,,49,--
usct_pension_files\C_D\Clark David.pdf,7489,Marion | Marion County | Marion County Court | Marion Co . Ky,county,,marion,kentucky,,"1, 17, 2, 21, 23, 24, 25, 3, 4, 5, 8",location of widow's residence and court ... county mentioned in legal document ... residence of Mrs. Clara B. Clark ... county of residence for affiants ... location of deposition ... residence stated by Clara B. Clark ... the county where the deposition took place ... location of affiant's citizenship ... county mentioned in the legal certification ... county where the affidavit was sworn ... court mentioned for legal certification ... court where affidavits were sworn ... widow's location
usct_pension_files\C_D\Clark David.pdf,7490,Nashville | Nashville Tennesse,city,nashville,davidson,tennessee,united states,"1, 12, 15, 19, 2, 27, 28, 6, 8",location where husband died ... location of Corporal David Clark's death ... location of assault where Corporal David Clark was killed ... location of the battle where soldier was killed ... place where soldier died ... location of soldier's death ... Location where Dave Clark was killed in action ... location of the engagement and death of Davd Clarke ... place where soldier died due to wounds
usct_pension_files\C_D\Clark David.pdf,7491,Pleasant Run School House,other,,marion,kentucky,,"2, 24",location of marriage ceremony
usct_pension_files\C_D\Clark David.pdf,7492,Lebanon,town,lebanon,marion,kentucky,united states,"1, 10, 17, 2, 24, 25, 3, 5, 6, 8",Claimant's Post Office address ... post office address of Mrs. Clara B. Clark ... city where applicant resides ... court location ... enrollment location for Corporal David Clark ... location where certificate was sent ... the town where the witnesses reside ... Attorney's location ... pensioner's post office address ... place of residence
usct_pension_files\C_D\Clark David.pdf,7498,Kentucky,state,,,kentucky,,"1, 10, 17, 18, 23, 24, 3, 4, 5",state mentioned in legal document ... state of residence for affiant ... state of residence for the claim ... the state where the deposition took place ... state mentioned as the location of the claim ... state where marriage occurred
usct_pension_files\C_D\Clark David.pdf,7501,Louisville,city,louisville,,kentucky,,"1, 10, 7",location of U.S. Pension Agency ... demographic context; mentioned as an initial part of the document ... location of pension agency
usct_pension_files\C_D\Clark David.pdf,7521,War 1861,other,,,,,11,refers to the American Civil War
usct_pension_files\C_D\Clark David.pdf,7537,"Washington | Washington D. C. | Washington, D. C. | Washington DC | Washington D.C.",city,washington,,district of columbia,united states,"19, 26, 28, 30, 6",location of pension office ... location of Adjutant General's Office ... location of Pension Bureau ... P.O. address of applicant ... attorney's location for pension
usct_pension_files\C_D\Clark David.pdf,7551,Maury | Maury Co. | Maury County | Maury Co Tennesse,county,,maury,tennessee,united states,"12, 27, 28, 29",county where marriage and deposition occurred ... specific mention of the county in context of legal document ... location of the children's upbringing and legal context ... County where Suse Clark resides and where marriage took place ... County where Suse Clark raised her children ... location of deponents ... location of soldier's widow
usct_pension_files\C_D\Clark David.pdf,7557,Sneedville,town,sneedville,hancock,tennessee,,15,location of messenger's origin
usct_pension_files\C_D\Clark David.pdf,7572,Jackson,city,jackson,,,,21,name of a person (J. C. Jackson) who attests the record
usct_pension_files\C_D\Clark David.pdf,7577,United States,country,,,,united states,23,country of origin mentioned in historical context
usct_pension_files\C_D\Clark David.pdf,7587,Tennessee,state,,,tennessee,united states,"27, 28, 29",the state where events took place ... State where the pension claim is filed ... the state where the events occurred
usct_pension_files\C_D\Clark David.pdf,7591,Clara,other,,,,,22,reference to the person involved in the marriage
usct_pension_files\C_D\Clark David.pdf,7592,New Testament,other,,,,,22,contains the record of the births of children
usct_pension_files\C_D\Clark David.pdf,7593,Clara B. Clark,other,,,,,22,individual providing affidavit regarding births
usct_pension_files\C_D\Clark David.pdf,7594,David H.,other,,,,,22,first child born to Clara
usct_pension_files\C_D\Clark David.pdf,7595,Benjamin F.,other,,,,,22,second child born to Clara
usct_pension_files\C_D\Clark David.pdf,7596,Isaac Peitte,other,,,,,22,nephew of Clara and involved in recording births
usct_pension_files\C_D\Clark David.pdf,7602,Smisers Plantation,plantation,,maury,tennessee,,27,Location of marriage between Suse Clark and Dave Clark
usct_pension_files\C_D\Clark David.pdf,7611,Mount Pleasant,town,mount pleasant,maury,tennessee,united states,28,Post Office address
usct_pension_files\C_D\Clark David.pdf,7615,Columbia,city,columbia,maury,tennessee,united states,28,location of the court certification
usct_pension_files\C_D\Clark David.pdf,7550,--,other,,,,,16,letter from a friend
usct_pension_files\C_D\Clark David.pdf,7562,--,plantation,,,,,20,lived as a slave during marriage
usct_pension_files\C_D\Clay Henry.pdf,11854,Scott County | Scott | Scott Co | Scott Co. Ky.,county,,scott,kentucky,,"1, 10, 11, 12, 16, 2, 20, 21, 22, 25, 26, 27, 28, 29, 31, 39, 44, 45, 6, 7, 8, 9",location of deposition ... county mentioned in the certification ... county of residence of the claimant ... county of witnesses ... Home of Edmonia Clay and Henry Clay. ... Location where Henry was a servant before his volunteering. ... County mentioned in legal certification ... County mentioned in the document ... County mentioned in the Notary Public certification ... location of the affidavit ... servant and property of James F. Robinson ... county mentioned in the legal document ... county where court is located ... county where affidavit was sworn ... location of the pension affidavit ... location of county court certification ... county where the pension application was processed ... location of Georgetown within the county ... county where the witnesses reside ... county where the claim was made ... county where the declaration was made ... Location of the soldier's widow
usct_pension_files\C_D\Clay Henry.pdf,11862,"Washington | Washington, D. C. | WASHINGTON, D. C. | Washington D.C.",city,washington,,district of columbia,united states,"1, 26, 27, 29, 38, 39, 4, 42, 44, 45, 5",agent's location ... location referenced for official record of the Notary's character ... location where military service records are kept ... location of the pension department ... location of the appointed attorney ... location of Pension application submission ... location of the Adjutant General's Office ... location of Pension claim Department ... location of correspondence ... location of the head quarters of the Army ... location of the office ... location of appointed attorney Soule & Co.
usct_pension_files\C_D\Clay Henry.pdf,11863,Bowling Green,city,bowling green,warren,kentucky,united states,"34, 36, 39, 5",location where Private Henry Clay died ... location of hospital where soldier is on duty ... location of soldier's correspondence ... date stamp from pension office
usct_pension_files\C_D\Clay Henry.pdf,11864,Kentucky | Kenty | KY.,state,,,kentucky,united states,"1, 10, 11, 12, 13, 18, 2, 21, 22, 23, 26, 27, 28, 29, 31, 38, 39, 41, 44, 45, 6, 8, 9",state mentioned in the claim ... state of residence of the claimant ... Misspelled reference to Kentucky. ... state where claimant resides ... State where the document is notarized ... the state where the events took place ... state of the claimant ... state of the soldier's widow ... state where affidavit is made ... state referenced in pension document ... mentioned in the case of the pensioner ... mentioned in context of providing a certificate ... reference to the state in correspondence ... state of residence for witnesses ... state where the claim was made ... post office address for the claimant ... state mentioned in legal context ... abbreviation for state mention
usct_pension_files\C_D\Clay Henry.pdf,11868,Georgetown | Georgetown Ky | Georgetown Scott County,town,georgetown,scott,kentucky,,"1, 10, 2, 25, 27, 28, 29, 31, 35, 37, 38, 39, 40, 44, 45, 6, 8","location of marriage of the claimant ... residence of William H. Barlow, practicing physician ... location of the residence of James F. Robinson ... home of pensioner Edmonia Clay ... address of claimant Bettie Clay ... Residence of Guardian ... mention of a church in Georgetown ... part of claimant's address ... location associated with Bettie Clay ... place of residence of the pensioner at the time of the certificate's loss ... post-office address of the pension applicant ... address for Mrs. Edmonia Clay and location of correspondence ... address for correspondence ... witness location ... residence of the claimant ... post office address of Bettie Clay ... residence of witnesses ... James F. Robinson states his location."
usct_pension_files\C_D\Clay Henry.pdf,11869,Shepardsville | Shepardsville Ky.,town,shepardsville,,kentucky,,"1, 16, 6",location of death ... Location of Henry Clay's death. ... Place where soldier died
usct_pension_files\C_D\Clay Henry.pdf,11874,Shepersville,town,shepersville,,kentucky,,2,location of death of the claimant's husband
usct_pension_files\C_D\Clay Henry.pdf,11884,U. S. Pension Office,other,,,,,15,location of pension office
usct_pension_files\C_D\Clay Henry.pdf,11886,Louisville,city,louisville,,kentucky,united states,"14, 18, 25, 29, 31, 44, 46",location of the United States Pension Agency ... location of agency for widow's pension ... location where pension payments are processed ... location of claimant's pension ... location of the agency where the pension was last paid ... location mentioned in agency address ... pension agency location
usct_pension_files\C_D\Clay Henry.pdf,11893,Stevenson,town,stevenson,,alabama,united states,4,enrollment location of Henry Clay
usct_pension_files\C_D\Clay Henry.pdf,11894,N & N W R. R. Junc,military_post,,,,,4,muster location of Henry Clay into service
usct_pension_files\C_D\Clay Henry.pdf,11902,United States,country,,,,united states,10,the country where pension claims are filed
usct_pension_files\C_D\Clay Henry.pdf,11912,N,other,,,,,19,mentioned in pension payment statement
usct_pension_files\C_D\Clay Henry.pdf,11913,P. Agt,other,,,,,19,mentioned in reference to pension document
usct_pension_files\C_D\Clay Henry.pdf,11916,Lexington | Lexington P. O.,city,lexington,scott,kentucky,,"18, 31, 40, 46",mentioned as an alternative agency city ... mentioned in relation to the widow's certificate ... location mentioned in agency address ... address of claimant Edmonia Clay
usct_pension_files\C_D\Clay Henry.pdf,11917,Frankfort,city,frankfort,,kentucky,,24,location of Adjutant-General's Office
usct_pension_files\C_D\Clay Henry.pdf,11918,Shepardville,town,,,kentucky,,24,place of soldier's death
usct_pension_files\C_D\Clay Henry.pdf,11919,Louis,city,louis,,,,30,mentioned as a location related to certification
usct_pension_files\C_D\Clay Henry.pdf,11920,County Ky.,county,,scott,kentucky,,21,mentioned in relation to affidavit
usct_pension_files\C_D\Clay Henry.pdf,11940,Shepherdsville,town,shepherdsville,bullitt,kentucky,,"27, 33",location mentioned in passing ... place of death of Henry Clay
usct_pension_files\C_D\Clay Henry.pdf,11941,Bullitt Co Ky,county,,bullitt,kentucky,,33,location mentioned in passing
usct_pension_files\C_D\Clay Henry.pdf,11942,Poters leaf Ky,military_post,,,kentucky,,33,location mentioned as Camp
usct_pension_files\C_D\Clay Henry.pdf,11944,Branch B,village,,,,,34,location of hospital
usct_pension_files\C_D\Clay Henry.pdf,11945,Box Spring,village,,,,,34,previous location of hospital
usct_pension_files\C_D\Clay Henry.pdf,11951,STAMPS,town,stamps,,,,43,location of law division
usct_pension_files\C_D\Clay Henry.pdf,11953,Darlington,town,darlington,,,,40,mentioned in the document reference header
usct_pension_files\C_D\Clay Henry.pdf,11999,Camp Nelson,military_post,,,kentucky,,27,enlistment location of Henry Clay
usct_pension_files\C_D\Clay Henry.pdf,12041,AL,state,,,alabama,,41,abbreviation for state mention
usct_pension_files\C_D\Clay Henry.pdf,12042,MD,state,,,maryland,,41,abbreviation for state mention
usct_pension_files\C_D\Clay Henry.pdf,12043,VA,state,,,virginia,,41,abbreviation for state mention
usct_pension_files\C_D\Clay Henry.pdf,12044,W. VA.,state,,,west virginia,,41,abbreviation for state mention
usct_pension_files\C_D\Clay Henry.pdf,12045,S. C.,state,,,south carolina,,41,abbreviation for state mention
usct_pension_files\C_D\Clay Henry.pdf,12046,FLA.,state,,,florida,,41,abbreviation for state mention
usct_pension_files\C_D\Clay Henry.pdf,12047,GA,state,,,georgia,,41,abbreviation for state mention
usct_pension_files\C_D\Clay Henry.pdf,12048,ALA.,state,,,alabama,,41,abbreviation for state mention
usct_pension_files\C_D\Clay Henry.pdf,12049,MISS.,state,,,mississippi,,41,abbreviation for state mention
usct_pension_files\C_D\Clay Henry.pdf,12050,LA.,state,,,louisiana,,41,abbreviation for state mention
usct_pension_files\C_D\Clay Henry.pdf,12051,TEX.,state,,,texas,,41,abbreviation for state mention
usct_pension_files\C_D\Clay Henry.pdf,12053,TENN.,state,,,tennessee,,41,abbreviation for state mention
usct_pension_files\C_D\Clay Henry.pdf,12054,MO.,state,,,missouri,,41,abbreviation for state mention
usct_pension_files\C_D\Clay Henry.pdf,12055,ARK.,state,,,arkansas,,41,abbreviation for state mention
usct_pension_files\C_D\Clay Henry.pdf,12056,D. C.,territory,,,district of columbia,,41,abbreviation for territory mention
usct_pension_files\C_D\Clay Henry.pdf,12057,U.S.C.T.,other,,,,,41,abbreviation for United States Colored Troops
usct_pension_files\C_D\Clay Henry.pdf,11895,--,county,,,,,4,--
usct_pension_files\C_D\Clay Henry.pdf,11896,--,county,,,,,4,--
usct_pension_files\C_D\Clay Henry.pdf,11929,Camp,military_post,,,,,32,location of soldier's current position
usct_pension_files\C_D\Crosthwait George (1)-compressed.pdf,11969,Consolidated,other,,,,,1,indicates a merging of pension records
usct_pension_files\C_D\Cuthbert Sampson Civil War Pension.pdf,2379,NATIONAL ARCHIVES,other,,,,,1,location of soldier's certificate
usct_pension_files\C_D\Cuthbert Sampson Civil War Pension.pdf,2411,South Carolina | S. C. | So Carolina | S.C. | S C,state,,,south carolina,united states,"100, 102, 103, 104, 106, 107, 109, 110, 119, 12, 123, 125, 126, 127, 128, 13, 15, 16, 17, 18, 2, 22, 23, 28, 3, 32, 33, 35, 36, 38, 40, 48, 49, 5, 50, 52, 53, 58, 59, 61, 63, 64, 65, 66, 67, 69, 74, 75, 77, 78, 85, 87, 88, 90, 91, 92, 93, 95, 98",U.S. state mentioned in the proceedings ... location of affidavit ... mentioned as the state of the document ... designation of the 1st S. C. Vols. regiment ... state where the regiment was organized ... state of notary public ... the state in which the affidavit is executed ... location of the declaration ... state of declaration ... state of residence of the declarant ... state where the affidavit was made ... state where the examination took place ... state where pension claim was filed ... claimant's state of residence ... jurisdiction of the declaration ... notarization state ... jurisdiction where the affidavit is executed ... state of the declaration ... state of residence in pension application ... state where the claim is filed ... state mentioned in the affidavit ... mentioned in relation to a case ... State of residence of the claimant ... jurisdiction of the pension document ... State where the claimant resides and serves ... the state where the pension application was made ... state of the soldier's regiment ... state name listed ... Claimant's state of residence ... state where the claim was processed ... state of the affidavit ... state where claimant serves in the regiment ... State where the claimant resides and the military regiment is stationed ... additional service of soldier ... State of the claimant ... state of jurisdiction ... re-city indication in document ... state where affidavit was taken ... jurisdiction of the notarization ... location of deposition ... state mentioned in relation to Beaufort ... various mentions of the state in relation to soldier's service and applications ... state of residence for claimant ... jurisdiction of the affidavit ... State of the soldier's service ... mentioned as an abbreviation for the state ... state mentioned for legal jurisdiction ... mentioned in a list of locations
usct_pension_files\C_D\Cuthbert Sampson Civil War Pension.pdf,2412,"Beaufort | Beaufort Island | Beaufort Co. | Beaufort Co | Beaufort County | Beaufort County S.C. | BEAUFORT COUTY S.C. | Beaufort S.C. | Beaufort S C | Beaufort S. C. | Beaufort, S. C. | Beaufort So. Car. | Charleston | Charleston S. C. | Charleston S.C. | Hilton Head | Hilton Head S.C. | State of South Carolina | Walnutville | Walnutville, S.C.",county,beaufort,beaufort,south carolina,united states,"101, 103, 104, 105, 106, 107, 109, 11, 110, 112, 114, 115, 116, 118, 119, 12, 120, 121, 122, 123, 124, 125, 126, 127, 128, 129, 130, 131, 14, 16, 17, 18, 19, 2, 20, 21, 22, 23, 24, 25, 28, 29, 3, 30, 31, 32, 33, 34, 35, 36, 37, 38, 39, 4, 40, 41, 42, 43, 44, 46, 47, 48, 49, 5, 50, 51, 52, 53, 54, 55, 56, 57, 59, 6, 60, 61, 63, 64, 65, 67, 69, 7, 71, 72, 73, 74, 75, 76, 77, 78, 79, 80, 81, 82, 83, 85, 87, 90, 91, 92, 93, 94, 95, 96, 97, 99","County mentioned where affidavit is made ... City mentioned as post office address ... City mentioned in the conclusion of the affidavit ... County mentioned in affidavit ... location of claimant and soldier ... filed by claimant ... residence of David Green ... the Post Office address of David Green ... location of the notarization by R. F. Greaves ... mentioned as the county of the document ... mentioned as the P.O. address of claimant ... residence of the affiant ... Post Office address of the affiant ... location of testimony and notary public ... location mentioned in the address ... residence of witness A W Ezikiel ... residence of affiant ... county where the affidavit is executed ... city where the pension attorney is located ... citizens of the town ... location of notarization ... notary public's location ... appointment of attorney ... location of the court and the resident ... residence after leaving service ... county of declaration ... location of physician who attended pensioner ... declarant's residence information ... county where the notary public is located ... Claimant's post-office address ... county where the affidavit was made ... citizen's residence ... county of residence mentioned in address ... city where both witnesses reside ... post office location for the pension application ... county of residence for the claimant, Sampson Cuthbert ... residence of witness Abel Simmons ... the county in which the declaration is made ... the city where the marriage took place ... the post-office address of the claimant ... post office address of the applicant ... location of post office address ... Post office location related to the examination of Sampson Cuthbert ... claimant's birthplace ... claimant's county of birth ... location where the declaration is made ... residence of claimant ... location where claim agent is based ... Claimant's post office address ... location of the Notary Public and the affiant ... county mentioned in pension declaration ... resident of the town ... county of residence in pension application ... residence of R. S. Bryant, affiant ... Post Office address of R. S. Bryant ... location of the claim ... county where the claim is filed ... county where the affidavit was notarized ... city where Dr. N. J. Kennedy practices ... location of deposition ... soldier's residence after M.O. ... Location of claimant's residence ... jurisdiction of the pension document ... residing person in claim ... Claimant's residence and post office location ... county where Sampson Cuthbert resides and the declaration is made ... the city where Sampson Cuthbert resides ... Location of notary and legal context ... county name listed ... location of claim filing ... printing location for the document ... County of the claimant's residence ... location of affidavit ... physician's residence ... location where claim was filed ... Claimant served in Company D, 1 Reg't S C Vols ... mentioned as the county of residence ... location where affidavit was sworn ... county of the affidavit ... residence of the witness R. S. Bryant ... Post Office address of witness R. S. Bryant ... claimant's post office and residence ... county where claimant resides ... Claimant's residence and location for mail ... County where the claimant resides ... residence of Jos Bythewood ... residence of witnesses ... county where the affidavit is made ... post office address of claimant ... soldier's place of residence ... attorney's place of residence ... residency of affiant Jackson Green ... residency of affiant Sampson Green and location of pension attorney ... location of notary public A. S. Bascomb ... county of origin for claimant ... soldier's post office and application location ... county mentioned in application ... location of hospital mentioned ... location of soldier's post office ... location of pension claim ... P.O. address for attorney and soldier ... location of certification and service ... attorney's office location ... P.O. for the claimant ... Location mentioned in attorney's contact info ... post office for parcel delivery ... location of delivery date ... pensioner's address ... location of post office for claimant ... Pensioner's address ... jurisdiction of the affidavit ... resident of Beaufort Island ... Post Office address of affiant ... County of resident ... city where affiant resides ... location of the affidavit and court ... location of the pension filing ... Location associated with the attorney ... resident's location ... location of attorney's office and application filing ... county mentioned in relation to Beaufort ... county mentioned for legal jurisdiction ... location of notary public's certification ... location where notary public certifies the affidavit ... residence of Sampson Cuthbert ... location of the author's farm and mentions of health issues ... Post Office address of Sampson Cuthbert ... County mentioned in the notary public's certification ... certification of the court ... soldier's location ... location where Samuel Cusbert enrolled ... location of witnesses signing the application ... location of notary public ... residence of witnesses David Green and March Washington ... Claimant's post-office address ... Post Office address of Dr. N. J. Kennedy ... address of the notary public ... location of estate documentation ... location of declaration ... location where claim was filed ... widow's location ... the city where the soldier was honorably discharged ... location of Sampson Cuthbert's discharge ... discharged from service ... location of military muster out ... location of discharge ... location of honorable discharge ... location of soldier's discharge ... location where Sampson Cuthbert was honorably discharged ... location of soldier's discharge ... location of discharge and injury ... location of injury ... location of hospital treatment ... place of discharge and injury ... place of injury incident ... Location where injury occurred ... location of discharge from military service ... location where injury occurred ... location of General Hospital ... Location where the claimant fell from a wharf and injured his back ... part of the legal document stating the jurisdiction ... soldier's birthplace and current residence"
usct_pension_files\C_D\Cuthbert Sampson Civil War Pension.pdf,2413,Port Royal Island | Port Royal | Port Royal Isld | Port Royal Island S. C. | Port Royal S C,other,port royal,beaufort,south carolina,united states,"105, 16, 18, 2, 28, 29, 34, 7, 83","Resident's location mentioned ... island of residence ... Birthplace of the claimant ... residing place of T. C. Garrett ... place of death of Sampson Cuthbert ... location of marriage ceremony ... location mentioned for residence ... residence since January 31, 1866 ... place of birth for Samuel Cusbert"
usct_pension_files\C_D\Cuthbert Sampson Civil War Pension.pdf,2436,"Washington | WASHINGTON | Washington, D. C. | WASHINGTON, D. C. | Washington, D.C.",city,washington,washington,district of columbia,united states,"100, 11, 114, 115, 12, 123, 127, 13, 131, 15, 17, 19, 27, 31, 5, 51, 66, 67, 68, 69, 7, 70, 79, 8, 80, 82, 89, 92, 96, 98",location of pension office ... mentioned as location of sale ... location of the War Department ... location of solicitors R. B. DONALDSON & Co. ... location of the Commissioner of Pensions ... location of pension attorney ... location of Bureau of Pensions ... location of attorney's office ... location of affidavit filing ... Agent's location ... address of the Record and Pension Office ... location of pension department ... location of the printer of pension forms ... location of the printing and sale of the document ... post office of origin ... location of sender's address ... location of the company selling the document ... location of the printing office ... location of sales for document ... location of pension bureau ... location of solicitors of claims ... address of pension attorney C. W. CORDIN ... location of pension filing ... location of Bureau of Pensions ... location of the printed claim blank
usct_pension_files\C_D\Cuthbert Sampson Civil War Pension.pdf,2447,Knoxville,city,knoxville,,tennessee,united states,"121, 16, 23, 9, 91, 95",location of pension agency ... location of the U.S. Pension Agent who last paid the pension ... location of pension enrollment ... location of Pension Agency ... Original Roll for soldier
usct_pension_files\C_D\Cuthbert Sampson Civil War Pension.pdf,2448,STAMPS | Stamps,town,stamps,,,,"10, 108, 111, 113",location of the U.S. Pension Office ... location mentioned in the heading date ... mail delivery ... postmark location
usct_pension_files\C_D\Cuthbert Sampson Civil War Pension.pdf,2454,Southern Division,region,,,,,15,section of the army being referenced
usct_pension_files\C_D\Cuthbert Sampson Civil War Pension.pdf,2460,Seabrook,town,seabrook,beaufort,south carolina,,"11, 12, 73",address of the soldier Samuel Cuthbert ... residence of Samuel Cusbert ... Claimant's post-office address
usct_pension_files\C_D\Cuthbert Sampson Civil War Pension.pdf,2486,Coosaw | Coosaw Beaufort Co.,other,coosaw,beaufort,south carolina,united states,"103, 18, 36, 37, 44, 67, 69",Samuel Cusbert's residence ... Post Office address of claimant ... residence of witness Morris McNeil ... Claimant's post office address ... claimant's post office address ... P.O. address of the claimant ... Post office address of the claimant ... Post office location
usct_pension_files\C_D\Cuthbert Sampson Civil War Pension.pdf,2492,Horsepond,village,,,south carolina,,27,location of marriage
usct_pension_files\C_D\Cuthbert Sampson Civil War Pension.pdf,2506,Porter Plantation | Porterfield | Poterfield,plantation,beaufort,beaufort,south carolina,,"112, 23, 24, 38, 54, 55, 90, 91",location where the pensioner died ... location of the declarant's residence ... location of claimant's post office address ... place where the deponent lives ... Claimant's Post Office address ... place of residence ... post office location ... location of residence after discharge
usct_pension_files\C_D\Cuthbert Sampson Civil War Pension.pdf,2507,Harbisham Burying Ground,cemetery,,,,,24,location where the pensioner was buried
usct_pension_files\C_D\Cuthbert Sampson Civil War Pension.pdf,2517,Tennessee | TENN. | TENN,state,,,tennessee,,"102, 103, 104, 105, 23",state where the city of Knoxville is located ... Mentioned in the context of claims ... mentioned as an abbreviation for the state ... state mentioned before ... mentioned in a list of locations
usct_pension_files\C_D\Cuthbert Sampson Civil War Pension.pdf,2530,Bladen street,street,beaufort,beaufort,south carolina,,29,specific street where C. Cuthbert resides
usct_pension_files\C_D\Cuthbert Sampson Civil War Pension.pdf,2537,S Carolina,state,,,south carolina,,30,the state where the declaration was made
usct_pension_files\C_D\Cuthbert Sampson Civil War Pension.pdf,2583,So. Ca | So. Ca.,state,,,south carolina,,"124, 51, 97",state where the claim is filed ... state mentioned in the legal document ... state of residence
usct_pension_files\C_D\Cuthbert Sampson Civil War Pension.pdf,2585,U.S. PENSION OFFICE | U. S. Pension Office,other,,,,,"117, 51",location of the pension office ... location of correspondence
usct_pension_files\C_D\Cuthbert Sampson Civil War Pension.pdf,2596,Camp Shaw,military_post,,beaufort,south carolina,,"54, 55, 58",location where soldier incurred injury ... enlistment location ... location of enlistment
usct_pension_files\C_D\Cuthbert Sampson Civil War Pension.pdf,2600,Walnut Hill,other,,beaufort,south carolina,,"54, 55",birthplace of the deponent ... soldier's birthplace
usct_pension_files\C_D\Cuthbert Sampson Civil War Pension.pdf,2604,Jacksonville,city,jacksonville,,florida,united states,56,location of battle with the enemy
usct_pension_files\C_D\Cuthbert Sampson Civil War Pension.pdf,2605,Morris Island,military_post,,,south carolina,,56,location of battle
usct_pension_files\C_D\Cuthbert Sampson Civil War Pension.pdf,2606,James Island,military_post,,,south carolina,,56,location of battle
usct_pension_files\C_D\Cuthbert Sampson Civil War Pension.pdf,2607,Honey Hill,battlefield,,,south carolina,,56,location of battle
usct_pension_files\C_D\Cuthbert Sampson Civil War Pension.pdf,2614,Big Island,town,,beaufort,south carolina,,60,residing person in claim
usct_pension_files\C_D\Cuthbert Sampson Civil War Pension.pdf,2630,Barnwell plantation,plantation,,beaufort,south carolina,,54,location of residence before enlistment
usct_pension_files\C_D\Cuthbert Sampson Civil War Pension.pdf,2633,Habirsham Place,plantation,,beaufort,south carolina,,54,location of current residence
usct_pension_files\C_D\Cuthbert Sampson Civil War Pension.pdf,2683,U.S.C.,territory,,,,united states,88,military service designation ... old records reference
usct_pension_files\C_D\Cuthbert Sampson Civil War Pension.pdf,2702,Virginia | VA | VA.,state,,,virginia,,"100, 102, 104, 105, 98, 99",mentioned in passing ... state of the National Military Home ... location of the National Soldiers Home; pension attorney's office ... mentioned as an abbreviation for the state ... state indicated ... mentioned in a list of locations
usct_pension_files\C_D\Cuthbert Sampson Civil War Pension.pdf,2712,Ninth Street,street,washington,,district of columbia,,98,specific street address for the claim blank printer
usct_pension_files\C_D\Cuthbert Sampson Civil War Pension.pdf,2727,Folly Island,other,,,south carolina,,95,location of military service
usct_pension_files\C_D\Cuthbert Sampson Civil War Pension.pdf,2753,buering ground,cemetery,,,,,116,location for burial of Sampson Cuthbert
usct_pension_files\C_D\Cuthbert Sampson Civil War Pension.pdf,2779,W.VA. | W. VA | W. VA.,state,,,west virginia,,"102, 103, 104",Location in relation to military service ... mentioned as an abbreviation for the state ... mentioned in a note regarding attorney
usct_pension_files\C_D\Cuthbert Sampson Civil War Pension.pdf,2780,FLA. | FLA | Florida,state,,,florida,,"102, 103, 104, 105",Mentioned in the context of claims ... mentioned as an abbreviation for the state ... state of widow Dorcus Cuthbert ... mentioned in a list of locations
usct_pension_files\C_D\Cuthbert Sampson Civil War Pension.pdf,2781,GA. | GA | Georgia,state,,,georgia,,"102, 103, 104, 105",Mentioned in the context of claims ... mentioned as an abbreviation for the state ... state mentioned in relation to Sampson Cuthbert ... mentioned in a list of locations
usct_pension_files\C_D\Cuthbert Sampson Civil War Pension.pdf,2782,ALA. | ALA | Alabama,state,,,alabama,,"102, 103, 104, 105",Mentioned in the context of claims ... mentioned as an abbreviation for the state ... state mentioned before ... mentioned in a list of locations
usct_pension_files\C_D\Cuthbert Sampson Civil War Pension.pdf,2783,MISS. | MISS | Mississippi,state,,,mississippi,,"102, 103, 104, 105",Mentioned in the context of claims ... mentioned as an abbreviation for the state ... state mentioned before ... mentioned in a list of locations
usct_pension_files\C_D\Cuthbert Sampson Civil War Pension.pdf,2784,LA. | LA | Louisiana,state,,,louisiana,,"102, 103, 104, 105",Mentioned in the context of claims ... mentioned as an abbreviation for the state ... state mentioned before ... mentioned in a list of locations
usct_pension_files\C_D\Cuthbert Sampson Civil War Pension.pdf,2785,TEX. | TEX | Texas,state,,,texas,,"102, 103, 104, 105",Mentioned in the context of claims ... mentioned as an abbreviation for the state ... state mentioned before ... mentioned in a list of locations
usct_pension_files\C_D\Cuthbert Sampson Civil War Pension.pdf,2786,KY. | KY | Kentucky,state,,,kentucky,,"102, 103, 104, 105",Mentioned in the context of claims ... mentioned as an abbreviation for the state ... state mentioned before ... mentioned in a list of locations
usct_pension_files\C_D\Cuthbert Sampson Civil War Pension.pdf,2788,MO. | Mo | Missouri,state,,,missouri,,"102, 103, 104, 105",Mentioned in the context of claims ... mentioned as an abbreviation for the state ... state mentioned before ... mentioned in a list of locations
usct_pension_files\C_D\Cuthbert Sampson Civil War Pension.pdf,2789,ARK. | ARK | Arkansas,state,,,arkansas,,"102, 103, 104, 105",Mentioned in the context of claims ... mentioned as an abbreviation for the state ... state mentioned before ... mentioned in a list of locations
usct_pension_files\C_D\Cuthbert Sampson Civil War Pension.pdf,2790,D.C. | D. C. | District of Columbia,city,washington,,district of columbia,united states,"102, 103, 104, 105",Mentioned in the context of claims ... mentioned as an abbreviation for the district ... territory mentioned on application filing ... mentioned in a list of locations
usct_pension_files\C_D\Cuthbert Sampson Civil War Pension.pdf,2791,U.S.C.T.,other,,,,,"102, 103","Refers to United States Colored Troops, associated with Civil War service ... abbreviation indicating United States Colored Troops"
usct_pension_files\C_D\Cuthbert Sampson Civil War Pension.pdf,2793,County of Beaufort,county,,beaufort,south carolina,,131,part of the legal document stating the jurisdiction
usct_pension_files\C_D\Cuthbert Sampson Civil War Pension.pdf,2794,Old Beaufort,town,beaufort,beaufort,south carolina,,131,address of the claimant
usct_pension_files\C_D\Cuthbert Sampson Civil War Pension.pdf,2800,MD | MD.,state,,,maryland,,"102, 104",mentioned as an abbreviation for the state ... mentioned in a list of locations
usct_pension_files\C_D\Cuthbert Sampson Civil War Pension.pdf,2803,N. C. | North Carolina,state,,,north carolina,,"102, 104, 105",mentioned as an abbreviation for the state ... state of widow Dorcus Cuthbert ... mentioned in a list of locations
usct_pension_files\C_D\Cuthbert Sampson Civil War Pension.pdf,2830,West Virginia,state,,,west virginia,,105,state indicated
usct_pension_files\C_D\Cuthbert Sampson Civil War Pension.pdf,2870,IND. TER.,territory,,,,,104,mentioned in a list of locations
usct_pension_files\C_D\Cuthbert Sampson Civil War Pension.pdf,2871,KANS.,state,,,kansas,,104,mentioned in a list of locations
usct_pension_files\C_D\Cuthbert Sampson Civil War Pension.pdf,2876,N. MEX.,state,,,new mexico,,104,mentioned in a list of locations related to evidences
usct_pension_files\C_D\Cuthbert Sampson Civil War Pension.pdf,2877,COLO.,state,,,colorado,,104,mentioned in a list of locations
usct_pension_files\C_D\Cuthbert Sampson Civil War Pension.pdf,2878,ARIZ.,state,,,arizona,,104,mentioned in a list of locations
usct_pension_files\C_D\Cuthbert Sampson Civil War Pension.pdf,2879,UTAH.,state,,,utah,,104,mentioned in a list of locations
usct_pension_files\C_D\Cuthbert Sampson Civil War Pension.pdf,2893,NEV.,state,,,nevada,,104,mentioned in a list of locations
usct_pension_files\C_D\Cuthbert Sampson Civil War Pension.pdf,2894,CAL.,state,,,california,,104,mentioned in a list of locations
usct_pension_files\C_D\Cuthbert Sampson Civil War Pension.pdf,2509,--,country,,,,United States of America,26,legislative context of pension laws
usct_pension_files\C_D\Cuthbert Sampson Civil War Pension.pdf,2510,--,state,,,,United States of America,26,jurisdiction mentioned in the application for pension
usct_pension_files\C_D\Cuthbert Sampson Civil War Pension.pdf,2511,--,country,,,,United States of America,26,location of various legislative acts related to pensions
usct_pension_files\C_D\Cuthbert Sampson Civil War Pension.pdf,2512,--,country,,,,United States of America,26,related to the appropriations for pensions
usct_pension_files\C_D\Cuthbert Sampson Civil War Pension.pdf,2665,--,,,,,,86,--
"usct_pension_files\C_D\Drayton, William Civil War pension - USC -2nd L.A..pdf",7573,National Archives,other,,,,,1,location of soldier's certificate
"usct_pension_files\C_D\Drayton, William Civil War pension - USC -2nd L.A..pdf",7579,"Beaufort | Beaufort District | Beaufort County | Beaufort Co S. C. | Beaufort Co. S.C. | Beaufort S.C. | Beaufort, S. C. | Beaufort So Carolina | Charleston | Charleston, S.C. | Hilton Head, S.C.",town,beaufort,beaufort,south carolina,united states,"10, 11, 12, 13, 14, 16, 18, 19, 2, 20, 21, 22, 24, 26, 27, 29, 3, 31, 32, 33, 34, 35, 36, 37, 4, 40, 41, 42, 7, 8, 9","Post office location ... residence of witnesses ... address of claimant ... location of claimant's post office ... county of residence for William Drayton ... residential location of William Drayton ... county where the claimant resides ... resident city of the claimant ... location of correspondence ... location of service and application ... office of the attorney ... post office address and soldier's residence ... signature of related individuals, confirming residence and involvement ... mention of court jurisdiction ... mention related to court ... county of residence and where the court is located ... town of residence and where the applicant resides ... location where the applicant volunteered for military service ... postal address of the applicant ... location of soldier's details and discharge ... location of attorney's details ... location of Dr. A P Kennedy ... location of recipient's post office ... location of recipient's address ... location of the affidavit ... location of physician's practice ... county of residence of the affiant ... county where the document is executed ... residence of John L Green ... county where the affidavit is executed ... town mentioned in connection to events during the war ... recipient's county of residence ... resident and site of deposition ... location of deposition ... Post-Office address of affiant ... location mentioned in affidavit ... county mentioned as part of jurisdiction ... city mentioned as the physician's location ... Claimant's post-office address. ... location of enrollment ... residence of witnesses ... address of the soldier ... Post-Office address for John L. Green ... Post-Office address of the physician ... mentioned in correspondence regarding a pension claim ... near Charleston as a point of reference ... location of Post Hospital ... location of Post Surgeon ... location of muster into service"
"usct_pension_files\C_D\Drayton, William Civil War pension - USC -2nd L.A..pdf",7597,Knoxville,city,knoxville,,tennessee,,"15, 6, 9",location of pension agency ... location mentioned in the document header ... Original Roll location for pension
"usct_pension_files\C_D\Drayton, William Civil War pension - USC -2nd L.A..pdf",7598,Tennessee,state,,,tennessee,,"16, 6",state where pension agency is located ... mentioned in relation to service or claims
"usct_pension_files\C_D\Drayton, William Civil War pension - USC -2nd L.A..pdf",7604,Morris Island,battlefield,,,south carolina,,"12, 13, 39, 40, 41, 5",site of battle where soldier was wounded ... location where disability was alleged due to gunshot wound ... location of injury sustained during the service ... location of treatment for soldier ... location associated with Post Hospital records ... records from Post Hospital
"usct_pension_files\C_D\Drayton, William Civil War pension - USC -2nd L.A..pdf",7605,"Washington | WASHINGTON | Washington, D. C. | Washington, D.C.",city,washington,washington,district of columbia,united states,"10, 11, 14, 16, 24, 26, 27, 29, 31, 33, 35, 38, 4, 41, 5, 7, 8",location of the Adjutant General's office ... location of claimant's attorney ... location where William Drayton's attorney is based ... location of post office ... location of sender's address ... location of attorney filing the application ... location of Surgeon General's Office ... location of the attorney ... capital where military decisions were made ... location of correspondence ... location of printing company ... location of the Bureau of Pensions ... mentioned in relation to service or claims ... location of Surgeon General's Office
"usct_pension_files\C_D\Drayton, William Civil War pension - USC -2nd L.A..pdf",7606,South Carolina | So Carolina,state,,,south carolina,united states,"10, 13, 14, 16, 29, 33, 34, 35, 36, 37, 42, 5, 9",state where Morris Island is located ... state of claimant's residence ... state where the declaration is made ... jurisdiction where the declaration is made ... location of the affidavit ... state where affidavit is notarized ... state of residence of the affiant ... state of residence for the pension claim ... state mentioned in the affidavit ... state of soldier's residence and service ... state mentioned in the file
"usct_pension_files\C_D\Drayton, William Civil War pension - USC -2nd L.A..pdf",7623,"Jacksonville | Jacksonville, Fla.",city,jacksonville,duval,florida,united states,"10, 12, 13, 4",location of discharge from military service ... location of camp during military service; reports of sickness ... location of absence due to sickness ... location where the applicant was honorably discharged ... location of a report and muster out ... location of muster out
"usct_pension_files\C_D\Drayton, William Civil War pension - USC -2nd L.A..pdf",7632,U. S. C. T. Vols,military_post,,,,,17,regiment in which soldier served
"usct_pension_files\C_D\Drayton, William Civil War pension - USC -2nd L.A..pdf",7640,STAMPS,town,stamps,,,,23,location of pension office
"usct_pension_files\C_D\Drayton, William Civil War pension - USC -2nd L.A..pdf",7696,Virginia,state,,,virginia,united states,31,state where significant military engagement occurred
"usct_pension_files\C_D\Drayton, William Civil War pension - USC -2nd L.A..pdf",7697,Florida,state,,,florida,united states,"16, 31",state involved in troop movements ... mentioned in relation to service or claims
"usct_pension_files\C_D\Drayton, William Civil War pension - USC -2nd L.A..pdf",7715,North Carolina,state,,,north carolina,,16,mentioned in relation to service or claims
"usct_pension_files\C_D\Drayton, William Civil War pension - USC -2nd L.A..pdf",7717,Georgia,state,,,georgia,,16,mentioned in relation to service or claims
"usct_pension_files\C_D\Drayton, William Civil War pension - USC -2nd L.A..pdf",7718,Alabama,state,,,alabama,,16,mentioned in relation to service or claims
"usct_pension_files\C_D\Drayton, William Civil War pension - USC -2nd L.A..pdf",7719,Mississippi,state,,,mississippi,,16,mentioned in relation to service or claims
"usct_pension_files\C_D\Drayton, William Civil War pension - USC -2nd L.A..pdf",7720,Louisiana,state,,,louisiana,,16,mentioned in relation to service or claims
"usct_pension_files\C_D\Drayton, William Civil War pension - USC -2nd L.A..pdf",7721,Texas,state,,,texas,,16,mentioned in relation to service or claims
"usct_pension_files\C_D\Drayton, William Civil War pension - USC -2nd L.A..pdf",7722,Kentucky,state,,,kentucky,,16,mentioned in relation to service or claims
"usct_pension_files\C_D\Drayton, William Civil War pension - USC -2nd L.A..pdf",7724,Missouri,state,,,missouri,,16,mentioned in relation to service or claims
"usct_pension_files\C_D\Drayton, William Civil War pension - USC -2nd L.A..pdf",7725,Arkansas,state,,,arkansas,,16,mentioned in relation to service or claims
"usct_pension_files\C_D\Drayton, William Civil War pension - USC -2nd L.A..pdf",7727,U.S.C.T.,other,,,,,16,abbreviation related to United States Colored Troops
"usct_pension_files\C_D\Drayton, William Civil War pension - USC -2nd L.A..pdf",7736,"Louisville | Louisville, Ky.",city,louisville,,kentucky,united states,"40, 41","location of the Medical Director, Dept: of the South ... location of headquarters of Dept of the South ... location of Medical Director ... reference for return of papers"
"usct_pension_files\C_D\Drayton, William Civil War pension - USC -2nd L.A..pdf",7768,Post of Charleston,military_post,charleston,,south carolina,,41,location of military post
"usct_pension_files\C_D\Drayton, William Civil War pension - USC -2nd L.A..pdf",7666,--,other,,,,,25,general instructions for claimant examination
"usct_pension_files\C_D\Drayton, William Civil War pension - USC -2nd L.A..pdf",7667,--,,,,,,30,--
"usct_pension_files\C_D\Drayton, William Civil War pension - USC -2nd L.A..pdf",7673,--,county,,,,,28,Not specified
"usct_pension_files\C_D\Drayton, William Civil War pension - USC -2nd L.A..pdf",7674,--,state,,,,,28,Not specified
"usct_pension_files\C_D\Drayton, William Civil War pension - USC -2nd L.A..pdf",7675,--,city,,,,,28,Pensioner deceased
"usct_pension_files\C_D\Drayton, William Civil War pension - USC -2nd L.A..pdf",7676,--,other,,,,,28,Pensioner dropped from rolls
usct_pension_files\C_D\Dulaney Jacob (Jones) Civil War Pension.pdf,2842,Missouri,state,,,missouri,,"11, 12, 24, 26, 27, 29, 3, 31, 4, 5, 6, 7, 74, 8",state of affidavit ... state where the affidavit was sworn ... state associated with the soldier's company ... mentioned as the state of affiant ... jurisdiction for affidavit ... jurisdiction of the affidavit ... soldier's state of residence ... State of the claimant's residence ... state of the claimant and regiment ... State where the attorney P. S. O'Brien is located.
usct_pension_files\C_D\Dulaney Jacob (Jones) Civil War Pension.pdf,2848,Florida,state,,,florida,,9,state mentioned in the document
usct_pension_files\C_D\Dulaney Jacob (Jones) Civil War Pension.pdf,2849,Monroe | Monroe County,county,,monroe,florida,,"10, 9",county where the affidavit was made ... location of residence ... jurisdiction mentioned in affidavit
usct_pension_files\C_D\Dulaney Jacob (Jones) Civil War Pension.pdf,2850,"St. Louis | St Louis | Saint Louis | St. Louis Mo. | St. Louis, Mo.",city,saint louis,saint louis,missouri,united states,"11, 12, 19, 2, 24, 25, 26, 27, 28, 29, 3, 30, 31, 34, 36, 37, 38, 39, 4, 40, 5, 6, 69, 73, 74, 8",affiant's location ... location of filing ... county where the affidavit was sworn ... address of the claimant ... residential address of Jacob Dulaney ... location of the affidavit declaration ... residence of Jacob Dulaney ... location of the office of R.S. O'Brien managing the claim ... filing office address ... residence of affiant ... city of residence of the affiant ... soldier's place of residence and location of injury ... post office address of the soldier ... Claimant's postal address and county of residence ... Agent's postal office for payment ... residence after discharge ... claimant's post office address ... legal representation address ... county where the declaration takes place ... city where the claimant resides ... city of the attorney designated for the claim ... address of attorney processing the claim ... location of U.S. Pension Office ... residence of James Hughes and Christopher C. Rankin ... address of the filing agent ... location mentioned in signature ... post office location ... Claimant's address ... Claimant's post-office address ... City of the attorney who will help prosecute the claim. ... claimant's address and location of medical examination ... location of stamps and mailing ... mailing address of claimant ... mailing address of attorney ... address of attorney R. S. O'Brien ... location of attorney's practice ... residence of affiants ... address for pension application filing ... address for printing
usct_pension_files\C_D\Dulaney Jacob (Jones) Civil War Pension.pdf,2857,"Washington | WASHINGTON, D. C. | Washington, D. C. | Washington D. C.",city,washington,,district of columbia,united states,"14, 16, 17, 2, 22, 23, 25, 33, 43, 46, 47, 49, 50, 51, 52, 53, 54, 55, 58, 59, 60, 61, 64, 66, 67, 68, 72",location of Bureau of Pensions ... location of filing ... location of the Bureau of Pensions ... location of the seller ... address of the communication ... address of Messrs. R. W. Shoppell & Co. ... location of pension bureau ... location of record and pension office ... location of the pension office and correspondence ... Attorney's address ... location of communication ... location of Veterans Administration ... location of attorney for the pension claim ... address of the claimant's representative ... location of deposition ... location of the Bureau of Pensions ... location of Bureau of Pensions ... address of law firm ... location of the Pension Department ... address of the successor company ... address of the law firm and correspondence location ... location of pension document issuance ... location of pension application
usct_pension_files\C_D\Dulaney Jacob (Jones) Civil War Pension.pdf,2859,Alachua County,county,,alachua,florida,united states,2,location of Jacob Dulaney's marriage
usct_pension_files\C_D\Dulaney Jacob (Jones) Civil War Pension.pdf,2860,Gainesville | Gainsville,city,gainesville,alachua,florida,united states,"19, 2, 3",place where the affiant lived until moving to St. Louis ... location of marriage record ... residence after discharge
usct_pension_files\C_D\Dulaney Jacob (Jones) Civil War Pension.pdf,2865,Key West | Key West Fla | Key West Fla.,city,key west,monroe,florida,,"10, 36",residence of James A. Roberts ... Post Office Address ... location mentioned in header ... location mentioned in signature
usct_pension_files\C_D\Dulaney Jacob (Jones) Civil War Pension.pdf,2900,City of St. Louis,county,saint louis,city of saint louis,missouri,,5,location of affidavit
usct_pension_files\C_D\Dulaney Jacob (Jones) Civil War Pension.pdf,2902,Franklin Ave. | Franklin Ave,street,saint louis,,missouri,,"28, 5",affiant's address ... addresses of affiants
usct_pension_files\C_D\Dulaney Jacob (Jones) Civil War Pension.pdf,2903,Massachusetts,state,,,massachusetts,united states,"13, 15, 17, 30, 31, 42, 72, 73",state of residence ... state of residency for affiant ... state of widow's application ... State mentioned in the declaration. ... state where the applicant resides ... state where soldier lived and died ... State mentioned in address
usct_pension_files\C_D\Dulaney Jacob (Jones) Civil War Pension.pdf,2904,Hampden | Hampden Co.,county,,hampden,massachusetts,,"13, 15, 17, 30, 31, 41, 42",county of residence ... county of residency for affiant ... county of the claimant ... county of widow's application ... County where the Notary Public is located. ... County where the post-office address is registered. ... county where the applicant resides ... Board of the claimant's post-office address
usct_pension_files\C_D\Dulaney Jacob (Jones) Civil War Pension.pdf,2905,"Springfield | Springfield, Mass. | Springfield Mass",city,springfield,hampden,massachusetts,united states,"13, 15, 17, 20, 30, 31, 32, 41, 42, 43, 44, 45, 49, 50, 51, 72, 73",city of residence ... affiant's residence ... location of communication ... address of claimant ... location of marriage and widow's residence ... witness residing there ... widow's postoffice address ... location where claim was made ... address of board for pension claim ... City of residence of Jacob Dulaney. ... location of post-office ... post office location of the applicant ... Claimant's post-office address ... claimant's address ... claimant's post office address ... location of a post office address ... soldier's place of death ... county of soldier's death ... County mentioned in address ... residence of witnesses ... location of the Board of U. S. Examining Surgeons ... address for recalling the applicant
usct_pension_files\C_D\Dulaney Jacob (Jones) Civil War Pension.pdf,2908,Beaufort,city,beaufort,,south carolina,,"19, 3",location where the affiant enlisted in the army ... location of enlistment
usct_pension_files\C_D\Dulaney Jacob (Jones) Civil War Pension.pdf,2909,Brooklyn | Brooklyn N.Y.,city,brooklyn,kings,new york,united states,"19, 24, 3, 67, 68",city where the affiant lived until about 1869 ... residence after discharge ... discharge location for the U.S. Navy ... location of discharge
usct_pension_files\C_D\Dulaney Jacob (Jones) Civil War Pension.pdf,2910,Richland | Richland Holmes Co.,town,richland,holmes,mississippi,,"19, 3, 37, 41",place where the affiant lived for about eight or nine years ... birthplace of the claimant ... Claimant's birthplace ... birthplace of the soldier
usct_pension_files\C_D\Dulaney Jacob (Jones) Civil War Pension.pdf,2912,Lucas Ave. | Lucas Ave | Lucas Avenue,street,saint louis,saint louis,missouri,,"24, 26, 3",affiant's post office address ... address of the claimant ... street of the claimant's address
usct_pension_files\C_D\Dulaney Jacob (Jones) Civil War Pension.pdf,2916,Holmes,town,holmes,,mississippi,united states,21,place of birth
usct_pension_files\C_D\Dulaney Jacob (Jones) Civil War Pension.pdf,2921,Topeka,city,topeka,shawnee,kansas,united states,"20, 26, 27, 29, 30, 31, 70",location of the pension agency ... Location of the pension document header ... -- ... not directly related but mentioned in the document header ... location of pension agency ... Location of the pension agency where the soldier is enrolled. ... Original roll location for service
usct_pension_files\C_D\Dulaney Jacob (Jones) Civil War Pension.pdf,2924,Mt. Pleasant | Mount Pleasant,town,mount pleasant,,south carolina,,"19, 22, 24",location of discharge from service ... discharge location for Co. 'D' 34th Regt U.S.C.T.
usct_pension_files\C_D\Dulaney Jacob (Jones) Civil War Pension.pdf,2925,STATE OF --,state,,,,,18,jurisdiction of the application
usct_pension_files\C_D\Dulaney Jacob (Jones) Civil War Pension.pdf,2926,COUNTY OF --,county,,,,,18,jurisdiction of the application
usct_pension_files\C_D\Dulaney Jacob (Jones) Civil War Pension.pdf,2927,Jacob Dulaney,other,,,,,18,pensioner
usct_pension_files\C_D\Dulaney Jacob (Jones) Civil War Pension.pdf,2928,Elsie M. Dulaney,other,,,,,18,widow of Jacob Dulaney
usct_pension_files\C_D\Dulaney Jacob (Jones) Civil War Pension.pdf,2929,R. W. SHOPPELL,other,,,,,18,submitted application
usct_pension_files\C_D\Dulaney Jacob (Jones) Civil War Pension.pdf,2936,Agawam,town,agawam,,massachusetts,,19,place of residence before enlistment
usct_pension_files\C_D\Dulaney Jacob (Jones) Civil War Pension.pdf,2950,U.S.,country,,,,united states of america,"26, 56",denotes the regiment's affiliation ... additional service for soldier
usct_pension_files\C_D\Dulaney Jacob (Jones) Civil War Pension.pdf,2955,Boston,city,boston,,massachusetts,,17,location of Pension Agent for payments
usct_pension_files\C_D\Dulaney Jacob (Jones) Civil War Pension.pdf,2959,Quincy street,street,springfield,hampden,massachusetts,,17,residence address of widow
usct_pension_files\C_D\Dulaney Jacob (Jones) Civil War Pension.pdf,2972,Chestnut Street,street,saint louis,,missouri,,28,location of pension filing
usct_pension_files\C_D\Dulaney Jacob (Jones) Civil War Pension.pdf,2974,Locust St.,street,saint louis,,missouri,,28,location of printing company
usct_pension_files\C_D\Dulaney Jacob (Jones) Civil War Pension.pdf,2979,Kansas,state,,,kansas,,27,state where pension agency is located
usct_pension_files\C_D\Dulaney Jacob (Jones) Civil War Pension.pdf,2980,Wyandotte,military_post,,,,,27,U.S. Navy ship enlisted on
usct_pension_files\C_D\Dulaney Jacob (Jones) Civil War Pension.pdf,2992,U.S.C. Infty,military_post,,,,,40,regiment designation of applicant
usct_pension_files\C_D\Dulaney Jacob (Jones) Civil War Pension.pdf,2997,Mississippi,state,,,mississippi,,39,Claimant's birthplace
usct_pension_files\C_D\Dulaney Jacob (Jones) Civil War Pension.pdf,3014,United States,country,,,,united states,48,soldier's service
usct_pension_files\C_D\Dulaney Jacob (Jones) Civil War Pension.pdf,3030,South Carolina,state,,,south carolina,,"56, 63, 69",state of service for soldier ... additional service noted ... indication of no claim for old records ... state where soldier enlisted ... state where soldier discharged
usct_pension_files\C_D\Dulaney Jacob (Jones) Civil War Pension.pdf,3040,Ward Building,other,,,,,54,location of the law firm's office
usct_pension_files\C_D\Dulaney Jacob (Jones) Civil War Pension.pdf,3045,North Carolina,state,,,north carolina,united states,66,location of service for Jacob Dulaney
usct_pension_files\C_D\Dulaney Jacob (Jones) Civil War Pension.pdf,3047,Carron,town,carron,,,,71,mention of a location
usct_pension_files\C_D\Dulaney Jacob (Jones) Civil War Pension.pdf,3050,New York,city,new york,,new york,,65,place of enlistment
usct_pension_files\C_D\Dulaney Jacob (Jones) Civil War Pension.pdf,3051,Jackson Co.,county,,jackson,mississippi,,65,place of birth
usct_pension_files\C_D\Dulaney Jacob (Jones) Civil War Pension.pdf,3056,Department of the Interior,other,,,,,75,offices related to pension claims
usct_pension_files\C_D\Dulaney Jacob (Jones) Civil War Pension.pdf,3057,U.S. S. Wyandotte,military_post,,,,,75,ship served on by the soldier
usct_pension_files\C_D\Dulaney Jacob (Jones) Civil War Pension.pdf,2841,--,,,,,,1,--
usct_pension_files\C_D\Dulaney Jacob (Jones) Civil War Pension.pdf,3085,--,,,,,,62,--
usct_pension_files\C_D\Dulaney Jacob (Jones) Civil War Pension.pdf,3086,--,,,,,,62,--
usct_pension_files\C_D\Dulaney Jacob (Jones) Civil War Pension.pdf,3087,--,,,,,,62,--
usct_pension_files\C_D\Dulaney Jacob (Jones) Civil War Pension.pdf,3088,--,,,,,,62,--
usct_pension_files\C_D\Dulaney Jacob (Jones) Civil War Pension.pdf,3089,--,,,,,,62,--
usct_pension_files\C_D\Dulaney Jacob (Jones) Civil War Pension.pdf,3090,--,,,,,,62,--
usct_pension_files\C_D\Dulaney Jacob (Jones) Civil War Pension.pdf,3091,--,,,,,,62,--
usct_pension_files\C_D\Dulaney Jacob (Jones) Civil War Pension.pdf,3092,--,,,,,,62,--
usct_pension_files\C_D\Dulaney Jacob (Jones) Civil War Pension.pdf,3093,--,,,,,,62,--
usct_pension_files\C_D\Dulaney Jacob (Jones) Civil War Pension.pdf,3094,--,,,,,,62,--
usct_pension_files\C_D\Dulaney Jacob (Jones) Civil War Pension.pdf,3095,--,,,,,,62,--
usct_pension_files\C_D\Dulaney Jacob (Jones) Civil War Pension.pdf,3096,--,,,,,,62,--
usct_pension_files\C_D\Dulaney Jacob (Jones) Civil War Pension.pdf,3097,--,,,,,,62,--
usct_pension_files\C_D\Dulaney Jacob (Jones) Civil War Pension.pdf,3098,--,,,,,,62,--
usct_pension_files\E_F\Fields Daniel Civil War Pension.pdf,3055,U.S.C Troops,military_post,,,,,1,military unit of the soldier
usct_pension_files\E_F\Fields Daniel Civil War Pension.pdf,3062,STAMPS,town,stamps,,,,"4, 62",location of Pension Office ... location mentioned in pension processing
usct_pension_files\E_F\Fields Daniel Civil War Pension.pdf,3063,South Carolina | S. C.,state,,,south carolina,,"11, 12, 2, 20, 21, 26, 27, 3, 31, 34, 35, 42, 43, 44, 45, 46, 47, 48, 49, 5, 55, 56, 59, 63, 68, 69, 7",jurisdiction of the affidavit ... state of residence for the affiant ... the state where the soldier served ... location where pensioner resided before recent move ... state of service for the soldier ... state mentioned in correspondence regarding pension ... jurisdiction noted for probate court ... state where the declaration is made ... the state where deposition was taken ... state where the declaration was made ... the state where the examination took place ... state of the county mentioned ... state mentioned in address ... examining surgeon's location ... the state where the claimant resides ... mentioned in official document as the state of the pensioner ... State of application for pension increase ... Claimant's state of residence ... location of deposition ... location of pension examination ... State of residence ... state of the pensioner's residence ... State where the declaration is filed ... state of the applicant ... jurisdiction of the claim ... state of declaration ... state where the pension document is recorded
usct_pension_files\E_F\Fields Daniel Civil War Pension.pdf,3064,Beaufort | Beaufort County | Beaufort Co. | Beaufort District | Beaufort So Ca | Beaufort S.C. | Beaufort S C,county,beaufort,beaufort,south carolina,united states,"11, 12, 14, 19, 2, 20, 22, 23, 24, 26, 27, 3, 31, 32, 34, 35, 36, 37, 38, 40, 42, 44, 45, 46, 47, 48, 49, 5, 50, 52, 53, 54, 56, 59, 61, 63, 64, 65, 66, 68, 69, 8","location of the affidavit ... residence of witnesses ... sent certificate to claimant at this address ... location of soldier's service ... location of the entry in the document ... location of claimant's correspondence ... location for sending pension documents to James D Bell ... address for Daniel Fields to receive pension documents ... Post Office location ... county of the declaration ... location of attorney's appointment and post office address ... Examining surgeon's address ... location of General Hospital, where soldier was treated ... county where deposition was taken ... county where the claimant resides ... city where the claimant resides and post office location ... claimant's location ... attorney's location ... Claimant's post office and county of residence ... County where claimant resides ... the county where the pensioner was examined ... the post office location for the pensioner ... location of examination ... location of pension claim ... post office address of the applicant ... post office address of applicant ... county mentioned in address ... location of agent's residence ... claimant's place of residence and correspondence address ... attorney's place of residence ... location of the pensioner's examination ... County of application for pension increase ... Post Office where the application was filed ... Claimant's city of residence ... Claimant's county of residence ... place of enrollment for Daniel Fields ... location of General Hospital where Daniel Fields was absent due to illness ... post office address of the Board ... location of guardian for minors ... location mentioned in relation to guardianship ... pensioner's post office address ... county of the pensioner's post office ... location of certification ... post office address of Daniel Fields ... claimant's post office address ... County where the declaration is filed ... Residence of the claimant and witnesses ... Residence of witnesses S M Smithe and Robert S Bryan ... Post-office address of the Board where claimant resides ... county of the applicant ... location where the applicant resides ... location of the attorney for the pension claim ... residence and address of the soldier for the pension claim ... location of the probate court ... residents of Beaufort ... county of declaration ... residence of Adam Fields ... county where the Court of Probate is located ... post office location for Daniel Fields ... soldier's post office address ... Post office where examination took place ... Claimant's post office address ... Location of examination for disability claim"
usct_pension_files\E_F\Fields Daniel Civil War Pension.pdf,3070,U. S. Pension Office,military_post,,,,,9,location of claim processing
usct_pension_files\E_F\Fields Daniel Civil War Pension.pdf,3075,Charleston,city,charleston,,south carolina,united states,"10, 20, 37, 38, 46, 50, 51, 55, 61, 65, 66, 67",location mentioned in communication ... location where soldier was discharged ... location of discharge ... Post office address ... location of the muster out roll for the company ... post office address of the Board ... near Charleston ... post office location ... claimant's residence ... Claimant served in a regiment stationed in Charleston ... location of the soldier's discharge ... noted as being near the location of injury
usct_pension_files\E_F\Fields Daniel Civil War Pension.pdf,3076,Pennsboro,town,pennsboro,ritchie,west virginia,,6,address of applicant
usct_pension_files\E_F\Fields Daniel Civil War Pension.pdf,3077,"D.C. | Wash. D.C. | Washington | Washington City | Washington D.C. | Washington, D. C. | Washington, D.C.",territory,washington,,district of columbia,united states,"12, 18, 2, 22, 26, 27, 28, 36, 37, 40, 45, 47, 57, 6, 60, 64, 68",mentioned alongside other states ... location of application filing ... location of printing and selling organization ... agency location for pension ... location of the Surgeon General's Office ... location of filing ... location of claimant's attorney ... Agency where pension is to be paid ... the location of the pension application ... Location of the attorney's office ... location of pension agency ... filing location of pension claim ... location of attorney's office ... location where pension certificates are payable ... location of the agency overseeing the pension ... the agency where the pension is to be paid ... location of the Adjutant General's Office ... address for printed materials
usct_pension_files\E_F\Fields Daniel Civil War Pension.pdf,3112,Port Royal | Port Royal Island | Port Royal Isl.,island,,beaufort,south carolina,,"20, 46, 5, 63, 68",resident's island of residence ... location where soldier enlisted ... residence of witnesses ... location of the applicant's residence ... residence of Daniel Fields ... marriage location of parents
usct_pension_files\E_F\Fields Daniel Civil War Pension.pdf,3113,Knoxville,city,knoxville,,,,5,location of the pension agency
usct_pension_files\E_F\Fields Daniel Civil War Pension.pdf,3115,U.S.C.T.,military_post,,,,,"22, 25, 43",regiment notation ... military unit designation ... abbreviation for United States Colored Troops
usct_pension_files\E_F\Fields Daniel Civil War Pension.pdf,3120,Ravenna,city,ravenna,king,washington,,30,address of the administrator
usct_pension_files\E_F\Fields Daniel Civil War Pension.pdf,3122,Johns Island,island,,,south carolina,,19,location of wounds sustained by soldiers
usct_pension_files\E_F\Fields Daniel Civil War Pension.pdf,3123,Augusta,city,augusta,,georgia,,19,location of P.H. where soldier was treated for Typhoid Mal fever
usct_pension_files\E_F\Fields Daniel Civil War Pension.pdf,3157,James Island,battlefield,,,south carolina,united states,"36, 37, 42, 46, 61",location where the applicant was wounded during battle ... Location of injury during military service ... location where Daniel Fields was wounded ... site of the battle where the soldier was wounded ... location of soldier's injury during combat
usct_pension_files\E_F\Fields Daniel Civil War Pension.pdf,3164,Pension Office,other,,,,,43,location of pension office
usct_pension_files\E_F\Fields Daniel Civil War Pension.pdf,3170,New Orleans,city,new orleans,,louisiana,,48,agency where pension is to be paid
usct_pension_files\E_F\Fields Daniel Civil War Pension.pdf,3189,P.R. Island,other,,,south carolina,united states,37,location where Daniel Fields mustered into service
usct_pension_files\E_F\Fields Daniel Civil War Pension.pdf,3197,N.C.,state,,,north carolina,,22,state mentioned in context with guardianship
usct_pension_files\E_F\Fields Daniel Civil War Pension.pdf,3198,FLA.,state,,,florida,,22,state mentioned in soldier's service
usct_pension_files\E_F\Fields Daniel Civil War Pension.pdf,3199,GA.,state,,,georgia,,22,state mentioned in soldier's service
usct_pension_files\E_F\Fields Daniel Civil War Pension.pdf,3200,ALA.,state,,,alabama,,22,state mentioned in regarding soldier's service status
usct_pension_files\E_F\Fields Daniel Civil War Pension.pdf,3201,MISS.,state,,,mississippi,,22,state mentioned regarding soldier's death
usct_pension_files\E_F\Fields Daniel Civil War Pension.pdf,3202,LA.,state,,,louisiana,,22,state mentioned associated with the cause of death
usct_pension_files\E_F\Fields Daniel Civil War Pension.pdf,3203,TEX.,state,,,texas,,22,state mentioned in context with soldier
usct_pension_files\E_F\Fields Daniel Civil War Pension.pdf,3204,KY.,state,,,kentucky,,22,state mentioned regarding a certificate
usct_pension_files\E_F\Fields Daniel Civil War Pension.pdf,3206,TEN.,state,,,tennessee,,22,state mentioned in relation to soldier's claim
usct_pension_files\E_F\Fields Daniel Civil War Pension.pdf,3207,MO.,state,,,missouri,,22,state mentioned regarding attorney
usct_pension_files\E_F\Fields Daniel Civil War Pension.pdf,3208,ARK.,state,,,arkansas,,22,state mentioned alongside other states
usct_pension_files\E_F\Fields Daniel Civil War Pension.pdf,3237,Camp Mills Port Royal Ferry,military_post,,,south carolina,,46,location where the soldier enlisted
usct_pension_files\E_F\Fields Daniel Civil War Pension.pdf,3240,Hospital No. 4 in Beaufort,other,beaufort,,south carolina,,46,location where the soldier was taken for treatment
usct_pension_files\E_F\Fields Daniel Civil War Pension.pdf,3242,Jericho Plantation,plantation,,beaufort,south carolina,,46,applicant's domicile or place of abode
usct_pension_files\E_F\Fields Daniel Civil War Pension.pdf,3260,Bingard Plantations,plantation,,,,,63,location of Daniel Fields' death
usct_pension_files\E_F\Fields Daniel Civil War Pension.pdf,3261,Fort Wagener,battlefield,,,,,63,site of battle where Daniel Fields suffered a gunshot wound
usct_pension_files\E_F\Fields Daniel Civil War Pension.pdf,3078,--,other,,,,,13,document title
usct_pension_files\E_F\Fields Daniel Civil War Pension.pdf,3083,--,,,,,,15,--
usct_pension_files\E_F\Fields Daniel Civil War Pension.pdf,3084,--,,,,,,16,--
usct_pension_files\E_F\Fields Daniel Civil War Pension.pdf,3118,--,military_post,,,,,29,location related to military service
usct_pension_files\E_F\Fields Daniel Civil War Pension.pdf,3119,--,county,,,,,29,location related to military service
usct_pension_files\E_F\Fields Daniel Civil War Pension.pdf,3135,--,,,,,,33,--
usct_pension_files\E_F\Fields Daniel Civil War Pension.pdf,3184,--,county,,,South Carolina,,49,--
usct_pension_files\E_F\Fields Daniel Civil War Pension.pdf,3217,--,,,,,,58,document reference
usct_pension_files\E_F\Fields Paul Civil War Pension.pdf,9233,STAMPS | Stamps,town,stamps,,,,"10, 61, 66, 78, 80, 82, 88, 91",-- ... location of the recorded event ... location of U. S. Pension Office ... mentioned as part of a header ... location of the U.S. Pension Office ... location mentioned in a header or title ... received document
usct_pension_files\E_F\Fields Paul Civil War Pension.pdf,9234,Knoxville,city,knoxville,,tennessee,united states,"118, 119, 120, 202, 7, 92, 94",location of pension agency ... location of the pension agency ... location of U.S. Pension Agent ... Original Roll location ... location of original roll
usct_pension_files\E_F\Fields Paul Civil War Pension.pdf,9236,"Beaufort | Beaufort County | BEAUFORT | Beaufort Co. | Beaufort Co | Beaufort Island | Beaufort So Ca | Beaufort S C | Beaufort S.C. | Beaufort S. C. | Beaufort, S.C. | Charleston | CHARLESTON | Charleston P. O. | Charleston S.C. | Charleston, S. C. | Charleston S. C. | Charleston, S.C. | Hilton Head | Hilton Head S. C. | State of South Carolina",city,beaufort,beaufort,south carolina,united states,"100, 103, 105, 107, 109, 11, 110, 111, 112, 117, 12, 121, 122, 123, 124, 125, 126, 128, 131, 132, 134, 135, 136, 137, 139, 14, 140, 141, 142, 143, 144, 145, 146, 147, 148, 149, 15, 150, 151, 152, 153, 154, 155, 156, 157, 158, 159, 162, 163, 164, 165, 167, 168, 169, 17, 170, 171, 172, 173, 175, 176, 177, 178, 18, 182, 183, 184, 185, 186, 187, 189, 19, 191, 192, 193, 194, 195, 196, 197, 198, 199, 20, 200, 201, 202, 203, 204, 205, 206, 207, 208, 209, 21, 210, 211, 22, 23, 24, 25, 26, 27, 28, 29, 3, 30, 32, 33, 35, 39, 41, 43, 45, 47, 48, 49, 5, 53, 54, 55, 58, 60, 62, 65, 67, 68, 72, 73, 76, 79, 8, 81, 83, 84, 85, 86, 87, 9, 95, 96, 97, 99","location of the post office receiving the pension check ... Claimant's residence ... claimant's location ... Claimant's place of residence ... place of birth of the widow ... post office address of the widow ... claimant's residence; enrolled under his name ... post-office address of the claimant ... witnesses residing in the same city as the claimant ... residence of witnesses S. A. Washington and M. Washington ... county of residence of claimant ... city of residence of claimant ... post-office address of claimant ... citizens of the town ... location of special examination for pension claim ... county mentioned in legal document ... location of affiant ... City of residence ... county where the declaration was made and where Paul Fields resides ... city where Paul Fields was enrolled and resided ... Peter Pinkney's post-office address ... P.O. address of claimant ... post-office address of deponent ... destination for the removal of soldiers' bones ... County of residence for the claimant. ... Place of birth of the claimant. ... Current residence of the claimant. ... Post-office address of the claimant. ... place of claimant's residence ... Billy Jenkins' post-office address ... location of pensioner during last illness ... location of burial services for pensioner Nancy Fields ... location of the deceased's pension certificate processing ... county of the declarant's residence ... location of the Executor and deceased ... county where the deceased was from ... post-office address of pensioner ... location of physician and burial ... pensioner's residence during last sickness ... location of pensioner's death ... location of pensioner's burial ... Post office of the claimant ... location of application filing ... location of attorney ... post office and claim application location ... examination board location ... soldier's address ... location of medical examination before enlistment ... location of witness ... address of the widow Nancy Fields ... address used by the claimant ... location of the claimant's oath ... location of widow's address ... P.O. Address mentioned in the document though context is unclear ... pensioner's address ... location of claim filing ... City where physician is a citizen and has a post office address ... Post office address of the claimant ... Location of claim agent ... Location of printing company ... location of affidavit and Notary Public ... address of the Notary Public and physician ... citizenship of the affiant physician ... location of the claimant's address ... county where the document is filed ... birthplace of the claimant ... county of the affidavit ... county of record in the affidavit ... the county where the affidavit was sworn ... location of marriage ... jurisdiction of the affidavit ... location of soldier's post office ... county designation for Beaufort ... location of affidavit execution ... location of Paul Fields' death ... Post-office address of affiant ... location of affidavit signing ... post office at enlistment ... county where the declaration is made and soldier enlisted ... enrollment location of soldier ... death location of soldier ... mailing address of claimant ... Post-Office address ... county of deposition ... location of affidavit filing ... location of a comrade ... county of affidavit ... post-office address of affiant ... location mentioned in relation to marriage ... residence of the witness ... location mentioned multiple times in the document ... location of deposition and witnesses' residence ... County of the affidavit ... Location of marriage and death ... residency of witness, Peter Pinckney ... county name of the resident's location ... location of notarization ... County where the affidavit was made and where the witnesses reside ... Location of the witnesses' residence and the claimant's post office address ... affiant's Post Office address ... County mentioned in the legal document ... Location where affidavit was filed ... County where the affidavit was sworn ... county of the affiant's residence and location of affidavit ... county mentioned in the document ... location of the pension attorney ... location of correspondence ... location of recipient's address ... place where the affiant saw Claimant many times after discharge ... location of encounter many times since discharge ... county where the affidavit was made ... location of soldier's enrollment ... location of pension attorney ... resident of Beaufort and pension claimant ... County where the notary public is officiating ... location of claimant's affidavit ... county of the claimant's residence ... location where the affidavit was sworn before a notary public ... Claimant's post office address ... Claimant's P.O. and residence location ... County of the claimant ... Claimant's location and post office ... County of claimant ... office of claim agent ... county of residence and declaration ... address listed for claim filing ... applicant's post office address ... county where declaration is made ... residence after leaving service ... attorney's location ... postal address ... residence of affiants ... county of residence mentioned ... location of declaration ... post-office address of Paul Fields ... claimant's post-office address ... residence of affiant and location of pension claim ... location of the marriage ceremony of affiant ... pensioner resides here ... county of pensioner ... pensioner's post office location ... county of the pensioner ... County where the affidavit is sworn ... Post office location of claimant ... location of medical examination board ... residence of witnesses ... claimant's address ... residing at ... Address of the soldier's application ... File by the soldier ... location of notary public ... residence of witnesses Paul Hayward and Wm Purchase ... location of correspondence ... return address of sender ... location of the post office for pension correspondence ... Claimant's post office address ... Claimant's post-office address ... Indicates the state where the regiment is stationed ... claimant's post-office address ... residences of witnesses ... residence of affiants Anthony Carter and Wm Field ... place of honorable discharge ... location of discharge from military service ... Location of enrollment and discharge ... Location of discharge ... location of honorable discharge from military service ... City where the claimant was discharged. ... location of deposition ... manufacturer's address on the document ... near Charleston ... examination board location ... location related to soldier's hospital visit ... location of examination ... location of comrades ... station of the Company ... Post office address of the applicant ... location of injury and military activity ... location where soldier was mustered out of service ... location of injury during service ... location of claim submission ... postmark location ... location of discharge and treatment ... location of injury during service ... station of Co. D on Feb 28, 1865 ... location where soldiers' bones were removed from ... location of witness ... station of the Company ... address of correspondent Mr. Minus Drayton ... jurisdiction of the affidavit ... location for the affidavit certification"
usct_pension_files\E_F\Fields Paul Civil War Pension.pdf,9237,United States,country,,,,united states,"172, 6, 69, 70, 71, 75, 90",country mentioned in context of pension certification ... official context of the pension document ... Independence mentioned in the context of the document ... general reference to the laws governing pensions ... reference to the Independence of the United States ... jurisdiction mentioned in legal text regarding pensions ... affiliation of soldier ... repeal of prior laws relating to accrued pension payment ... administration of claims for reimbursement of last sickness and burial expenses ... implying the national context of the military regiment
usct_pension_files\E_F\Fields Paul Civil War Pension.pdf,9239,"Washington | WASHINGTON, D. C. | Washington, D. C. | Washington D.C. | Washington, D.C. | Washington D. C.",city,washington,,district of columbia,united states,"103, 104, 105, 106, 112, 114, 115, 116, 117, 122, 140, 143, 147, 155, 157, 159, 160, 164, 166, 169, 170, 174, 175, 178, 179, 180, 183, 184, 190, 192, 197, 2, 20, 203, 204, 209, 23, 24, 3, 34, 4, 53, 65, 67, 69, 77, 92, 94","refers to the agency involved in handling the pension ... location of the Commissioner of Pensions ... location of the printing company ... location of deposition ... location of attorney for Paul Fields' pension claim ... address of the Commissioner of Pensions ... location of the Bureau of Pensions ... location of pension office ... filing location ... location of the agent ... Location of the Agent in the document ... location of Bureau of Pensions ... location of printed material sale ... location of the press and context of the document ... location of soldier's attorney ... location of the printing press and filing ... location of attorney for the claim ... location of attorney's office ... office of the attorney ... location of attorney, L. Bingham's office ... location of attorneys for claimant ... Location of the person who filed the proof of disability ... location where records were sent during the war ... where affidavit should be returned ... location of the War Department and Pension Commissioner ... location of the attorney filing document ... location of printing and sale of the document ... recorded address ... Location of the seller of the pension document ... location of appointed attorney ... location of Bureau of Pensions ... location to return pension requests ... place where Certificate No. 668543 is filed ... location of sale for the pension document ... location of pension claim submission ... destination of correspondence ... location of pension certificate issuance ... location of official correspondence ... location of publication ... location of the Bureau of Pensions ... location of the Record and Pension Office ... location mentioned in correspondence ... location of the War Department ... address of the Record and Pension Office ... location of pension attorney's office ... Attorney's address"
usct_pension_files\E_F\Fields Paul Civil War Pension.pdf,9250,South Carolina | S.C. | S. C.,state,,,south carolina,united states,"101, 102, 103, 111, 121, 122, 123, 124, 136, 140, 141, 142, 143, 144, 145, 146, 147, 148, 149, 151, 152, 153, 154, 155, 156, 157, 158, 163, 164, 168, 170, 171, 172, 173, 174, 18, 185, 186, 187, 19, 191, 192, 193, 195, 197, 198, 199, 20, 200, 201, 202, 204, 209, 21, 210, 211, 23, 25, 27, 30, 32, 45, 62, 74, 84, 87, 96, 98, 99",State of residence of the claimant ... location mentioned in the official capacity ... state of residence of claimant ... location of special examination for pension claim ... document jurisdiction ... state of residency for Paul Fields ... State of residence for the claimant. ... state where the deposition took place ... mention of the state where Beaufort is located ... notarized document ... mention of state in deposition ... state where Morris Island is located ... related to pension cases ... state related to the deposition ... place of birth of the soldier ... State mentioned in official acknowledgment of the document ... -- ... state of registration ... State where the affidavit was made ... Official signature ... jurisdiction of affidavit ... state where the document is filed ... state where claimant resides ... state of the affidavit ... state of record in the affidavit ... the state where the affidavit was sworn ... jurisdiction of the pension declaration ... jurisdiction of the affidavit ... location of affidavit execution ... location of affidavit signing ... state where the declarations are made and soldier enlisted ... service location ... state mentioned in affidavit ... state of affidavit ... state where the events relate to ... State of the affidavit ... state where events occurred ... state in the certificate by the Notary Public ... State where the affidavit was sworn ... State mentioned in the legal document ... notary public's location ... state of jurisdiction in the document ... state mentioned in the declaration ... state where affidavit was notarized ... The state where Beaufort is located ... state mentioned in document ... state of the claimant's residence ... Claimant's state of residence ... State of the claimant ... jurisdiction of the notary public ... state of declaration ... state where declaration is made ... location of declaration ... state of pensioner ... state of the pensioner ... State where the affidavit is sworn
usct_pension_files\E_F\Fields Paul Civil War Pension.pdf,9264,Morris Island,military_post,,,south carolina,,"171, 19, 204, 25, 96, 97",location of soldier's discharge ... Location where the claimant was enrolled. ... location of enlistment ... final station of the Company ... location of discharge ... location near where disability was incurred
usct_pension_files\E_F\Fields Paul Civil War Pension.pdf,9269,Bay St.,street,beaufort,,south carolina,,22,Address of the soldier
usct_pension_files\E_F\Fields Paul Civil War Pension.pdf,9279,United States of America,country,,,,united states of america,"24, 75",jurisdiction related to pension application ... legislative context of pension law amendment ... context of pension payments and procedures
usct_pension_files\E_F\Fields Paul Civil War Pension.pdf,9299,Hampton County | Hampton | Hampton Co.,county,,hampton,south carolina,,"151, 23, 27, 95",Place of birth ... county of Paul Fields' birthplace ... place of birth ... location of master
usct_pension_files\E_F\Fields Paul Civil War Pension.pdf,9300,"James Island | James Is | James Island, S.C.",other,james,charleston,south carolina,united states,"156, 158, 160, 162, 163, 165, 167, 169, 173, 175, 176, 193, 36, 37, 39, 41, 43, 49, 97, 98","location where the individual worked after hospital discharge ... location where injury occurred while dismounting guns ... location of the Camp hospital where patient was treated ... location of incident during service ... location where Peter Pinkney worked with claimant while in service ... location where soldier was injured ... location of the Camp hospital where soldier was laid up ... island where military post is located ... station of the Company ... location associated with Fort Johnson ... location where the claimant was injured during military service ... location of accident leading to soldier's injury ... Location where the claimant served in the army and was injured ... specific location of injury while on service ... location where Claimant was injured ... location of injury while in military service ... location where the soldier was injured ... station of Co. D on June 30, 1865 ... station of Co. E on Apl 30 & June 30, 1865"
usct_pension_files\E_F\Fields Paul Civil War Pension.pdf,9305,Block Swamp,other,,hampton,south carolina,,23,place of birth for Paul Fields
usct_pension_files\E_F\Fields Paul Civil War Pension.pdf,9310,Aug,other,,,,,"42, 46",date of depositions
usct_pension_files\E_F\Fields Paul Civil War Pension.pdf,9315,Ft. Johnson | ft Johnson | Ft Johnson | Fort Johnson | fort Johnson,military_post,,charleston,south carolina,,"160, 165, 173, 175, 176, 36, 98",location of injury during service ... location where soldier was injured ... location of hospital treatment for soldier ... stationed location of the company ... location where guns were dismounted ... location near where Claimant was injured ... location of gun dismounting where injury occurred ... fort where the soldier was injured
usct_pension_files\E_F\Fields Paul Civil War Pension.pdf,9319,Frogmore | Frogmore S.C.,town,frogmore,beaufort,south carolina,,"170, 173, 39",Post Office address of the affiant ... Post Office address of Jacob Jenkins ... post-office address of deponent
usct_pension_files\E_F\Fields Paul Civil War Pension.pdf,9333,"Mt. Pleasant | Mt Pleasant | Mt. Pleasant, S.C.",town,mount pleasant,,south carolina,united states,"167, 169, 43, 97","station of the company during war ... station of the Company ... location where affiant's Company was stationed ... station of Co. D on Apl 30, 1865 ... station of Co. E on August 31, 1865 ... station of Co. E on Feb 28, 1865"
usct_pension_files\E_F\Fields Paul Civil War Pension.pdf,9334,U. S. PENSION OFFICE,other,,,,,"113, 56",location of pension processing
usct_pension_files\E_F\Fields Paul Civil War Pension.pdf,9343,Foreign Country,country,,,,,57,indicates a potential location for pension payment
usct_pension_files\E_F\Fields Paul Civil War Pension.pdf,9346,# 48 Mazyck St.,street,,,,,49,post-office address of the deponent
usct_pension_files\E_F\Fields Paul Civil War Pension.pdf,9357,U.S. | U. S.,country,,,,united states,"64, 93",indication of military involvement ... location of pension office
usct_pension_files\E_F\Fields Paul Civil War Pension.pdf,9379,"February 28, 1883",other,,,,,71,date of approval for the legislation
usct_pension_files\E_F\Fields Paul Civil War Pension.pdf,9380,Bureau of Pensions,other,,,,,71,government agency related to pension distribution
usct_pension_files\E_F\Fields Paul Civil War Pension.pdf,9390,Feb. 27 - 1918,other,,,,,74,date of commencement of pensioner's last sickness
usct_pension_files\E_F\Fields Paul Civil War Pension.pdf,9391,May 4th 1918,other,,,,,74,date of pensioner's death
usct_pension_files\E_F\Fields Paul Civil War Pension.pdf,9423,Contin,county,,contin,,,99,mentioned in the context of deposition location
usct_pension_files\E_F\Fields Paul Civil War Pension.pdf,9447,Grahamville,town,grahamville,,south carolina,,95,location of young mistress
usct_pension_files\E_F\Fields Paul Civil War Pension.pdf,9448,Hardeeville,town,hardeeville,,south carolina,,95,location of father's master
usct_pension_files\E_F\Fields Paul Civil War Pension.pdf,9449,Bluffton,town,bluffton,,south carolina,,95,location of brother
usct_pension_files\E_F\Fields Paul Civil War Pension.pdf,9451,Burton,town,burton,beaufort,south carolina,,"109, 152",Mail address during a space of time ... post-office address
usct_pension_files\E_F\Fields Paul Civil War Pension.pdf,9455,District of Columbia | D. C. | D.C.,territory,,,district of columbia,,"103, 117, 164, 84",Official jurisdiction where the agent and the document are acknowledged ... -- ... mentioned in context of record requests ... location of attorney's office
usct_pension_files\E_F\Fields Paul Civil War Pension.pdf,9469,Ft Sumter,military_post,,,south carolina,,97,under fire location
usct_pension_files\E_F\Fields Paul Civil War Pension.pdf,9475,Department of the Interior,other,,,,,"129, 161",issuing office for the pension application ... Name of the department handling the pension
usct_pension_files\E_F\Fields Paul Civil War Pension.pdf,9479,Virginia,state,,,virginia,,84,--
usct_pension_files\E_F\Fields Paul Civil War Pension.pdf,9480,West Virginia,state,,,west virginia,,84,--
usct_pension_files\E_F\Fields Paul Civil War Pension.pdf,9481,North Carolina,state,,,north carolina,,84,--
usct_pension_files\E_F\Fields Paul Civil War Pension.pdf,9483,Florida,state,,,florida,,"117, 84",-- ... mentioned in context of record requests
usct_pension_files\E_F\Fields Paul Civil War Pension.pdf,9484,Georgia,state,,,georgia,,"117, 84",-- ... mentioned in context of record requests
usct_pension_files\E_F\Fields Paul Civil War Pension.pdf,9485,Alabama,state,,,alabama,,"117, 84",-- ... mentioned in context of record requests
usct_pension_files\E_F\Fields Paul Civil War Pension.pdf,9486,Mississippi,state,,,mississippi,,"117, 84",-- ... mentioned in context of record requests
usct_pension_files\E_F\Fields Paul Civil War Pension.pdf,9487,Louisiana,state,,,louisiana,,"117, 84",-- ... mentioned in context of record requests
usct_pension_files\E_F\Fields Paul Civil War Pension.pdf,9488,Texas,state,,,texas,,"117, 84",-- ... mentioned in context of record requests
usct_pension_files\E_F\Fields Paul Civil War Pension.pdf,9489,Kentucky,state,,,kentucky,,"117, 84",-- ... mentioned in context of record requests
usct_pension_files\E_F\Fields Paul Civil War Pension.pdf,9490,Tennessee,state,,,tennessee,,"117, 84",-- ... mentioned in context of record requests
usct_pension_files\E_F\Fields Paul Civil War Pension.pdf,9491,Missouri,state,,,missouri,,"117, 84",-- ... mentioned in context of record requests
usct_pension_files\E_F\Fields Paul Civil War Pension.pdf,9492,Arkansas,state,,,arkansas,,"117, 84",-- ... mentioned in context of record requests
usct_pension_files\E_F\Fields Paul Civil War Pension.pdf,9494,United States Colored Troops,military_post,,,,,84,--
usct_pension_files\E_F\Fields Paul Civil War Pension.pdf,9529,Port Royal Island | Port Royal,other,port royal,beaufort,south carolina,,"140, 142, 144, 148, 152, 154, 192, 200",residence of Nancy Fields ... residence of affiant ... resident location of claimant ... marriage location of claimant and soldier ... Residence of the affiant ... residence of witness ... residence of Paul Fields
usct_pension_files\E_F\Fields Paul Civil War Pension.pdf,9582,Beaufert,city,beaufert,,south carolina,,146,location of marriage ceremony
usct_pension_files\E_F\Fields Paul Civil War Pension.pdf,9583,Campbell's plantation,plantation,,,,,146,location of marriage ceremony
usct_pension_files\E_F\Fields Paul Civil War Pension.pdf,9588,Campbell Farm | Campbells Farm | Campbell's farm,plantation,,beaufort,south carolina,,"148, 152, 154",Location of marriage and death ... location of marriage ceremony ... location of marriage during the war
usct_pension_files\E_F\Fields Paul Civil War Pension.pdf,9611,U.S.A.,country,,,,united states of america,"161, 181",General reference to the country ... reference to the country where the Adjutant General is located
usct_pension_files\E_F\Fields Paul Civil War Pension.pdf,9612,Southern Division,region,,,,,"161, 181",Name of the military division involved ... mention of a division related to the military
usct_pension_files\E_F\Fields Paul Civil War Pension.pdf,9614,PENSION OFFICE,other,,,,,161,Office handling the pension claim
usct_pension_files\E_F\Fields Paul Civil War Pension.pdf,9615,Hendersonville,town,hendersonville,beaufort,south carolina,,"165, 166",affidavit made by Richard Jenkin ... residence of the affiant
usct_pension_files\E_F\Fields Paul Civil War Pension.pdf,9620,Grays Hill,other,,beaufort,south carolina,,154,Post-office address of the affiant
usct_pension_files\E_F\Fields Paul Civil War Pension.pdf,9664,St Helena Island | St. Helena,other,saint helena,beaufort,south carolina,,"171, 173, 175, 176","affiant's residence ... resident of St Helena Island ... residence of Jacob Jenkins, affiant"
usct_pension_files\E_F\Fields Paul Civil War Pension.pdf,9668,Cotton Falls,village,,,south carolina,,179,soldier's birthplace
usct_pension_files\E_F\Fields Paul Civil War Pension.pdf,9669,Lynn,city,lynn,essex,massachusetts,united states,178,location of sender's address
usct_pension_files\E_F\Fields Paul Civil War Pension.pdf,9695,County of ..................................................................................................,county,,,,,188,location of affidavit
usct_pension_files\E_F\Fields Paul Civil War Pension.pdf,9709,So. Ca.,state,,,south carolina,,184,jurisdiction mention
usct_pension_files\E_F\Fields Paul Civil War Pension.pdf,9730,County of Beaufort,county,,beaufort,south carolina,,189,location of the affidavit ... location mentioned for the Notary Public certification
usct_pension_files\E_F\Fields Paul Civil War Pension.pdf,9731,Paul Field,other,,,,,189,claimant of the pension
usct_pension_files\E_F\Fields Paul Civil War Pension.pdf,9732,Regiment of u.s.c.t,military_post,,,,,189,military unit related to the claimant
usct_pension_files\E_F\Fields Paul Civil War Pension.pdf,9796,Savannah,city,savannah,,georgia,,204,alternate location for medical examination board
usct_pension_files\E_F\Fields Paul Civil War Pension.pdf,9235,--,other,,,,,1,Pension document reference
usct_pension_files\E_F\Fields Paul Civil War Pension.pdf,9246,--,other,,,,,16,Date of document approval
usct_pension_files\E_F\Fields Paul Civil War Pension.pdf,9247,--,other,,,,,16,Commissioner's name on document
usct_pension_files\E_F\Fields Paul Civil War Pension.pdf,9284,--,,,,,,31,Index of claimed evidence
usct_pension_files\E_F\Fields Paul Civil War Pension.pdf,9285,--,,,,,,31,Claimant's name listed in index
usct_pension_files\E_F\Fields Paul Civil War Pension.pdf,9309,--,,,,,,44,--
usct_pension_files\E_F\Fields Paul Civil War Pension.pdf,9311,town,city,,,,,40,met him in town
usct_pension_files\E_F\Fields Paul Civil War Pension.pdf,9312,town,city,,,,,40,met him in town
usct_pension_files\E_F\Fields Paul Civil War Pension.pdf,9313,--,,,,,,38,--
usct_pension_files\E_F\Fields Paul Civil War Pension.pdf,9314,--,,,,,,38,--
usct_pension_files\E_F\Fields Paul Civil War Pension.pdf,9347,--,other,,,,,59,record of pension drop
usct_pension_files\E_F\Fields Paul Civil War Pension.pdf,9394,--,,,,,,89,--
usct_pension_files\E_F\Fields Paul Civil War Pension.pdf,9413,--,,,,,,93,--
usct_pension_files\E_F\Fields Paul Civil War Pension.pdf,9414,--,,,,,,93,--
usct_pension_files\E_F\Fields Paul Civil War Pension.pdf,9415,--,,,,,,93,--
usct_pension_files\E_F\Fields Paul Civil War Pension.pdf,9501,--,,,,,,133,--
usct_pension_files\E_F\Fields Paul Civil War Pension.pdf,9506,--,other,,,,,130,signature of the author
usct_pension_files\E_F\Fields Paul Civil War Pension.pdf,9507,--,other,,,,,130,signature of the medical referee
"usct_pension_files\E_F\Fields, Adam Civil War Pension.pdf",7707,THE NATIONAL ARCHIVES,other,,,,,1,institution where the document is held
"usct_pension_files\E_F\Fields, Adam Civil War Pension.pdf",7708,Knoxville,city,knoxville,,tennessee,,"101, 105, 107, 109, 2, 3, 34, 4, 95, 97, 99",Original roll location ... original roll location ... Agency for pension claim ... Location mentioned in agency inquiries ... enrolled at the Pension Agency ... Location of the pension agency where the claimant is enrolled ... location of pension agency ... location of pension enrollment agency
"usct_pension_files\E_F\Fields, Adam Civil War Pension.pdf",7712,STAMPS,city,stamps,,,,"63, 65, 7",location of claim ... location of U.S. Pension Office stamp ... likely refers to the location of a Civil War pension document or office
"usct_pension_files\E_F\Fields, Adam Civil War Pension.pdf",7729,"Beaufort | Beaufort Co | Beaufort County | BEAUFORT | Beaufort Co. S. C. | Beaufort National Cemetery | Beaufort, S. C. | Beaufort S. C | Beaufort So. Car | Beaufort S. C. | Beaufort S.C. | Beaufort S C | Beaufort SC",city,beaufort,beaufort,south carolina,united states,"100, 101, 102, 104, 105, 106, 107, 108, 109, 11, 110, 111, 113, 114, 115, 116, 117, 118, 120, 121, 122, 125, 127, 129, 13, 130, 131, 134, 136, 137, 138, 140, 142, 144, 147, 148, 149, 15, 150, 151, 152, 154, 156, 159, 160, 162, 164, 165, 166, 167, 17, 170, 171, 172, 173, 174, 176, 177, 178, 179, 180, 181, 182, 183, 184, 185, 186, 187, 188, 189, 19, 190, 191, 194, 195, 196, 197, 198, 199, 201, 202, 206, 208, 209, 21, 210, 211, 212, 213, 214, 215, 217, 218, 219, 221, 226, 228, 23, 230, 232, 25, 27, 29, 31, 34, 35, 36, 38, 39, 41, 43, 44, 45, 46, 48, 50, 52, 54, 55, 56, 58, 59, 6, 60, 61, 62, 64, 66, 68, 69, 70, 71, 72, 74, 75, 77, 79, 81, 82, 83, 84, 85, 86, 87, 88, 89, 9, 90, 91, 92, 93, 94, 95, 96, 97, 98, 99","location of pensioner Adam Fields ... soldier's residence ... location of soldier's claim ... Wally Martin's home, raised nearby ... Wally Martin's post office location ... indicates the post office location ... county information related to deposition ... post office of the deponent ... county where deposition took place ... P.O. Address of the applicant ... County associated with the applicant's address ... county where Frogmore is located ... Claimant's county of residence ... location of marriage ... location of witnesses' residence ... claimant's residence ... Claimant's post office location ... County mentioned in the document ... City where Adam Fields resides and applies for pension ... county mentioned in the legal document ... post office address for application ... location referenced in the application ... location of the pensioner's residence ... location where soldier was enrolled ... pensioner's postal address ... place where enrolled ... current post-office address ... county mentioned in header ... place of residence since discharge ... place of birth ... location of the pensioner's appeal ... writer's location ... writer's return address ... location of affidavit signing ... claimant's county of residence ... county mentioned in the pension claim ... location of claimant's post office box ... claimant's post office address ... location of claim submission ... residence of witness Peter Pinckney ... location for soldier's application submission ... county where the pension claim is filed ... Post-Office address of the applicant ... location of business and residence ... county where the affidavit is sworn ... Claimant's post office and residence ... Claimant's residence and location of attorney ... County in which the claimant resides ... county of residence of claimant ... city where claimant was enrolled ... birthplace of the claimant ... County of the claimant Adam Fields ... Post office address of the attorney ... Claimant's post office and county of residence ... residence of witnesses ... region without records ... residing at ... location mentioned in relation to the appeal ... location of the declaration ... County of residence and location of deposition ... Location where the claimant was enrolled ... Claimant's post-office address ... Residence of witnesses ... County where the declaration is made and where Adam Fields resides ... City where Adam Fields was enrolled in service ... City where Adam Fields' post-office address is located ... City where witnesses E. W. Polite and W. H. Shepherd reside ... City of the witnesses in the document ... county where the declaration is executed ... city referenced as attorney's location ... location of claim filing ... location of pension attorney ... notarized declaration location ... residence of the witnesses ... Claimant's residence and county of declaration ... Home location of the claimant during new disability declaration ... Post-office address of the claimant ... residence of March Washington ... soldier's post office location ... County where the claimant resides ... pensioner's place of residence ... county in which the declaration is made ... location where attorney is appointed from ... location near marriage ... resident of the city ... location of enlistment ... soldier's county ... place of claim by Nathan Bickford ... Post Office address of affiant ... county where the affidavit was made ... location of court and residence ... place of enrollment for soldier ... place of enlistment ... desired address for communication ... county of affidavit ... county where the affidavit is made ... post office address of witness ... county of the affiant ... soldier's post office address ... place of soldier's birth ... no court or church records of marriage in Beaufort ... location of Notary Public's office ... county where the affidavit was sworn ... county of post office address ... location of the pension claim and officer administering oath ... location where the witness first saw the soldier after discharge ... county mentioned in claimant's address ... nearest post-office for residence ... location of examination and legal proceedings ... location where attorney Mr. Crofut practiced ... location where quarterly vouchers are executed ... place of organization for the regiment ... soldier's city of residence and location where affidavit is executed ... county where the affidavit is executed ... affirmant's post office address ... Post Office address of Joseph Richardson and Ishmael Simmons ... location of claimant's report ... location of the signer ... applicant's post office address ... post office address for examination ... county mentioned for the location of the affidavit ... location of the Post Office address; residence of Cain Jenkins ... location where the affidavit was sworn ... county where affidavit is notarized ... Post Office address for Joseph Simmons ... location where affidavit is sworn ... post office location for the claim ... Claimant's address and birthplace ... Claimant's post office address ... location of post office ... administrative region ... claimant's post-office address and birthplace ... county of claimant's birthplace ... resident of Beaufort, widow of soldier ... post office address; place of residency ... resident's location ... burial site ... Affiant's residence ... Location where Adam Fields was buried ... mentioning the county for the affidavit ... county where affidavit is made ... resident of the claimant ... county mentioned in legal document ... county where affidavit was sworn ... part of the legal jurisdiction for the affidavit ... soldier's birthplace ... post office at enlistment ... residence at the time of reporting ... location of postal mark ... P.O. listed as residence of soldier and attorney ... P.O. listed as residence of soldier's attorney ... address of the widow Louisa Fields ... claimant's postal address ... P.O. address of soldier ... location where soldier was mustered in ... address of the soldier ... address of the pension claimant ... Mr. Adam Fields' post office address ... claimant's present address ... P.O. address of Adam Fields ... County where the pension application was submitted ... location of special examination for pension claim ... mentioned as part of the official designation for the location of the examination ... Post office address of claimant ... location referenced as a city where Clmts community is situated ... mentioned as location near Clmts place of residence ... location of examination board for surgery ... county mentioned as location of deposition ... Location mentioned in postal address ... location of burial for the deceased ... mentioned in connection with the soldier's background ... mentioned again, possibly for the same reason as above ... soldier's birthplace ... location of the writer's request for pension assistance ... present address for correspondence ... residence of affiant R. S. Wright ... residence of affiants ... residence of witnesses Jacob Mc Kee and Charles Seymour ... residing location of witnesses ... location of attorney ... Claimant's post office address. ... Claimant's post-office address. ... Post-office address of the Board. ... address of notary public ... location of notary's seal and signature ... location of notary's office ... Post-Office address for witness ... location of the notary's seal ... location of the notary public ... location of deposition ... postal location of the depositor"
"usct_pension_files\E_F\Fields, Adam Civil War Pension.pdf",7742,South Carolina | South Car. | So Car | S C | SC | S.C. | S. C.,state,,,south carolina,united states,"101, 103, 105, 107, 115, 116, 118, 120, 121, 122, 129, 13, 130, 131, 136, 137, 140, 141, 142, 143, 144, 146, 149, 152, 154, 156, 160, 166, 172, 173, 174, 179, 180, 181, 183, 184, 185, 186, 187, 188, 189, 190, 193, 199, 21, 210, 212, 217, 221, 226, 228, 25, 29, 36, 37, 38, 39, 41, 43, 45, 46, 48, 50, 52, 54, 56, 6, 60, 61, 66, 70, 71, 72, 73, 75, 77, 79, 83, 84, 86, 90, 91, 97, 99","soldier's home state ... state of residence and deposition ... state of deposition ... notary public's official state ... state where Frogmore and Beaufort County are located ... location of widow's application ... Claimant's state of residence ... state of claimant ... claimant's state of service ... State of the claimant ... State where the declaration is made ... state mentioned in the legal document ... location of pension declaration ... abbreviated state name in header ... abbreviated state name mentioned ... abbreviated state name in signature ... state mentioned in the context of a pension claim ... state of residence for the claimant ... claimant's state of residence ... state of the claimant ... state of the pension claim ... state where the document is filed ... state mentioned again in address ... State in which the claimant resides ... state of residence of claimant ... State of residence of the claimant ... State of residence of Adam Fields ... state mentioned in the declaration ... State of the pension application ... State of declaration for increase of pension ... location of deposition ... state of residence and application ... state of residence in the document ... soldier's state of service ... state where the affidavit was notarized ... jurisdiction of the affidavit ... state of residence and service ... state of affidavit ... jurisdiction where affidavit is made ... state of the affidavit execution ... state of soldier's origin and residence ... state where the affidavit was sworn ... Official title of notary public ... official title of Notary Public ... mentioned in instructions related to the case ... mentioned in the header of the affidavit ... state where the soldier's address is located ... state where the affidavit is executed ... state mentioned in the document ... location of affidavit ... location of the affidavit ... domicile of the notary public; context for the certification ... state mentioned in the affidavit ... state of official documentation ... birthplace of the soldier ... state designation in the address ... state of jurisdiction for the pension claim ... state listed in burial reference ... jurisdiction where the affidavit was sworn ... mentioned as the state of residence ... state where affidavit is made ... state mentioned in legal document ... part of the legal jurisdiction for the affidavit ... state where Charleston is located ... State where Beaufort is located ... abbreviation for South Carolina, state where Beaufort is located ... mention of state in list ... the state where Beaufort is located"
"usct_pension_files\E_F\Fields, Adam Civil War Pension.pdf",7743,Natl Mil Home,military_post,,,virginia,,6,attorney's correspondence address
"usct_pension_files\E_F\Fields, Adam Civil War Pension.pdf",7744,Virginia,state,,,virginia,,"199, 6",state of attorney's address ... mention of state in context of date
"usct_pension_files\E_F\Fields, Adam Civil War Pension.pdf",7745,Savannah,city,savannah,chatham,georgia,united states,"111, 116, 12, 122, 125, 127, 129, 131, 134, 138, 140, 142, 151, 175, 21, 221, 225, 227, 232, 26, 39, 46, 48, 50, 52, 60, 66, 68, 73, 75, 77, 79, 91",location mentioned during the soldier's service in spring 1865 ... location of discharge due to disability ... location where Adam Fields was discharged due to his disease ... City where Adam Fields was honorably discharged from service ... location of soldier's discharge ... location of honorable discharge ... discharge location ... location of discharge and treatment ... location of discharge from service ... Location of honorable discharge for disability ... Location where Adam Fields was honorably discharged from service ... location of treatment for illness ... location of Post Hospital for soldier ... station during service and location of discharge ... place where the claimant fell sick ... place where claimant became ill ... location of camp hospital ... place where soldier was stationed and discharged ... location where the soldier took sick ... location where soldier was discharged ... post office address for the examination of Adam Field ... location of discharge from the army ... location where claimant first complained of disease
"usct_pension_files\E_F\Fields, Adam Civil War Pension.pdf",7747,Jany,other,,,,,16,date of deposition
"usct_pension_files\E_F\Fields, Adam Civil War Pension.pdf",7750,Port Royal | Port Royal Island | Port Royal island,town,port royal,beaufort,south carolina,,"111, 117, 118, 13, 131, 134, 138, 140, 149, 152, 156, 160, 182, 230, 91, 95",Post Office location ... residence of the claimant ... resident of ... residence of witness ... claimant's residence ... residence of claimant ... residence of the affiant ... location of affiant's residence ... resident's location ... post office address of affiant ... affiant's post office address ... residence of Joseph Richardson ... general location of marriage and death ... residence of Cain Jenkins ... residence of Joseph Simmons ... Affiant's postal address ... location where the deponent was raised
"usct_pension_files\E_F\Fields, Adam Civil War Pension.pdf",7756,Fields,other,,,,,24,person mentioned as someone who is not a witness
"usct_pension_files\E_F\Fields, Adam Civil War Pension.pdf",7757,Febry,other,,,,,24,date of the sworn statement
"usct_pension_files\E_F\Fields, Adam Civil War Pension.pdf",7759,Charleston,city,charleston,,south carolina,,"11, 129, 178, 180, 182, 193, 196, 29",location of complaints while in army ... location of discharge from military service ... referenced as a point during military actions ... location of soldier's death ... location of hospital where death occurred ... Location of Adam Fields' death ... city where the hospital is located ... place of death of Adam Fields
"usct_pension_files\E_F\Fields, Adam Civil War Pension.pdf",7760,Ladies Island,city,,beaufort,south carolina,,"11, 127, 46, 50, 77",place where soldier was raised and enslaved ... Place of birth for Adam Fields ... place of birth ... Birthplace of the claimant ... soldier's birthplace
"usct_pension_files\E_F\Fields, Adam Civil War Pension.pdf",7762,James Island,city,,,south carolina,,11,location where army was stationed
"usct_pension_files\E_F\Fields, Adam Civil War Pension.pdf",7763,Honey Hill,battlefield,,,south carolina,,"11, 151",location where soldier became very disabled ... site of the soldier's battle participation
"usct_pension_files\E_F\Fields, Adam Civil War Pension.pdf",7765,Folly Island,other,,,south carolina,,"151, 23, 56",place where soldier complained of injuries ... location where the soldier first felt rheumatism ... location where the soldier was treated for his condition ... location of service after Beaufort
"usct_pension_files\E_F\Fields, Adam Civil War Pension.pdf",7775,Jericho | Jericho Beaufort township,other,jericho,beaufort,south carolina,,"19, 77, 79",location where Wally Martin was raised ... Claimant's current residence ... Township where Adam Fields resides
"usct_pension_files\E_F\Fields, Adam Civil War Pension.pdf",7777,U.S. Army,military_post,,,,,19,military service during the Civil War
"usct_pension_files\E_F\Fields, Adam Civil War Pension.pdf",7790,Pocatalligo,town,,,,,25,location where soldier first complained of health issues
"usct_pension_files\E_F\Fields, Adam Civil War Pension.pdf",7792,near neighbors,other,,,,,25,referring to residences of Adam Fields and Ishmael Simmons
"usct_pension_files\E_F\Fields, Adam Civil War Pension.pdf",7793,Danbury,town,danbury,stokes,north carolina,,33,P.O. address of the individual
"usct_pension_files\E_F\Fields, Adam Civil War Pension.pdf",7794,Elizabeth City | Elizabeth City Co.,city,elizabeth,elizabeth city,virginia,,"220, 33",location of further examination recommendation ... Destination for action taken on March 18th 1889
"usct_pension_files\E_F\Fields, Adam Civil War Pension.pdf",7810,Honeyhill,other,,,,,35,"appears without context, unclear significance"
"usct_pension_files\E_F\Fields, Adam Civil War Pension.pdf",7811,Frogmore,town,frogmore,beaufort,south carolina,,21,location of deposition
"usct_pension_files\E_F\Fields, Adam Civil War Pension.pdf",7814,George Town,town,george,,south carolina,,21,location near where witness was raised
"usct_pension_files\E_F\Fields, Adam Civil War Pension.pdf",7815,Camp Saxon,military_post,,beaufort,south carolina,,21,regiment's station where witness joined the army
"usct_pension_files\E_F\Fields, Adam Civil War Pension.pdf",7816,Camp Shaw,military_post,,,south carolina,,21,location where Adam Fields complained of disease
"usct_pension_files\E_F\Fields, Adam Civil War Pension.pdf",7818,Georgia | GA.,state,,,georgia,united states,"122, 131, 174, 175, 197, 199, 21, 221, 66",state where Savannah is located ... state where the soldier received treatment ... location where the claimant was sick ... state where soldier was discharged ... state where the examination took place ... address of the board handling the claim ... Location mentioned for attorney correspondence ... state where discharged ... mention of state in list
"usct_pension_files\E_F\Fields, Adam Civil War Pension.pdf",7823,"District of Columbia | D.C. | D. C. | Wash D. C. | Washington | WASHINGTON | Washington D.C. | Washington, D. C. | Washington D. C | WASHINGTON, D. C.",state,washington,,district of columbia,united states,"100, 107, 108, 112, 113, 115, 116, 119, 121, 124, 126, 128, 130, 132, 135, 137, 139, 141, 143, 144, 145, 149, 153, 155, 157, 161, 178, 183, 185, 187, 190, 195, 196, 197, 199, 208, 218, 36, 40, 46, 55, 57, 59, 60, 61, 62, 64, 67, 68, 82, 98",location of the Bureau of Pensions ... Notary's location of official capacity ... Location mentioned in postal address ... mention of territory in list ... address of a person involved in the affidavit ... location of the Bureau of Pensions ... location of Commissioner of Pensions ... Location of appointed attorneys in the case ... origin of disability in the service ... location of the Hon Commissioner of P. ... addressing the Commissioner of Pensions ... location of the solicitor of claims ... addressed to the Commissioner of Pension ... address for the Hon. Commissioner of Pensions ... location of commissioner ... location of the pension office for submission ... location of attorney for the claim ... location of the Commissioner of Pensions ... location of filing ... destination for discharge certificates ... Location of attorney's office ... location where the affidavit was filed ... Address for attorney for claimant ... location of the attorney's office for pension claim ... location of attorney's office ... location of appointed attorney's residence ... location of the claimant's solicitor ... location of claimant's solicitor ... address of the attorney Nathan Bickford ... location of the Pension Commissioner ... location where pension was paid ... location of solicitor ... addressed to the Commissioner of Pensions ... location of pension certificate sale ... location of record division ... address of appointed attorney ... the location of the attorney's office ... location of Bureau of Pensions ... attorney's post office ... location of the Bureau of Pensions ... address of the Chief of the Record and Pension Office ... location of the War Department's Record and Pension Office ... location of claim filing ... address of attorneys for claimant ... Address of the attorney filing the claim ... address where affidavit should be sent ... address of a person who filed the affidavit ... location of claimant's solicitor ... address of Bureau of Pensions ... address for submission of report
"usct_pension_files\E_F\Fields, Adam Civil War Pension.pdf",7855,"Hilton Head | HILTON HEAD, S. C.",city,hilton head,beaufort,south carolina,united states,"128, 39, 52, 56",location where the soldier was enlisted ... enrollment location of the claimant ... location of medical discharge
"usct_pension_files\E_F\Fields, Adam Civil War Pension.pdf",7861,United States,country,,,,united states,"105, 131, 142, 51",general reference ... country of pension entitlement ... country related to military service ... country of service for the soldier
"usct_pension_files\E_F\Fields, Adam Civil War Pension.pdf",7862,Mexico,country,,,,mexico,51,mentioned in relation to service prior to Civil War
"usct_pension_files\E_F\Fields, Adam Civil War Pension.pdf",7863,Bureau of Pensions,other,,,,,"49, 51",referenced as the office for filing pension claims ... The agency that processes pension applications
"usct_pension_files\E_F\Fields, Adam Civil War Pension.pdf",7864,U. S.,country,,,,united states,51,general mention regarding benefits
"usct_pension_files\E_F\Fields, Adam Civil War Pension.pdf",7881,St Helena,county,,saint helena,south carolina,,50,where claimant resides
"usct_pension_files\E_F\Fields, Adam Civil War Pension.pdf",7888,Broad River,region,,beaufort,south carolina,,39,residence of claimant mentioned
"usct_pension_files\E_F\Fields, Adam Civil War Pension.pdf",7893,Bft,city,beaufort,beaufort,south carolina,,39,post office address of the claimant
"usct_pension_files\E_F\Fields, Adam Civil War Pension.pdf",7897,Ellis | Ellis Plantation | Ellis Place | Ellis Pl'n | Ellis Pln,town,ellis,beaufort,south carolina,,"101, 105, 113, 122, 148, 149, 186, 189, 52, 93",current residence of the pensioner ... Place of residence of the claimant ... location of soldier's marriage ... site of the marriage ceremony ... site of marriage ceremony ... resident's location ... residence of Adam Fields ... location of marriage ... current residence
"usct_pension_files\E_F\Fields, Adam Civil War Pension.pdf",7922,Morris Island,other,,,south carolina,,66,location where Soldier first felt the disability
"usct_pension_files\E_F\Fields, Adam Civil War Pension.pdf",7944,Beaufur,county,beaufur,beaufur,south carolina,,73,county where declaration is made ... claimant's residence
"usct_pension_files\E_F\Fields, Adam Civil War Pension.pdf",7949,National Soldiers Home Virginia,military_post,,,virginia,,85,Address of the recognized attorney
"usct_pension_files\E_F\Fields, Adam Civil War Pension.pdf",8017,Tenn | Tennessee,state,,,tennessee,,"199, 99",location of pension agency ... mention of state in list
"usct_pension_files\E_F\Fields, Adam Civil War Pension.pdf",8035,Burton,town,burton,beaufort,south carolina,,"107, 186, 189",specific location mentioned as residence ... location of the affiant's post office address ... Post-Office address ... residence of Jerry Simmons and location of marriage
"usct_pension_files\E_F\Fields, Adam Civil War Pension.pdf",8052,So. Ca.,state,,,south carolina,,109,state of residence
"usct_pension_files\E_F\Fields, Adam Civil War Pension.pdf",8056,N. H. D. V. S. Va.,other,,,virginia,,109,location of attorney
"usct_pension_files\E_F\Fields, Adam Civil War Pension.pdf",8067,Fort Pocataligo,military_post,,,south carolina,,115,site of illness during service
"usct_pension_files\E_F\Fields, Adam Civil War Pension.pdf",8082,Fort Pocotaligo,military_post,,,south carolina,,116,location of injury
"usct_pension_files\E_F\Fields, Adam Civil War Pension.pdf",8103,U.S. C. T. | U.S.C.T.,military_post,,,,,"130, 199",regiment designation ... reference to United States Colored Troops
"usct_pension_files\E_F\Fields, Adam Civil War Pension.pdf",8110,Old Pocotaligo,other,,,south carolina,,129,location where soldier became disabled
"usct_pension_files\E_F\Fields, Adam Civil War Pension.pdf",8140,Fifth Street,street,,,,,141,street name in address of attorneys for claimant
"usct_pension_files\E_F\Fields, Adam Civil War Pension.pdf",8148,COUNTY OF............................................................................................... | COUNTY OF .....................................................................................,county,,,,,"139, 153","-- ... not specified, placeholder"
"usct_pension_files\E_F\Fields, Adam Civil War Pension.pdf",8149,State of.............................................................................................................. | State of ...........................................................................................................,state,,,,,"139, 153","-- ... not specified, placeholder"
"usct_pension_files\E_F\Fields, Adam Civil War Pension.pdf",8163,Jerico Plantation,plantation,,,,,148,"previous residence after April 25, 1865"
"usct_pension_files\E_F\Fields, Adam Civil War Pension.pdf",8169,Lady's Island,other,,beaufort,south carolina,,150,birthplace of soldier
"usct_pension_files\E_F\Fields, Adam Civil War Pension.pdf",8191,Pocotaligo,other,,,south carolina,,152,location where both Adam Fields and Ishmael Simmons contracted measles
"usct_pension_files\E_F\Fields, Adam Civil War Pension.pdf",8195,Baynard Place,plantation,,,,,154,location of the affiant's home near the claimant's wife
"usct_pension_files\E_F\Fields, Adam Civil War Pension.pdf",8196,PENSION OFFICE,other,,,,,158,location of claim processing
"usct_pension_files\E_F\Fields, Adam Civil War Pension.pdf",8203,Binyard plantation,plantation,,,south carolina,,149,location of former wife's death
"usct_pension_files\E_F\Fields, Adam Civil War Pension.pdf",8213,Adam Fields,other,,,,,"168, 207",name of claimant ... claimant's name in the pension document
"usct_pension_files\E_F\Fields, Adam Civil War Pension.pdf",8214,Post office,other,,,,,169,section requesting post office address
"usct_pension_files\E_F\Fields, Adam Civil War Pension.pdf",8232,Chatham,county,,chatham,georgia,,175,county of the applicant's post office
"usct_pension_files\E_F\Fields, Adam Civil War Pension.pdf",8308,Roper Hospital,other,charleston,,south carolina,,193,location of soldier's death
"usct_pension_files\E_F\Fields, Adam Civil War Pension.pdf",8316,UNKNOWN,other,,,,,200,This corresponds to an index entry and does not specify a location.
"usct_pension_files\E_F\Fields, Adam Civil War Pension.pdf",8320,New Smyrna,city,new smyrna,,florida,united states,201,location of correspondence
"usct_pension_files\E_F\Fields, Adam Civil War Pension.pdf",8324,St Augustine,city,saint augustine,saint johns,florida,,"202, 208, 220","residence and address of deponent, birthplace of deponent ... location of a witness ... location of Abraham Lancaster"
"usct_pension_files\E_F\Fields, Adam Civil War Pension.pdf",8326,Hawks Park,town,hawks park,volusia,florida,,"204, 220",residence and address of deponent ... location of the Surgeon & Exam. Board
"usct_pension_files\E_F\Fields, Adam Civil War Pension.pdf",8327,Volusia,county,,volusia,florida,,204,county where deposition took place
"usct_pension_files\E_F\Fields, Adam Civil War Pension.pdf",8328,Fla | Fla. | Florida,state,,,florida,,"199, 204, 210",state where deposition took place ... State mentioned in the address for correspondence ... mention of state in list
"usct_pension_files\E_F\Fields, Adam Civil War Pension.pdf",8330,Soldiers Home | Soldiers Home Va,military_post,eliz,eliz,virginia,,"208, 209",location of deposition
"usct_pension_files\E_F\Fields, Adam Civil War Pension.pdf",8345,St. Johns Co.,county,,saint johns,florida,,210,Destination for correspondence
"usct_pension_files\E_F\Fields, Adam Civil War Pension.pdf",8349,W. VA.,state,,,west virginia,,197,Mentioned in reference to acts and claims
"usct_pension_files\E_F\Fields, Adam Civil War Pension.pdf",8351,ALA. | Alabama,state,,,alabama,,"197, 199",Location mentioned for correspondence ... mention of state in list
"usct_pension_files\E_F\Fields, Adam Civil War Pension.pdf",8352,MISS. | Mississippi,state,,,mississippi,,"197, 199",Location mentioned for correspondence ... mention of state in list
"usct_pension_files\E_F\Fields, Adam Civil War Pension.pdf",8353,LA. | Louisiana,state,,,louisiana,,"197, 199",Location mentioned for correspondence ... mention of state in list
"usct_pension_files\E_F\Fields, Adam Civil War Pension.pdf",8354,TEX. | Texas,state,,,texas,,"197, 199",Location mentioned for correspondence ... mention of state in list
"usct_pension_files\E_F\Fields, Adam Civil War Pension.pdf",8355,TEN.,state,,,tennessee,,197,Location mentioned for correspondence
"usct_pension_files\E_F\Fields, Adam Civil War Pension.pdf",8356,MO. | Missouri,state,,,missouri,,"123, 197, 199",Location mentioned for correspondence ... mention of state in list ... Comrade writes from Missouri about widow's pensions
"usct_pension_files\E_F\Fields, Adam Civil War Pension.pdf",8370,Columbia,city,columbia,richland,south carolina,united states,218,location of correspondence
"usct_pension_files\E_F\Fields, Adam Civil War Pension.pdf",8375,Clmts place of residence,other,,,,,219,described as the residence of Clmts
"usct_pension_files\E_F\Fields, Adam Civil War Pension.pdf",8380,Camerhill,town,camerhill,,south carolina,,224,location where soldier first felt back pains
"usct_pension_files\E_F\Fields, Adam Civil War Pension.pdf",8381,Pocataligo,town,pocataligo,,south carolina,,"224, 227",location where soldier had measles ... location where claimant had measles while in the army
"usct_pension_files\E_F\Fields, Adam Civil War Pension.pdf",8395,West Virginia,state,,,west virginia,,199,mention of state in list
"usct_pension_files\E_F\Fields, Adam Civil War Pension.pdf",8396,North Carolina,state,,,north carolina,,199,mention of state in list
"usct_pension_files\E_F\Fields, Adam Civil War Pension.pdf",8404,Kentucky,state,,,kentucky,,199,mention of state in list
"usct_pension_files\E_F\Fields, Adam Civil War Pension.pdf",8407,Arkansas,state,,,arkansas,,199,mention of state in list
"usct_pension_files\E_F\Fields, Adam Civil War Pension.pdf",8415,Camp-hill,military_post,,,,,233,location from where the soldier marched
"usct_pension_files\E_F\Fields, Adam Civil War Pension.pdf",8416,Illinois,state,,,illinois,,123,Comrade writes from Illinois about widow's pensions
"usct_pension_files\E_F\Fields, Adam Civil War Pension.pdf",8418,Canada,country,,,,canada,123,Comrade writes from Canada about securing a pension for his wife
"usct_pension_files\E_F\Fields, Adam Civil War Pension.pdf",8419,New York,state,,,new york,,123,Comrade writes from a large city in New York State about pension plans
"usct_pension_files\E_F\Fields, Adam Civil War Pension.pdf",8420,Salem,city,salem,,new york,,123,Postoffice for widow Alice L. Barnes's pension claim
"usct_pension_files\E_F\Fields, Adam Civil War Pension.pdf",8421,Sullivan,city,sullivan,,missouri,,123,Postoffice for widow Mary J. Perry's pension claim
"usct_pension_files\E_F\Fields, Adam Civil War Pension.pdf",8422,Emporium,city,emporium,,pennsylvania,,123,Postoffice for widow Malinda Brock's pension claim
"usct_pension_files\E_F\Fields, Adam Civil War Pension.pdf",8423,Reliance,city,reliance,,tennessee,,123,Postoffice for widow Martha M. Kelley's pension claim
"usct_pension_files\E_F\Fields, Adam Civil War Pension.pdf",8424,Tappan,city,tappan,,ohio,,123,Postoffice for widow Sarah J. Jobe's pension claim
"usct_pension_files\E_F\Fields, Adam Civil War Pension.pdf",8425,Campbell Hill,city,campbell hill,,illinois,,123,Postoffice for widow Caroline McMillan's pension claim
"usct_pension_files\E_F\Fields, Adam Civil War Pension.pdf",8426,Defiance,city,defiance,,pennsylvania,,123,Postoffice for widow Margaret J. Snyder's pension claim
"usct_pension_files\E_F\Fields, Adam Civil War Pension.pdf",8427,Ottumwa,city,ottumwa,,iowa,,123,Postoffice for widow Catherine J. Murray's pension claim
"usct_pension_files\E_F\Fields, Adam Civil War Pension.pdf",8428,Parkersburg,city,parkersburg,,west virginia,,123,Postoffice for widow Sarah A. Cooper's pension claim
"usct_pension_files\E_F\Fields, Adam Civil War Pension.pdf",8429,Aboite,city,aboite,,indiana,,123,Postoffice for widow Rachel S. Allen's pension claim
"usct_pension_files\E_F\Fields, Adam Civil War Pension.pdf",8430,East Auburn,city,east auburn,,california,,123,Postoffice for widow Priscilla Copper's pension claim
"usct_pension_files\E_F\Fields, Adam Civil War Pension.pdf",8431,Conover,city,conover,,ohio,,123,Postoffice for widow Margaret Furrow's pension claim
"usct_pension_files\E_F\Fields, Adam Civil War Pension.pdf",8432,Homeland,city,homeland,,georgia,,123,Postoffice for widow Rosa M. Toy's pension claim
"usct_pension_files\E_F\Fields, Adam Civil War Pension.pdf",8433,North Crystal Lake,city,north crystal lake,,illinois,,123,Postoffice for widow Frances E. Mason's pension claim
"usct_pension_files\E_F\Fields, Adam Civil War Pension.pdf",8434,Asbury Park,city,asbury park,,new jersey,,123,Postoffice for widow Jennie R. Albertson's pension claim
"usct_pension_files\E_F\Fields, Adam Civil War Pension.pdf",8435,Roslyn,city,roslyn,,new york,,123,Postoffice for widow Sarah E. Crawford's pension claim
"usct_pension_files\E_F\Fields, Adam Civil War Pension.pdf",8436,Battle Ground,city,battle ground,,indiana,,123,Postoffice for widow Virginia Mahan's pension claim
"usct_pension_files\E_F\Fields, Adam Civil War Pension.pdf",8437,Bushnell,city,bushnell,,illinois,,123,Postoffice for widow Genoa F. Murphy's pension claim
"usct_pension_files\E_F\Fields, Adam Civil War Pension.pdf",8438,Merrimack,city,merrimack,,wisconsin,,123,Postoffice for widow May Cramer's pension claim
"usct_pension_files\E_F\Fields, Adam Civil War Pension.pdf",8439,Libertyville,city,libertyville,,iowa,,123,Postoffice for widow Pheoby Tedrow's pension claim
"usct_pension_files\E_F\Fields, Adam Civil War Pension.pdf",8440,McKees Rocks,city,mckees rocks,,pennsylvania,,123,Postoffice for widow Marian M. McGinnis's pension claim
"usct_pension_files\E_F\Fields, Adam Civil War Pension.pdf",8441,Solvay,city,solvay,,new york,,123,Postoffice for widow Mary J. Mitchell's pension claim
"usct_pension_files\E_F\Fields, Adam Civil War Pension.pdf",8442,James Creek,city,james creek,,pennsylvania,,123,Postoffice for widow Catharine Young's pension claim
"usct_pension_files\E_F\Fields, Adam Civil War Pension.pdf",8443,Kunkle,city,kunkle,,ohio,,123,Postoffice for widow Emma L. Kinnaman's pension claim
"usct_pension_files\E_F\Fields, Adam Civil War Pension.pdf",8444,Georgetown,city,georgetown,,new york,,123,Postoffice for widow Achsah A. Perry's pension claim
"usct_pension_files\E_F\Fields, Adam Civil War Pension.pdf",8445,Oil Springs,city,oil springs,,canada,canada,123,Postoffice for widow Annie Keck's pension claim
"usct_pension_files\E_F\Fields, Adam Civil War Pension.pdf",7711,--,,,,,,5,--
"usct_pension_files\E_F\Fields, Adam Civil War Pension.pdf",7728,--,,,,,,10,application for military pension
"usct_pension_files\E_F\Fields, Adam Civil War Pension.pdf",7730,--,,,,,,8,application filed date
"usct_pension_files\E_F\Fields, Adam Civil War Pension.pdf",7746,--,,,,,,12,deponent's residence post-war
"usct_pension_files\E_F\Fields, Adam Civil War Pension.pdf",7748,--,,,,,,14,date of deposition
"usct_pension_files\E_F\Fields, Adam Civil War Pension.pdf",7753,--,,,,,,22,unspecified mention
"usct_pension_files\E_F\Fields, Adam Civil War Pension.pdf",7754,--,other,,,,,18,deponent lives within two miles of claimant since the war
"usct_pension_files\E_F\Fields, Adam Civil War Pension.pdf",7755,--,church,,,,,18,both deponent and claimant are deacons in the same church
"usct_pension_files\E_F\Fields, Adam Civil War Pension.pdf",7778,--,,,,,,20,--
"usct_pension_files\E_F\Fields, Adam Civil War Pension.pdf",7779,--,,,,,,20,--
"usct_pension_files\E_F\Fields, Adam Civil War Pension.pdf",7780,--,,,,,,20,--
"usct_pension_files\E_F\Fields, Adam Civil War Pension.pdf",7781,--,,,,,,20,--
"usct_pension_files\E_F\Fields, Adam Civil War Pension.pdf",7782,--,,,,,,20,--
"usct_pension_files\E_F\Fields, Adam Civil War Pension.pdf",7784,--,,,,,,30,date of sworn testimony
"usct_pension_files\E_F\Fields, Adam Civil War Pension.pdf",7799,--,other,,,,,28,deponent's statement about the claimant
"usct_pension_files\E_F\Fields, Adam Civil War Pension.pdf",7800,--,other,,,,,28,deponent's mention of claimant's past injury
"usct_pension_files\E_F\Fields, Adam Civil War Pension.pdf",7801,--,other,,,,,28,deponent's mention about treatment post-injury
"usct_pension_files\E_F\Fields, Adam Civil War Pension.pdf",7802,--,other,,,,,28,deponent's assertion about claimant's health at enlistment
"usct_pension_files\E_F\Fields, Adam Civil War Pension.pdf",7803,--,other,,,,,28,identifying signing date and certifier
"usct_pension_files\E_F\Fields, Adam Civil War Pension.pdf",7819,--,,,,,,42,reference to a claim
"usct_pension_files\E_F\Fields, Adam Civil War Pension.pdf",7825,--,other,,,,,32,testimony location
"usct_pension_files\E_F\Fields, Adam Civil War Pension.pdf",7826,--,other,,,,,32,contract signing
"usct_pension_files\E_F\Fields, Adam Civil War Pension.pdf",7827,--,other,,,,,32,fees paid
"usct_pension_files\E_F\Fields, Adam Civil War Pension.pdf",7828,--,other,,,,,32,witness names
"usct_pension_files\E_F\Fields, Adam Civil War Pension.pdf",7829,--,other,,,,,32,conduct of examination
"usct_pension_files\E_F\Fields, Adam Civil War Pension.pdf",7830,--,other,,,,,32,introduction of testimony
"usct_pension_files\E_F\Fields, Adam Civil War Pension.pdf",7831,--,other,,,,,32,statement reference
"usct_pension_files\E_F\Fields, Adam Civil War Pension.pdf",7865,--,other,,,,,51,--
"usct_pension_files\E_F\Fields, Adam Civil War Pension.pdf",7866,--,state,,,,,49,--
"usct_pension_files\E_F\Fields, Adam Civil War Pension.pdf",7867,--,county,,,,,49,--
"usct_pension_files\E_F\Fields, Adam Civil War Pension.pdf",7868,--,city,,,,,49,--
"usct_pension_files\E_F\Fields, Adam Civil War Pension.pdf",7870,--,state,,,,,49,--
"usct_pension_files\E_F\Fields, Adam Civil War Pension.pdf",7871,--,country,,,,United States,49,Refers to the United States military or naval service
"usct_pension_files\E_F\Fields, Adam Civil War Pension.pdf",7872,--,other,,,,,49,--
"usct_pension_files\E_F\Fields, Adam Civil War Pension.pdf",8040,--,county,,,,,112,--
"usct_pension_files\E_F\Fields, Adam Civil War Pension.pdf",8041,--,state,,,,,112,--
"usct_pension_files\E_F\Fields, Adam Civil War Pension.pdf",8104,--,,,,,,133,statement about health issues
"usct_pension_files\E_F\Fields, Adam Civil War Pension.pdf",8105,--,,,,,,133,statement about health issues
"usct_pension_files\E_F\Fields, Adam Civil War Pension.pdf",8204,County,county,,County,State,,155,mentioned in legal certification
"usct_pension_files\E_F\Fields, Adam Civil War Pension.pdf",8311,--,,,,,,192,reference to the claimant's marriage
"usct_pension_files\E_F\Fields, Adam Civil War Pension.pdf",8312,--,,,,,,192,claimant alleges marriage to soldier
"usct_pension_files\E_F\Fields, Adam Civil War Pension.pdf",8313,--,,,,,,192,witnesses testify to the marriage date
"usct_pension_files\E_F\Fields, Adam Civil War Pension.pdf",8314,--,,,,,,192,agreement on the existence of only one marriage
"usct_pension_files\E_F\Fields, Adam Civil War Pension.pdf",8315,--,,,,,,192,soldier's reference to Louisa as his first wife after emancipation
"usct_pension_files\E_F\Fields, Adam Civil War Pension.pdf",8341,--,,,,,,216,document header
"usct_pension_files\E_F\Fields, Adam Civil War Pension.pdf",8358,--,,,,,,203,--
"usct_pension_files\E_F\Fields, Adam Civil War Pension.pdf",8359,--,,,,,,203,--
"usct_pension_files\E_F\Fields, Adam Civil War Pension.pdf",8360,--,,,,,,203,--
"usct_pension_files\E_F\Fields, Adam Civil War Pension.pdf",8361,--,,,,,,203,--
"usct_pension_files\E_F\Fields, Adam Civil War Pension.pdf",8362,--,,,,,,203,--
"usct_pension_files\E_F\Fields, Adam Civil War Pension.pdf",8363,--,,,,,,203,--
"usct_pension_files\E_F\Fields, Adam Civil War Pension.pdf",8364,--,,,,,,203,--
"usct_pension_files\E_F\Fields, Adam Civil War Pension.pdf",8365,--,,,,,,203,--
"usct_pension_files\E_F\Fields, Adam Civil War Pension.pdf",8366,--,,,,,,203,--
"usct_pension_files\E_F\Fields, Adam Civil War Pension.pdf",8382,--,,,,,,222,"mentions treatment for injuries, not a specific location"
"usct_pension_files\E_F\Fields, Adam Civil War Pension.pdf",8383,--,,,,,,222,"discusses symptoms of pain, not a specific location"
"usct_pension_files\E_F\Fields, Adam Civil War Pension.pdf",8384,--,,,,,,222,reference to medical certificate without a specific location
"usct_pension_files\E_F\Fields, Adam Civil War Pension.pdf",8385,--,,,,,,229,--
"usct_pension_files\E_F\Fields, Adam Civil War Pension.pdf",8456,--,,,,,,231,--
"usct_pension_files\E_F\Fields, Adam Civil War Pension.pdf",8457,--,,,,,,231,--
"usct_pension_files\E_F\Fields, Adam Civil War Pension.pdf",8458,--,,,,,,231,--
"usct_pension_files\E_F\Fields, Adam Civil War Pension.pdf",8459,--,,,,,,231,--
usct_pension_files\E_F\Ford Wally Civil War Pension.pdf,9768,Knoxville,city,knoxville,,tennessee,,"110, 113, 114, 2, 26, 3, 31, 32, 60, 72, 85",location of the agency for pension matters ... Agency location for pension application ... Original roll reference for pension application ... location of U.S. Bureau of Pensions ... location of pension agency ... location of U.S. Pension Agent ... City where the U.S. Pension Agent last paid the pension ... location of agency ... location of the pension agency ... location of pension payment ... Location of the Pension Agency
usct_pension_files\E_F\Ford Wally Civil War Pension.pdf,9783,"Beaufort | BEAUFORT | Beaufort County | Beaufort Co. | Beaufort Co | Beaufort C. H. | Beaufort Co S.C. | Beaufort P. O. | Beaufort S | Beaufort S.C. | Beaufort, S.C. | Beaufort S C | Beaufort SC",city,beaufort,beaufort,south carolina,united states,"10, 100, 103, 104, 105, 106, 107, 108, 109, 110, 111, 112, 116, 117, 12, 122, 124, 126, 127, 128, 129, 133, 134, 135, 137, 139, 14, 140, 141, 142, 144, 145, 16, 18, 20, 21, 23, 26, 30, 4, 41, 43, 45, 47, 49, 5, 50, 54, 57, 58, 6, 60, 62, 65, 67, 69, 7, 70, 71, 72, 77, 8, 81, 82, 83, 86, 88, 90, 93, 94, 95, 96, 98, 99",the widow's location ... Post office address for the claimant ... location of widow ... location of deposition ... county where the document was certified ... location of Wally Ford's post office ... site of examination for a pension application ... Claimant's address ... location of P.O. and correspondence ... part of geographical location for deposition ... Post office address of claimant ... address of pensioner Wally B. Ford ... current residence of deponent ... location of marriage by county magistrate ... location of business transaction ... County where the application was made and where the claimant resides ... City of residence of the claimant and the post-office address ... location of the writer ... location of transaction for groceries related to pensioner ... near Ladies Island ... address of Mr. James Albert Kinghorn ... post office location referenced for examination ... location of special examination ... P.O. address of claimant ... location of physician's practice ... mention of county for the claimant's address ... location of pension document ... location of the Notary Public ... Claimant's post office address ... post office location of claimant ... P.O. address of witnesses ... location of marriage to Wally Ford ... address of the pensioner ... residence of widow Laura B. Ford ... location of testimony for Wally Ford ... location of affidavit testimony for Wally Ford ... actual residence of the claimant ... county of residence of the claimant ... county where the notarization occurs ... residence of affiant ... claimant's post office address ... claimant's county of residence ... location of Board of Surgeons ... resident and pensioner ... Mentioned as part of pension details ... residence of witnesses ... address of soldier's application ... Claimant's post office and county of residence ... County of residence for the claimant ... county where the pension claim was filed ... location where the declaration was executed ... location of the attorney appointed by the claimant ... post-office address of the claimant ... county where the claim was filed ... residence of M. E. Lawton ... county of affidavit ... location of signer ... location of examination for pension claim ... pension recipient resides ... location where notary services were performed ... Claimant's postal address ... P.O. address of guardian ... residing at the address of the claimant ... county where declaration was made ... claimant's residence ... county mentioned in the affidavit ... post-office address of the witness ... county where the marriage occurred ... city of residence ... guardian's address for claim ... marriage and death information for soldier ... cohabitation details regarding soldier ... location of event that resulted in document destruction ... Birthplace of the claimant ... Claimant's address for pension claims ... residence of affiant March Washington ... addresses of witnesses ... postmark location ... Claimant's post-office address and statement of examination date ... Post-office address ... residence of affiant A. B. Colonel
usct_pension_files\E_F\Ford Wally Civil War Pension.pdf,9786,THE NATIONAL ARCHIVES,other,,,,,1,location of the pension document
usct_pension_files\E_F\Ford Wally Civil War Pension.pdf,9787,Wally Ford,other,,,,,1,the name of the veteran for whom the pension is filed
usct_pension_files\E_F\Ford Wally Civil War Pension.pdf,9799,Talbird,other,,,,,11,Squire Talbird married Ford and his partner
usct_pension_files\E_F\Ford Wally Civil War Pension.pdf,9802,South Carolina | S. C. | SOUTH CAROLINA | S C,state,,,south carolina,united states,"104, 105, 111, 112, 117, 12, 120, 122, 123, 124, 125, 126, 131, 134, 135, 137, 139, 141, 142, 144, 16, 18, 20, 23, 30, 5, 6, 60, 8, 81, 83, 90",state of service ... state where the document was certified ... location of deposition ... state where Beaufort is located ... state of residence ... State of residence of the claimant and deceased pensioner ... location of special examination ... location of application ... State of residence of witnesses ... state of the claimant ... discussion of legal validity of marriage ... location of witnesses' residence ... State of residence for the claimant ... state of notarization ... jurisdiction of the notary public ... state where the pension claim was filed ... referred to in deposition instructions ... location mentioned in the declaration ... state where the claim was made ... state mentioned for Beaufort ... official character of notary public ... State of veteran ... state mentioned in pension declaration ... state where the affidavit was sworn ... --
usct_pension_files\E_F\Ford Wally Civil War Pension.pdf,9803,Ladies Island | Ladies' Is'd | Ladies Is'd,other,ladies,beaufort,south carolina,united states,"103, 104, 112, 122, 124, 127, 135, 137, 139, 141, 61, 69, 7, 70, 71, 8, 82, 83","location of burial for Laura B. Ford ... residence of daughter Alice Ford ... Location where the pensioner lived during last sickness ... Location where the pensioner was buried ... location where the pensioner died ... location of pensioner's death ... pensioner lived, died, and was buried here ... residence of Alice Ford ... location where mother died ... specific area of residence for the claimant ... residence of the affiant Lewis Chapman ... residence of Wally Ford ... residence of Rev M. E. Lawton ... site of Flora Ford's death ... location where marriage occurred ... residence after marriage ... location where they lived after marriage ... death details of prior wife and cohabitation ... cohabitation details regarding soldier ... location of soldier's death ... birthplace of the soldier's children"
usct_pension_files\E_F\Ford Wally Civil War Pension.pdf,9812,OK,state,,,oklahoma,,25,state of residence
usct_pension_files\E_F\Ford Wally Civil War Pension.pdf,9816,"Washington | Washington, D C. | Washington, D. C. | Washington, D C | Washington D. C.",city,washington,,district of columbia,united states,"101, 109, 111, 121, 123, 125, 127, 134, 135, 138, 27, 28, 29, 32, 51, 57, 70, 71, 74, 77, 79, 80, 83, 86",location of the Bureau of Pensions ... address of the Commissioner of Pensions ... where application should be forwarded ... location of Bureau of Pensions ... location of filing for the affidavit ... location of pension bureau ... location of appointed attorney ... location of Bureau of Pensions ... location of the Bureau of Pensions ... location of pension bureau ... addressed letter to Commissioner of Pensions ... location of document printing ... published location of printed materials ... location of pension certificate printer ... place of filing for pension
usct_pension_files\E_F\Ford Wally Civil War Pension.pdf,9832,Lady's Island,island,,beaufort,south carolina,,"12, 128, 132, 43, 47, 88","claimant's residence, lived there for 46 years ... residence of witness ... location where the deponent taught school ... residence of Laura B. Ford ... Wally Ford's residence ... home of Simon Grant and Wm Johnson"
usct_pension_files\E_F\Ford Wally Civil War Pension.pdf,9834,South Division,other,,,,,33,date of receipt
usct_pension_files\E_F\Ford Wally Civil War Pension.pdf,9835,NAT. MILITARY HOME,military_post,,,virginia,,35,location of the claimant's attorney
usct_pension_files\E_F\Ford Wally Civil War Pension.pdf,9838,Oct.,other,,,,,42,date of deposition
usct_pension_files\E_F\Ford Wally Civil War Pension.pdf,9842,U. S. PENSION OFFICE | U. S. Pension Office | U.S. Pension Office,other,,,,,"38, 64, 70, 76",location of pension document processing ... location of pension office ... site of pension processing ... return address
usct_pension_files\E_F\Ford Wally Civil War Pension.pdf,9845,U. S. C. Inf.,other,,,,,36,soldier's regiment
usct_pension_files\E_F\Ford Wally Civil War Pension.pdf,9846,S. C. Inf,other,,,,,36,additional service regiment
usct_pension_files\E_F\Ford Wally Civil War Pension.pdf,9850,Va. | Virginia,state,,,virginia,,"105, 107, 30",state mentioned for attorney's address ... location of the National Military Home mentioned ... location of pension agent's home
usct_pension_files\E_F\Ford Wally Civil War Pension.pdf,9858,STAMPS | Stamps,town,stamps,,,,"119, 136, 53, 64, 66, 68",document header ... location of U. S. Pension Office ... likely related to pension claims or context of document ... location of the U.S. Pension Office ... name mentioned in association with widow Laura B Ford ... location related to the subject's pension
usct_pension_files\E_F\Ford Wally Civil War Pension.pdf,9864,United States,country,,,,united states,"55, 63, 84",officer's military service ... location of the provisions concerning pensions ... location of the Bureau of Pensions ... country of the pension application
usct_pension_files\E_F\Ford Wally Civil War Pension.pdf,9866,"SUMMERVILLE | Summerville, S.C.",town,summerville,,south carolina,united states,"56, 57",location mentioned in correspondence ... postmark location
usct_pension_files\E_F\Ford Wally Civil War Pension.pdf,9867,Charleston,city,charleston,charleston,south carolina,united states,"112, 129, 132, 45, 86","location of deposition ... location of communication ... near Mt Pleasant, where soldier was discharged ... location where soldier was stationed ... location of battles fought"
usct_pension_files\E_F\Ford Wally Civil War Pension.pdf,9869,Roper Hospital,other,,,south carolina,,45,current location of deponent
usct_pension_files\E_F\Ford Wally Civil War Pension.pdf,9888,United States of America,country,,,,united states of america,"115, 63",jurisdiction of the Commissioner of Pensions ... location of pension certification
usct_pension_files\E_F\Ford Wally Civil War Pension.pdf,9892,Fairfield,other,,,south carolina,,61,Location where the pensioner died
usct_pension_files\E_F\Ford Wally Civil War Pension.pdf,9936,"May 2, 1919",other,,,,,81,Date of pensioner's death
usct_pension_files\E_F\Ford Wally Civil War Pension.pdf,9944,Jacksonville,city,jacksonville,duval,florida,united states,"102, 129",location of military records ... location where soldier was stationed
usct_pension_files\E_F\Ford Wally Civil War Pension.pdf,9945,Jacksonboro,town,jacksonboro,,south carolina,united states,102,soldier's birthplace
usct_pension_files\E_F\Ford Wally Civil War Pension.pdf,9947,Mt. Pleasant | Mt Pleasant,town,mount pleasant,charleston,south carolina,united states,"101, 112, 129, 144",location of discharge from military service ... location where soldier was mustered out and discharged
usct_pension_files\E_F\Ford Wally Civil War Pension.pdf,9957,So Ca | So. Ca.,state,,,south carolina,,"107, 108",part of the state where the document is notarized ... state of the affiliated county
usct_pension_files\E_F\Ford Wally Civil War Pension.pdf,9975,Department of the Interior,other,,,,,115,issuing entity of the pension certification
usct_pension_files\E_F\Ford Wally Civil War Pension.pdf,9984,"NATL SOLDIERSHOME, VA",military_post,,,virginia,,109,location where pension attorney filed the application
usct_pension_files\E_F\Ford Wally Civil War Pension.pdf,10014,Woodlawn,other,,,south carolina,united states,127,place of marriage
usct_pension_files\E_F\Ford Wally Civil War Pension.pdf,10019,Oak Lawn,other,,,south carolina,,128,Wally Ford's birthplace
usct_pension_files\E_F\Ford Wally Civil War Pension.pdf,10020,Hilton Head,town,,,south carolina,,128,location where Wally Ford enlisted
usct_pension_files\E_F\Ford Wally Civil War Pension.pdf,10039,N J V Inf,regiment,,,,,146,designation of the regiment for soldier
usct_pension_files\E_F\Ford Wally Civil War Pension.pdf,10041,Honey Hill,battlefield,,,south carolina,,"129, 132",location of battle involving soldier ... location of battles fought
usct_pension_files\E_F\Ford Wally Civil War Pension.pdf,10085,St. Helena,town,,,,,132,location where Green lives
usct_pension_files\E_F\Ford Wally Civil War Pension.pdf,10087,James Island,battlefield,,,south carolina,,132,location of battles fought
usct_pension_files\E_F\Ford Wally Civil War Pension.pdf,10090,Olustee,battlefield,,,florida,,132,location of battles fought
usct_pension_files\E_F\Ford Wally Civil War Pension.pdf,10091,John's Island,other,,,south carolina,,132,location of battles fought
usct_pension_files\E_F\Ford Wally Civil War Pension.pdf,10092,Ahapoo river,river,,,south carolina,,132,location where corporal drowned
usct_pension_files\E_F\Ford Wally Civil War Pension.pdf,10035,--,,,,,,143,--
usct_pension_files\E_F\Ford Wally Civil War Pension.pdf,9800,--,,,,,,17,--
usct_pension_files\E_F\Ford Wally Civil War Pension.pdf,9806,--,,,,,,19,--
usct_pension_files\E_F\Ford Wally Civil War Pension.pdf,9811,---,other,---,---,---,---,24,no locations mentioned in this section
usct_pension_files\E_F\Ford Wally Civil War Pension.pdf,9844,--,,,,,,44,--
usct_pension_files\E_F\Ford Wally Civil War Pension.pdf,9851,--,,,,,,48,--
usct_pension_files\E_F\Ford Wally Civil War Pension.pdf,9852,........................................................,county,,,,,40,location of deposition
usct_pension_files\E_F\Ford Wally Civil War Pension.pdf,9853,.........................................................,state,,,,,40,location of deposition
usct_pension_files\E_F\Ford Wally Civil War Pension.pdf,9865,--,,,,,,55,--
usct_pension_files\E_F\Ford Wally Civil War Pension.pdf,9871,--,,,,,,59,report related to pensioner
usct_pension_files\E_F\Ford Wally Civil War Pension.pdf,9894,--,,,,,,78,--
usct_pension_files\E_F\Ford Wally Civil War Pension.pdf,9896,--,,,,,,73,--
usct_pension_files\E_F\Ford Wally Civil War Pension.pdf,9913,--,,,,,,89,deponent location
usct_pension_files\E_F\Ford Wally Civil War Pension.pdf,9914,--,,,,,,92,--
usct_pension_files\E_F\Ford Wally Civil War Pension.pdf,9932,--,,,,,,97,document does not mention any specific locations
usct_pension_files\E_F\Fripp Alfred Civil War Pension.pdf,3252,Knoxville,city,knoxville,,tennessee,united states,"102, 11, 146, 2",location of pension agency ... Original roll location for soldier ... location of the Pension Agency ... location of U.S. Pension Agent
usct_pension_files\E_F\Fripp Alfred Civil War Pension.pdf,3253,Savannah,city,savannah,chatham,georgia,united states,"12, 13, 141, 142, 16, 17, 18, 20, 3",location of pensioner ... location of residence ... address of the widow ... location of pension correspondence ... location of widow's death ... P.O. address of claimant ... location of the American Red Cross chapter ... address of witnesses and claimant ... physician's address ... pensioner's last residence ... claimant's address
usct_pension_files\E_F\Fripp Alfred Civil War Pension.pdf,3254,National Archives,other,,,,,1,institution related to pension
usct_pension_files\E_F\Fripp Alfred Civil War Pension.pdf,3269,So. C. | So. Ca. | So-Ca | South Carolina | S. C.,state,,,south carolina,united states,"10, 100, 102, 103, 109, 110, 111, 113, 115, 117, 119, 120, 121, 126, 127, 129, 131, 135, 138, 14, 145, 15, 150, 152, 159, 161, 171, 173, 174, 176, 177, 178, 21, 25, 26, 28, 30, 34, 36, 40, 42, 46, 51, 52, 56, 57, 58, 59, 6, 60, 61, 62, 63, 64, 65, 66, 67, 68, 69, 71, 72, 73, 74, 75, 76, 77, 78, 80, 81, 82, 83, 84, 85, 87, 88, 89, 9, 90, 91, 92, 93, 96",another reference to the state ... state of declaration ... location of the document ... location of affidavit ... jurisdiction of the affidavit ... referred to as state of residence ... part of jurisdiction showing where the affidavit is sworn ... State mentioned in relation to Beaufort County ... state where special examination is taking place ... state where the claimant resides ... state where Seabrook and Beaufort county are located ... location of deposition ... state where the deposition took place ... state of deposition ... state of the claimant ... state where Seabrook is located ... abbreviated mention as part of states listed ... Location mentioned in relation to claimant's address ... state of residence of claimant ... the state in which the events take place ... state of the affiants ... location of affidavit ... location mentioned in legal certification ... state of residence mentioned ... state of affidavit ... location of oath administration ... state of the document ... mentioned as the state in which the affidavit was sworn ... state mentioned as the jurisdiction of the affidavit ... state under which affidavit was sworn ... the state where the affidavit was made ... state where the affidavit is made ... state of residence in pension claim ... state mentioned in official document ... jurisdiction of the claim ... state of residence in affidavit ... state mentioned in the context of residence ... state mentioned in the affidavit ... state where the affidavit is sworn ... official capacity of the Notary Public ... State of residence in the affidavit ... state of residence for the claimant ... state where the deposition is taking place ... state of residence for notary ... location of the affidavit certification ... part of the official document ... state where the widow resides ... state where affidavit was made ... state where marriage took place ... state where deposition takes place ... state mentioned in association with the county of Beaufort ... relative to South Carolina cases ... state of enlistment for soldier ... state of reference in legal document ... state of the declaration ... State of the claimant ... state where the events are taking place ... state of residence for the pension application ... jurisdiction of the pension declaration
usct_pension_files\E_F\Fripp Alfred Civil War Pension.pdf,3270,Beaufort | Beaufort Co. | Beaufort County | Beaufort Island | Beaufort Co | Beaufort Seabrooks | Beaufort S.C. | Beaufort SC | Beaufort S. C. | Beaufort S C | Seabrook | Seabrook S.C. | Seabrooks,county,beaufort,beaufort,south carolina,,"10, 100, 102, 103, 105, 107, 108, 109, 110, 111, 112, 113, 114, 115, 116, 117, 118, 119, 120, 121, 122, 123, 125, 126, 127, 129, 131, 135, 137, 138, 14, 141, 144, 148, 149, 15, 150, 158, 159, 160, 161, 163, 170, 171, 172, 173, 174, 175, 176, 177, 178, 179, 180, 181, 182, 21, 23, 25, 26, 27, 28, 30, 32, 34, 36, 38, 40, 42, 44, 46, 5, 50, 51, 52, 55, 56, 57, 58, 59, 6, 60, 61, 62, 63, 64, 65, 66, 67, 68, 69, 7, 70, 71, 72, 73, 74, 75, 76, 77, 78, 79, 80, 81, 82, 83, 84, 85, 86, 87, 88, 89, 9, 90, 91, 92, 93, 95, 96","part of jurisdiction in which the affidavit is sworn ... location of widow's residence ... location related to Alfred Fripp's pension claim ... county where the deposition took place ... Location of P.O. for attorney E. A. Crofut ... county where special examination is taking place ... county where the town of Seabrook is located ... county where Seabrook is located ... location of deposition ... residence address of William Simpkins ... county mentioned during the deposition ... part of location details for deposition ... county of deposition ... county of the claimant ... county where deposition was taken ... location of examination by surgeon ... location of claimant's residence ... residence of affiants ... location of notary and marriage ... location of marriage ceremony ... location of attorney's address and claim ... the county where the claimant resides ... county of the affiants ... location of notary and filing ... location of the attorney's office ... location of affidavit ... location of pension attorney ... location where affidavit was sworn ... address of pension attorney ... address of attorney & surveyor ... mentioned as the county of the affidavit ... Post Office address provided ... address of widow ... county mentioned in affidavit ... location of attorney and surveyor ... location of affiants' residence ... affidavit jurisdiction ... affiant's post office address and location of notary ... county mentioned in legal context ... post office address and legal proceedings ... Post Office address of the affiant ... county of affidavit ... notary's location ... county where the affidavit was sworn ... location of the notary's office ... county where the affidavit was made ... post-office address of Rosa Fripp ... county where the affidavit is executed ... county mentioned with claimant's land location ... county mentioned in relation to pension claim ... location of the claimant's post office address ... city referenced in notary's seal ... location of notary public ... county where the affidavit is sworn ... location where the notary public is authorized ... residence of Rosa Fripp Wid ... Post-Office Address of Rosa Fripp Wid ... Post Office address of affiants ... city mentioned in official signature ... location of the court and notarization ... affiant's Post-Office address ... county in which affidavit is made ... Post-Office address of witness ... location of the affidavit signing ... County mentioned in the affidavit ... residential address of witnesses ... location of Frank Geddes' death ... location of the claimant's residence ... county of residence for the claimant ... location mentioned as a reference point for marriage location ... location where Alfred Fripp went before the war ... location of the affidavit certification ... part of the official document ... county where the widow resides ... county listed for Post Office address ... location of residence ... death location of claimant's first husband ... death location of soldier's first wife ... location of the Notary Public and context of the affidavit ... county mentioned in the affidavit concerning tax records ... county where affidavit was made ... county where affidavit was filed ... location of the pension attorney ... location of the attorney and surveyor ... where Alfred Fripp has lived ever since returning from service ... location referenced for death ... address of Wm. Simpkins ... affiliation of H. C. Pollitzer ... county where affiants are located ... state where Rose Hill Grave yard is located ... mentioned in the marriage certificate ... Alfred Fripp's residence ... county where deposition takes place ... county mentioned in relation to a notary public's signature ... citizen of the town ... post-office address of witness ... County mentioned in the post office address ... P.O. address for several individuals ... P.O. address for an individual ... physician's address ... place of residence after leaving the army ... attended by Dr. Gibbs ... location of the statement's dictation ... address of Coroner Blake ... address of W.H. Ellis, M.D. ... location of Medical Board certificate ... county mentioned in legal document ... affiant's post-office address ... Location of Notary Public and physician attending the soldier ... post-office address of the affiant ... county where the claim is filed ... Claimant's place of residence ... Place where attorney is recognized ... Claimant's post-office address ... Applicant's post office address ... county mentioned in the declaration ... County of the claimant ... mentioned as part of the court's certification ... residence of William Drayton and Robert C Wright ... county of the notary public ... location of claimant's post-office address ... location of the Clerk Circuit Court ... post office address ... location of notary public ... notary public office address ... Location of the notary public ... residence of S. A. Washington ... notary public's address ... Post Office address of the physician ... residence of witnesses John Richardson and J. W. Sayon ... testimony regarding Alfred Fripp's pension claim ... location of deposition ... P.O. address of Alfred Fripp ... location of special examination for pension claim ... claimant's address ... claimant's post office address ... Claimant's address for correspondence ... location where soldier died ... residence of the claimant ... post office address of claimant ... location of the claimant ... citizenship and residence ... location of affiants ... location of marriage certificate return ... Post office address of the widow ... P.O. address for several individuals ... P.O. address for an individual ... location of the letter writing ... address of Walley Hamilton ... post-office address of the affiant ... pensioner's residence ... resident location of Alfred Fripp ... Claimant's post office address ... location of witnesses ... residence of claimant ... applicant's residence and post office address ... address of claimant Alfred Fripp ... Claimant's post-office address ... Post Office address of Rosa Fripp ... widow's residence ... witness's address and location of marriage ... location of the church marriage ... location of death of Alfred Fripp's first wife ... affiant's post-office address ... birthplace of John Wesley Fripp ... location where affiant has known claimant ... birthplace of claimant's son ... post-office address of the witness ... location of the marriage by Rev Charles Pringle ... claimant's residence ... death location of the soldier ... claimant's post-office address ... post office address of the claimant"
usct_pension_files\E_F\Fripp Alfred Civil War Pension.pdf,3271,Bickford,town,bickford,,,,8,name mentioned regarding a claim
usct_pension_files\E_F\Fripp Alfred Civil War Pension.pdf,3274,"Washington | Washington D.C. | Washington, D. C. | Washington, D.C. | WASHINGTON, D. C.",city,washington,,district of columbia,united states,"100, 102, 103, 111, 113, 115, 12, 137, 138, 146, 151, 154, 155, 157, 159, 162, 164, 170, 174, 176, 177, 18, 27, 4, 47, 50, 52, 66, 68, 7, 70, 72, 74, 76, 77, 78, 80, 84, 90, 92, 93","location of deposition ... address of Mr. Nathan Bickford ... location of the Director of Pensions ... location of the Bureau of Pensions ... location of the Commissioner of Pensions ... location of recognized attorney's address ... location of attorneys and solicitors ... location of the attorneys and solicitors of claims for the affidavit ... address of claimant's solicitor ... location of claimant's solicitor ... address of the claimant's solicitor ... location of pension and claim attorneys ... Residence of the claimant's solicitor ... location of the attorney's office ... address of recognized attorney ... location of the claimant's solicitor ... location of pension attorney ... location of attorneys appointed ... Location of the Bureau of Pensions ... Addressee of the communication ... location of Bureau of Pensions ... location of the Record and Pension Office ... location of the pension claim attorney ... location of the claimant's attorney ... location of the attorney for the pension claim ... location of Pension Bureau ... location of the sale of the document ... location of the appointed attorneys ... location of the law offices of Lyon & Lyon ... location of Wm. Fletcher & Co, Pension and Claim Attorneys ... location of the pension attorney's office ... location of the Bureau of Pensions ... location of correspondence regarding pension claim ... location of the Record and Pension Office, War Department ... location of the auditor's office ... location of the printer W. H. Moore & Co."
usct_pension_files\E_F\Fripp Alfred Civil War Pension.pdf,3277,Florida | Fla.,state,,,florida,,"10, 15, 150, 28, 30, 32, 5, 9",location where witness served in the army with Alfred Fripp ... location mentioned in relation to Alfred Fripp's wife Susan ... reference to location where Alfred Fripp's first wife was from ... place of origin of Alfred Fripp's first wife ... abbreviated mention as part of states listed ... Mentioned in legal notes regarding claimant's application ... state mentioned in passing ... state where the injury incident occurred
usct_pension_files\E_F\Fripp Alfred Civil War Pension.pdf,3278,Jacksonville | Jacksonville Fla,city,jacksonville,duval,florida,united states,"107, 123, 144, 149, 150, 153, 158, 160, 170, 173, 32, 5",place of discharge for the soldiers ... place of origin of Alfred Fripp's first wife ... places where Alfred Fripp stayed after different locations ... post-office address of witness ... location where soldier was discharged ... place where claimant's disability first appeared ... location where doctors first treated him ... location where injury occurred ... location where the soldier was injured moving tents ... location of soldier's injury ... location of discharge from military service ... location where the soldier contracted lumbago ... location of duty and disability
usct_pension_files\E_F\Fripp Alfred Civil War Pension.pdf,3282,District of Columbia,state,,,district of columbia,united states,"10, 15, 164, 4, 9",jurisdiction of the pension bureau ... abbreviated mention as part of states listed ... Location of the claimant's attorney ... district mentioned in passing ... location of the pension claim office
usct_pension_files\E_F\Fripp Alfred Civil War Pension.pdf,3295,Chatham,county,,chatham,georgia,united states,18,County of Savannah
usct_pension_files\E_F\Fripp Alfred Civil War Pension.pdf,3296,Fripp,other,,fripp,,,"133, 29",mentioned in a statement ... county mentioned in deposition
usct_pension_files\E_F\Fripp Alfred Civil War Pension.pdf,3303,Easton,city,easton,,,,31,signature of deponent
usct_pension_files\E_F\Fripp Alfred Civil War Pension.pdf,3309,Charleston,city,charleston,,south carolina,,"106, 107, 123, 137, 27","location where correspondence was sent ... residence of soldier's comrades, Jacob Campbell and Friday Barrington ... where Alfred Fripp tented with Harvey Wright and Jacob Campbell ... post-office address of witness ... Location of the communication"
usct_pension_files\E_F\Fripp Alfred Civil War Pension.pdf,3329,Salrook,town,salrook,beaufort,south carolina,,44,location of deposition
usct_pension_files\E_F\Fripp Alfred Civil War Pension.pdf,3338,Rosa Fripp,other,,,,,48,claimant's name
usct_pension_files\E_F\Fripp Alfred Civil War Pension.pdf,3345,U.S. PENSION OFFICE,other,,,,,49,location of claim submission
usct_pension_files\E_F\Fripp Alfred Civil War Pension.pdf,3347,North Carolina,state,,,north carolina,,"10, 15, 9",abbreviated mention as part of states listed ... Mentioned in legal notes regarding claimant's application ... state mentioned in passing
usct_pension_files\E_F\Fripp Alfred Civil War Pension.pdf,3350,Georgia,state,,,georgia,united states,"10, 140, 142, 15",abbreviated mention as part of states listed ... Mentioned in legal notes regarding claimant's application ... state where the document is filed ... the state where Savannah is located
usct_pension_files\E_F\Fripp Alfred Civil War Pension.pdf,3351,Alabama,state,,,alabama,,"10, 15, 9",abbreviated mention as part of states listed ... Mentioned in legal notes regarding claimant's application ... state mentioned in passing
usct_pension_files\E_F\Fripp Alfred Civil War Pension.pdf,3352,Mississippi,state,,,mississippi,,"10, 15, 9",abbreviated mention as part of states listed ... Mentioned in legal notes regarding claimant's application ... state mentioned in passing
usct_pension_files\E_F\Fripp Alfred Civil War Pension.pdf,3353,Louisiana,state,,,louisiana,,"10, 15, 9",abbreviated mention as part of states listed ... Mentioned in legal notes regarding claimant's application ... state mentioned in passing
usct_pension_files\E_F\Fripp Alfred Civil War Pension.pdf,3354,Texas,state,,,texas,,"10, 15, 9",abbreviated mention as part of states listed ... Mentioned in legal notes regarding claimant's application ... state mentioned in passing
usct_pension_files\E_F\Fripp Alfred Civil War Pension.pdf,3355,Kentucky,state,,,kentucky,,"10, 15",abbreviated mention as part of states listed ... Mentioned in legal notes regarding claimant's application
usct_pension_files\E_F\Fripp Alfred Civil War Pension.pdf,3356,Tennessee,state,,,tennessee,,"10, 15, 176, 9",abbreviated mention as part of states listed ... Mentioned in legal notes regarding claimant's application ... state mentioned in passing ... location of the pension agency where the claimant is enrolled
usct_pension_files\E_F\Fripp Alfred Civil War Pension.pdf,3357,Missouri,state,,,missouri,,"10, 15, 9",abbreviated mention as part of states listed ... Mentioned in legal notes regarding claimant's application ... state mentioned in passing
usct_pension_files\E_F\Fripp Alfred Civil War Pension.pdf,3358,Arkansas,state,,,arkansas,,"10, 15, 9",abbreviated mention as part of states listed ... Mentioned in legal notes regarding claimant's application ... state mentioned in passing
usct_pension_files\E_F\Fripp Alfred Civil War Pension.pdf,3360,United States Colored Troops,military_post,,,,,15,denotes the military unit designation
usct_pension_files\E_F\Fripp Alfred Civil War Pension.pdf,3365,Virginia,state,,,virginia,,"10, 9",Location mentioned in relation to claimant's address ... state mentioned in passing
usct_pension_files\E_F\Fripp Alfred Civil War Pension.pdf,3379,Frank Salters,other,,,,,53,reference to the widow's current husband
usct_pension_files\E_F\Fripp Alfred Civil War Pension.pdf,3380,John,other,,,,,53,youngest child of the referenced family
usct_pension_files\E_F\Fripp Alfred Civil War Pension.pdf,3381,Ann,other,,,,,53,daughter of the referenced family
usct_pension_files\E_F\Fripp Alfred Civil War Pension.pdf,3382,Ella,other,,,,,53,daughter of the referenced family
usct_pension_files\E_F\Fripp Alfred Civil War Pension.pdf,3388,Rose Hill Baptist Church | Rose Hill Church | Rose Hill Church Cemetery | Rose Hill Grave yard,church,beaufort,beaufort,south carolina,,"110, 112, 120, 126, 144, 55, 61, 95","venue of wedding ... location of marriage ceremony ... marriage location of the soldier and claimant ... location where Susan, Alfred Fripp's first wife, was buried ... location of Alfred Fripp's burial"
usct_pension_files\E_F\Fripp Alfred Civil War Pension.pdf,3397,Hilton Head,military_post,hilton head,beaufort,south carolina,,"105, 57",location of government horse stables where Frank Geddes worked ... location where Alfred Fripp enlisted
usct_pension_files\E_F\Fripp Alfred Civil War Pension.pdf,3399,Greyshill,town,greyshill,beaufort,south carolina,,59,post-office address of affiants
usct_pension_files\E_F\Fripp Alfred Civil War Pension.pdf,3402,Rose Hill Bapto Church,church,,,,,59,location of marriage ceremony
usct_pension_files\E_F\Fripp Alfred Civil War Pension.pdf,3420,West Virginia,state,,,west virginia,,9,state mentioned in passing
usct_pension_files\E_F\Fripp Alfred Civil War Pension.pdf,3421,IND. TER.,territory,,,,,9,territory mentioned in passing
usct_pension_files\E_F\Fripp Alfred Civil War Pension.pdf,3422,Kansas,state,,,kansas,,9,state mentioned in passing
usct_pension_files\E_F\Fripp Alfred Civil War Pension.pdf,3423,Colorado,state,,,colorado,,9,state mentioned in passing
usct_pension_files\E_F\Fripp Alfred Civil War Pension.pdf,3424,New Mexico,state,,,new mexico,,9,state mentioned in passing
usct_pension_files\E_F\Fripp Alfred Civil War Pension.pdf,3425,Arizona,state,,,arizona,,9,state mentioned in passing
usct_pension_files\E_F\Fripp Alfred Civil War Pension.pdf,3426,Utah,state,,,utah,,9,state mentioned in passing
usct_pension_files\E_F\Fripp Alfred Civil War Pension.pdf,3437,Nevada,state,,,nevada,,9,state mentioned in passing
usct_pension_files\E_F\Fripp Alfred Civil War Pension.pdf,3438,California,state,,,california,,9,state mentioned in passing
usct_pension_files\E_F\Fripp Alfred Civil War Pension.pdf,3439,U.S. C. T. | U.S.C.T.,military_post,,,,,"167, 169, 9",unit mentioned ... name of military unit ... military unit designation
usct_pension_files\E_F\Fripp Alfred Civil War Pension.pdf,3461,Port Royal | Port Royal Ferry | Port Royal S.C.,town,port royal,beaufort,south carolina,,"144, 154, 63, 65, 79",soldier's birthplace ... location near which the claimant owns land ... nearby location mentioned in relation to Magnolia ... near Magnolia
usct_pension_files\E_F\Fripp Alfred Civil War Pension.pdf,3462,Magnolia | Magnolia Plantation,other,magnolia,beaufort,south carolina,,"116, 118, 120, 63, 65, 79",location where the claimant owns land ... location of claimant's house and land ... resident of Magnolia ... location of witnesses ... location of funeral and marriage ... mentioned in connection with Beaufort
usct_pension_files\E_F\Fripp Alfred Civil War Pension.pdf,3481,Burton,town,burton,beaufort,south carolina,,"122, 63",Post Office address of the affiant ... address of J. A. Brown
usct_pension_files\E_F\Fripp Alfred Civil War Pension.pdf,3547,Southern Division,other,,,,,97,destination for returning papers
usct_pension_files\E_F\Fripp Alfred Civil War Pension.pdf,3549,U. S. C. Inf,military_post,,,,,"124, 99",designating the specific regiment of the soldier ... regiment's designation
usct_pension_files\E_F\Fripp Alfred Civil War Pension.pdf,3567,Mt. Pleasant | Mt Pleasant S. C.,town,mount pleasant,charleston,south carolina,,"106, 107, 153, 170",location of M.O. (Medical Officer) for soldier ... where Alfred Fripp was mustered out (m.o.) ... place of honorable discharge from military service ... location of discharge
usct_pension_files\E_F\Fripp Alfred Civil War Pension.pdf,3568,Ladys Island,other,,,,,106,"residence of soldier's comrade, Nat Alstin"
usct_pension_files\E_F\Fripp Alfred Civil War Pension.pdf,3571,Rose,other,,,,,109,location referenced in relation to marriage
usct_pension_files\E_F\Fripp Alfred Civil War Pension.pdf,3578,Stuart Point S. C.,other,,,south carolina,,103,residence of E Fripp
usct_pension_files\E_F\Fripp Alfred Civil War Pension.pdf,3583,Magnolia place,other,,,,,105,residence of Alfred Fripp
usct_pension_files\E_F\Fripp Alfred Civil War Pension.pdf,3584,Walterboro,town,walterboro,colleton,south carolina,,105,birthplace of Alfred Fripp
usct_pension_files\E_F\Fripp Alfred Civil War Pension.pdf,3596,Sword Point | Sword Points,village,,beaufort,south carolina,,102,residence of Rosa Fripp ... location of soldier's death
usct_pension_files\E_F\Fripp Alfred Civil War Pension.pdf,3598,Rose Hill Bapt Church,church,,,,,102,location of marriage
usct_pension_files\E_F\Fripp Alfred Civil War Pension.pdf,3604,Lands End,other,beaufort,beaufort,south carolina,,95,enrollment location of the soldier
usct_pension_files\E_F\Fripp Alfred Civil War Pension.pdf,3620,Morris Island,military_post,,,south carolina,,107,where Alfred Fripp and others remained for seven months
usct_pension_files\E_F\Fripp Alfred Civil War Pension.pdf,3622,Baldwin,city,baldwin,,florida,,107,location Alfred Fripp traveled to after Jacksonville
usct_pension_files\E_F\Fripp Alfred Civil War Pension.pdf,3623,Olustee,battlefield,,,florida,,107,site of a battle where they did not lose any men
usct_pension_files\E_F\Fripp Alfred Civil War Pension.pdf,3624,Honey Hill,battlefield,,,south carolina,,107,site of a battle where they lost one man from the company
usct_pension_files\E_F\Fripp Alfred Civil War Pension.pdf,3626,Johns Island,battlefield,,,south carolina,,107,site of a battle where they lost James of their company
usct_pension_files\E_F\Fripp Alfred Civil War Pension.pdf,3635,Oak Mulligan,,,,,,118,location of death of previous husband
usct_pension_files\E_F\Fripp Alfred Civil War Pension.pdf,3644,Second Greys Hill Baptist Church,church,,,,,112,church of which Alfred Fripp was a Deacon
usct_pension_files\E_F\Fripp Alfred Civil War Pension.pdf,3659,here,,,,,,132,location of marriage after army service
usct_pension_files\E_F\Fripp Alfred Civil War Pension.pdf,3660,Susan's funeral,,,,,,132,location where the deponent attended funeral
usct_pension_files\E_F\Fripp Alfred Civil War Pension.pdf,3661,same church,church,,,,,132,all belonged to the same church
usct_pension_files\E_F\Fripp Alfred Civil War Pension.pdf,3672,Multnomah County,county,,multnomah,oregon,,143,location of notary public
usct_pension_files\E_F\Fripp Alfred Civil War Pension.pdf,3679,New York | New York City,state,new york,,new york,united states,"135, 149",location of bible publication ... current residence of Dr. Hanson
usct_pension_files\E_F\Fripp Alfred Civil War Pension.pdf,3683,Grays Hill Baptist Church,church,,,,,116,Alfred Fripp was a deacon
usct_pension_files\E_F\Fripp Alfred Civil War Pension.pdf,3686,Fauquier,county,,fauquier,virginia,,123,post-office address of witness
usct_pension_files\E_F\Fripp Alfred Civil War Pension.pdf,3687,Putnam,county,,putnam,florida,,123,post-office address of witness
usct_pension_files\E_F\Fripp Alfred Civil War Pension.pdf,3688,Hamilton,county,,hamilton,florida,,123,post-office address of witness
usct_pension_files\E_F\Fripp Alfred Civil War Pension.pdf,3690,Georgetown,city,georgetown,putnam,florida,,123,post-office address of witness
usct_pension_files\E_F\Fripp Alfred Civil War Pension.pdf,3691,Summerville,town,summerville,,south carolina,,123,post-office address of witness
usct_pension_files\E_F\Fripp Alfred Civil War Pension.pdf,3692,Titusville,city,titusville,brevard,florida,,123,post-office address of witness
usct_pension_files\E_F\Fripp Alfred Civil War Pension.pdf,3693,Edisto Island,island,,charleston,south carolina,,123,post-office address of witness
usct_pension_files\E_F\Fripp Alfred Civil War Pension.pdf,3706,Greys Hill,town,greys hill,,south carolina,,125,P.O. address for an individual
usct_pension_files\E_F\Fripp Alfred Civil War Pension.pdf,3715,STAMPS,town,stamps,,,,147,location of U.S. Pension Office
usct_pension_files\E_F\Fripp Alfred Civil War Pension.pdf,3720,South Division,other,,,,,156,location in the U.S. Pension Office
usct_pension_files\E_F\Fripp Alfred Civil War Pension.pdf,3763,N. J.,state,,,new jersey,,166,abbreviation for the state where soldier served
usct_pension_files\E_F\Fripp Alfred Civil War Pension.pdf,3770,U. S. Pension Bureau,other,,,,united states,159,institution where records are filed
usct_pension_files\E_F\Fripp Alfred Civil War Pension.pdf,3810,Old Fort,other,,,south carolina,,170,place of enrollment in military service
usct_pension_files\E_F\Fripp Alfred Civil War Pension.pdf,3255,--,,,,,,1,pensioner's name
usct_pension_files\E_F\Fripp Alfred Civil War Pension.pdf,3256,--,,,,,,1,veteran's name
usct_pension_files\E_F\Fripp Alfred Civil War Pension.pdf,3378,--,other,,,,,54,reference to children under 16
usct_pension_files\E_F\Fripp Alfred Civil War Pension.pdf,3548,--,,,,,,101,--
usct_pension_files\E_F\Fripp Alfred Civil War Pension.pdf,3557,--,,,,,,104,--
usct_pension_files\E_F\Fripp Alfred Civil War Pension.pdf,3777,--,,,,,,168,prisoner or soldier's family
usct_pension_files\E_F\Fripp Alfred Civil War Pension.pdf,3778,--,,,,,,168,prisoner or soldier's family
usct_pension_files\E_F\Fripp Alfred Civil War Pension.pdf,3779,--,,,,,,168,prisoner or soldier's family
usct_pension_files\E_F\Fripp Alfred Civil War Pension.pdf,3780,--,,,,,,168,military service
usct_pension_files\E_F\Fripp Alfred Civil War Pension.pdf,3781,--,,,,,,168,military service
usct_pension_files\E_F\Fripp Alfred Civil War Pension.pdf,3782,--,,,,,,168,military service
usct_pension_files\G_H\Goodwin Robert CIvil War Pension.pdf,3804,Illinois,state,,,illinois,,1,state of service for the soldier
usct_pension_files\G_H\Goodwin Robert CIvil War Pension.pdf,3805,"Beafart S. C. | Beaufort | Beaufort County | Beaufort Co | Beaufort Island | Beaufort, Co | Beaufort Co. | Beaufort Co S C | Beaufort Rank | Beaufort So. Ca. | Beaufort So Ca | Beaufort S C | Beaufort S.C. | Beaufort S. C. | Beaufort S. C | Beaufort, S. C. | Beaufort S. S. | Charleston | Charleston S. C. | Charleston S.C.",town,beafart,beaufort,south carolina,united states,"10, 100, 101, 103, 105, 107, 11, 111, 112, 113, 114, 115, 116, 117, 118, 120, 122, 125, 127, 129, 13, 131, 132, 133, 134, 135, 136, 137, 138, 139, 14, 140, 141, 143, 144, 145, 146, 147, 148, 149, 150, 151, 152, 153, 154, 156, 157, 158, 159, 16, 161, 163, 165, 17, 171, 172, 175, 176, 178, 18, 180, 181, 182, 186, 188, 19, 190, 196, 2, 201, 21, 22, 220, 23, 232, 233, 243, 251, 252, 254, 256, 257, 26, 260, 261, 263, 264, 267, 268, 27, 272, 273, 276, 278, 28, 282, 283, 287, 289, 29, 294, 296, 298, 3, 30, 303, 304, 308, 309, 31, 310, 312, 313, 314, 316, 32, 322, 323, 33, 330, 331, 332, 333, 334, 335, 336, 338, 339, 34, 340, 342, 343, 345, 347, 348, 349, 35, 350, 351, 352, 36, 38, 4, 41, 42, 44, 45, 46, 47, 48, 49, 5, 50, 51, 52, 53, 54, 55, 56, 57, 58, 59, 6, 60, 61, 62, 63, 64, 65, 66, 67, 68, 69, 7, 70, 72, 74, 75, 76, 77, 79, 8, 80, 82, 83, 84, 85, 86, 87, 89, 91, 92, 93, 94, 95, 96, 97, 98, 99","claimant's post-office address ... post office location for examination ... Claimant's post-office address and location of examination ... Claimant's post-office address, location mentioned for service ... post office address of the applicant ... Location of post office for the claimant ... location of examination for pension ... Post office location for examination ... Claimant's post office address ... Claimant's military post address ... location of post office ... applicant's post office address ... Claimant's address and location of pension application ... claimant's birthplace ... county where the claim is filed ... Post Office address of affiants ... county mentioned in Post Office addresses of affiants ... county where the affidavit was sworn ... location where affidavit was sworn ... location of notary public and affidavit signing ... Post-office address of the physician ... physician's office location ... county where the affidavit is taken ... Post-office address of N J Kennedy M. D. ... Claimant's residence ... county where the affidavit was made and where the claimant resides ... Post-Office address of both affiants ... county where the affidavit was signed ... county mentioned in affidavit ... Post-office address of the doctor ... Post-Office address of J. P. Deveaux and W. H. Greaves ... County where the affidavit was sworn ... Post-Office address of witnesses ... County of the sworn statement ... location of the legal attestation ... location of the declaration appearance ... Location of the county court for the affidavit ... Location of the pension notary ... Part of the notary seal details ... county where pension declaration is made ... claimant's P.O. address ... County of residence ... Post office address and place of service ... Place of honorable discharge ... residing witness ... filed by ... county where the declaration was made ... location of attorney and post office address ... post office address of the claimant ... county of the claimant's residence ... Claimant's location ... Claimant's post office and county of residence ... county where the claimant resides ... county of residence of the claimant ... city of residence of the claimant ... claimant's location ... resident of Beaufort Isld. ... County of the claimant's residence ... Claimant's county ... Claimant's post office location ... County mentioned in the claimant's address ... Claimant's postal address ... location of transaction for body conveyance ... location of the notary public and signature ... location of the Pension document ... location of the post associated with Robert Goodwin ... place of former wife's death ... location where witness signed ... County mentioned in the affidavit ... Post-office address of the claimant ... Post-office address of the affiant ... claimant's Post-Office address ... presented as a location where witnesses appeared ... county mentioned in context of legal documents ... P.O. Address of the notary public ... county of residence of the affiant ... post-office address of the affiant ... county where the declaration is made ... the residence of Robert Goodwin ... post office address of Robert Goodwin ... claimant's post office address and location of deposition ... location of enlistment ... location of affidavit signing ... County where claimant resides ... county mentioned in the affidavit ... location of the notary's jurisdiction ... location of claim filing ... County mentioned in the document as part of the location of the affidavit ... City where the notary public is located ... county where the claim was made ... location of testimony ... location where soldier contracted rheumatism ... location where the affidavit was written ... Post-office address of affiants ... another Post-office address mention ... claimant's county of residence ... claimant's city of residence ... location where statement was written ... Post Office address for witnesses ... location where the claimant contracted rheumatism ... location of notarization ... claimant's residence and location of deposition ... location mentioned for disability verification ... residence of witnesses Richard Washington and R. F. Greaves ... location mentioned in the state declaration ... affiant's post office address and location of deposition ... location of the deposition dated October 2nd, 1893 ... location of pension agent and where discharge cert was burned ... county mentioned in relation to the deposition ... location of certification ... county of the pension case ... post office address of the witness ... location mentioned in relation to the Camp Shaw incident ... Post office address of the notary public ... county of declaration ... Location of the claimant's residence ... P.O. address for the soldier ... location of soldier's claim ... post office location for soldiers ... location of correspondence ... soldier's residence ... County of declaration ... location of a doctor associated with the claimant ... doctor's address ... address of the pensioner ... location of the medical examiner ... location of pension claim ... location of the applicant's post office and residence ... referring to the county in which Beaufort is located ... location of Robert Goodwin's P.O. ... location of Mr. Robert Goodwin's P.O. ... location where claimant is to report for examination ... location for medical examination ... location of pension examination ... last paid address of soldier ... location of estate and burial ... location of the estate of Robert Goodwin ... location of G.A.R. Post involved in burial expenses ... county where the deed is registered ... county of burial ... city where undertaker business is located ... claimant's postal address on St Helena Island ... location of G.A. Post that supported undertaker's bill ... location of Grand Army Post that paid expenses ... location of G.A.R. Post for burial expense reimbursement ... location of G.A.R. Post that paid burial expenses ... address for reissue certificate ... Location of examination ... address of claimant's attorney ... soldier's P.O. address ... location of application filing ... location where payment was made for grave digging ... county mentioned in address ... claimant's Post Office ... soldier's post office location ... county where the soldier resides ... post office location for claim ... post office location for recipient ... location of medical examination board ... Part of the soldier's address ... County listed in the applicant's P.O. address ... location mentioned in relation to Robert Goodwin ... county of claimant's residence ... location of medical examination and claim processing ... location of Robert Goodwin's pension application ... post office at enlistment ... address on application ... county where the declaration was executed ... post-office address of the claimant ... Mr. Robert Goodwin's location ... location of marriage ... County where affidavit is executed ... Residence of affiants ... P.O. Address of witness A. B. Colonel ... address of the physician who attended the pensioner ... county of residence and also where application was filed ... city mentioned for attorney appointment and post-office address ... mentioned as a place of residence ... location of soldier's post office ... location where the affidavit was filed ... location of sworn affidavit ... Post Office address of the claimant ... resident of Beaufort Island in the County of Beaufort ... County mentioned in state declaration ... county where the affidavit was executed ... county mentioned in post office address ... county mentioned in the document ... location of affidavit execution ... location of soldier's service ... Attorney's address ... location of pension claim ... Claimant's post-office address and location of examination ... post-office address of the physician ... post-office address of affiant ... claimant's post office address ... residence of witnesses M. B. Rivers and E. H. Polite ... soldier's birthplace ... location of notary public ... soldier's place of residence ... location of Dr. E. M. Pinckney ... claimant's post-office address ... address of Dr. N. J. Kennedy ... Claimant's address ... P.O. address of the soldier ... P.O. address of the applicant ... location where the affidavit was written ... place of discharge ... location where Robert Goodwin was honorably discharged ... location where the claimant was discharged from military service ... discharge location ... location of hospital stay ... location of discharge from military service ... location where the soldier was honorably discharged ... place of soldier's discharge"
usct_pension_files\G_H\Goodwin Robert CIvil War Pension.pdf,3824,"Washington | WASHINGTON | Washington, D. C. | Washington D. C. | Washington D C | Washington, D.C.",city,washington,washington,district of columbia,united states,"100, 102, 104, 106, 108, 110, 113, 117, 12, 121, 124, 126, 130, 133, 134, 135, 139, 143, 144, 146, 148, 149, 15, 150, 159, 161, 163, 165, 167, 170, 172, 173, 174, 176, 178, 182, 184, 186, 188, 190, 196, 20, 201, 207, 208, 209, 220, 223, 225, 234, 235, 236, 238, 243, 248, 249, 258, 259, 263, 268, 272, 273, 275, 276, 280, 281, 294, 296, 30, 300, 301, 312, 32, 330, 332, 34, 341, 344, 345, 346, 348, 350, 352, 353, 37, 39, 43, 46, 48, 50, 52, 54, 57, 58, 60, 61, 62, 63, 65, 66, 67, 72, 74, 78, 79, 83, 84, 9, 94, 95, 98",location of medical division ... location of the Bureau of Pensions ... location of claimant's solicitor ... location of printers ... location of claimant's attorney ... claimant's attorney's location ... city of the solicitor handling the claim ... Attorney for claimant ... location of the attorney who will prosecute the claim ... location of the claimant's attorney ... Location of attorney ... for sale by ... address of filing office ... location of appointed attorney ... Location of the attorney for the claim ... residence of attorney ... where the pension claim was filed by the claimant's solicitor ... location of the claimant's solicitor ... location of the appointed attorney ... address of printing company ... location of claimants solicitor ... address of the Record and Pension Office ... location of claimant's representative ... location of claimant's appointed attorney ... Address of the law firm representing the claimant ... location of attorney's appointment ... Attorney's location ... location of pension filing ... Agent's location ... location of the attorney filing the claim ... location of the Commissioner ... location of Bureau of Pensions ... location of pension attorney ... location of pension bureau ... location of the pension bureau ... location of attorney's office ... address of the Commissioner of Pensions ... location of the printing office for the act ... location of legal filing ... location of printing and sales ... location of the printing company for the document ... location of the solicitor ... location of the Bureau of Pensions ... the location of the claimant's attorney ... Location of recognized attorney ... Attorney's post office ... address of solicitor of claims and patents ... location of claimant's attorney ... location of pension file ... location of pension agency enrollment ... location from where claim was filed ... location of claimant's solicitor ... location of printed materials related to the pension ... location of pension office ... location of Bureau of Pensions ... location of legal representation ... location of BUREAU OF PENSIONS ... address of attorneys for claimant ... address for the Chief of the Record and Pension Office ... location of attorney handling claim
usct_pension_files\G_H\Goodwin Robert CIvil War Pension.pdf,3834,South Carolina | So Carolina | S C | S. C.,state,,,south carolina,united states,"100, 103, 105, 106, 107, 111, 112, 113, 114, 115, 116, 117, 118, 119, 121, 122, 125, 126, 127, 128, 13, 133, 135, 141, 143, 145, 147, 148, 149, 154, 16, 172, 176, 178, 193, 21, 220, 23, 243, 251, 252, 263, 264, 27, 29, 298, 30, 31, 312, 32, 322, 33, 330, 334, 338, 34, 340, 345, 346, 347, 348, 349, 35, 352, 36, 39, 42, 45, 47, 50, 52, 53, 54, 56, 58, 62, 63, 65, 66, 67, 69, 72, 79, 80, 83, 85, 86, 87, 95, 96, 97, 98, 99",State of claimant's pension claim ... Location of claim ... State of claimant's address ... state of the Board address ... Birthplace of the soldier ... state where pension claim is made ... state mentioned in the affidavit ... jurisdiction of the affidavit ... state where the affidavit was sworn ... mentioned in heading ... -- ... state where the affidavit is taken ... state of residence for both affiants and the claimant ... the state of the affidavit's jurisdiction ... location of affidavit ... State where the declaration is sworn ... state where the affidavit is executed ... state of application ... Location mentioned in the document for jurisdiction ... jurisdiction of the declaration ... state where the declaration was made ... state of the claimant's residency ... State of residence for the claimant ... location of claimant's residence ... state of residence of the claimant ... state of residency mentioned ... Claimant's state ... Claimant's home state ... state of declaration ... jurisdiction of the notary public ... country of the notary public Geo. W. Beckett ... State mentioned in the affidavit ... state where the deposition took place ... state mentioned in context of legal documents ... the state of residence of the affiant ... state where the declaration is made ... notary public's location ... State of the claimant's residence ... location of notary certification ... state where claim was filed ... State mentioned in the document as part of the location of the affidavit ... notary public's title ... state where the claim was made ... official title of notary public ... jurisdiction of the pension claim ... jurisdiction for notary public ... location of the state where the claimant resides ... state of the claimant and witnesses ... state where application and declaration were made ... state of origin for the pension ... jurisdiction mentioned ... location related to pension case ... state in which the pension case is filed ... mentioned as part of the address in the content ... State of residence of the claimant ... state where the affidavit was made ... state associated with the patient ... state of the soldier's regiment ... State of declaration ... indicating the applicant's state of residence ... indicating the regiment's state ... mentioned as part of the header for the applicant ... state where the pension applicant resides ... last paid address of soldier ... state mentioned in document ... state reference for claimant's postal address ... the state where the claim is filed ... state of the mentioned locations ... state of residence for the soldier ... state of claimant's residence ... state where the declaration was executed ... state where Beaufort and the marriage occurred ... State where the witnesses reside ... state where the pension application is filed ... notary public's designation ... location of sworn affidavit ... State mentioned in declaration ... state of the document ... state mentioned in affidavit
usct_pension_files\G_H\Goodwin Robert CIvil War Pension.pdf,3843,Savannah,city,savannah,chatham,georgia,united states,"122, 137, 190, 23, 24, 25, 323",post office location for the claimant ... Address of claimant ... starting point of the regiment's march ... military movement location ... location where the Secretary is addressed ... location mentioned in relation to attorney advice
usct_pension_files\G_H\Goodwin Robert CIvil War Pension.pdf,3844,Chatham,county,,chatham,georgia,,"24, 25",county where post office is located ... county where the post office is located
usct_pension_files\G_H\Goodwin Robert CIvil War Pension.pdf,3845,Georgia,state,,,georgia,united states,"122, 24, 25, 322",state of the post office ... state where Savannah and Chatham County are located ... state where Savannah and Augusta are located ... mentioned in relation to pension acts
usct_pension_files\G_H\Goodwin Robert CIvil War Pension.pdf,3847,Wilmington,city,wilmington,new hanover,north carolina,united states,"136, 18, 21, 310, 331, 332",Claimant's birthplace ... place of birth ... location mentioned in the document ... soldier's birthplace
usct_pension_files\G_H\Goodwin Robert CIvil War Pension.pdf,3855,North Carolina,state,,,north carolina,,21,State of claimant's birthplace
usct_pension_files\G_H\Goodwin Robert CIvil War Pension.pdf,3856,Burton,town,burton,beaufort,south carolina,,"142, 143, 145, 193, 194, 257, 258, 259, 26, 260, 261, 262, 263, 264, 266, 267, 27, 312, 315, 326, 327, 339, 340, 80",address of applicant ... claimant's post-office address ... residence of witness ... Claimant's post office address ... location of the physician and patient ... location of the claimant ... location of pension applicant ... address of claimant ... address of the claimant ... address of Mr. John Brown ... location of claim submission ... mailing address for claimant ... address of the individual involved in the pension case ... soldier's residence ... claimant's residence ... location of pensioner ... place of residence of the pensioner ... P.O. Address of witness Sam Simmons ... claimant's residential address
usct_pension_files\G_H\Goodwin Robert CIvil War Pension.pdf,3883,Port Royal Island | Port Royal Isld | Port Royal,other,port royal,beaufort,south carolina,,"251, 31, 33, 338, 339, 349, 52, 56, 94",citizen of Port Royal Island ... the location where the affiants and the claimant reside ... resident statement ... specific location of residence of Robert Goodwin ... residence after service ... location of the land under mortgage ... specific island of residence ... where the pensioner lived during last sickness and died ... where the pensioner died ... resident of Port Royal Island
usct_pension_files\G_H\Goodwin Robert CIvil War Pension.pdf,3898,Orangeburg,county,,orangeburg,south carolina,,39,the county where the affidavit was sworn
usct_pension_files\G_H\Goodwin Robert CIvil War Pension.pdf,3921,So. Ca. | So. Ca | So Ca,state,,,south carolina,,"342, 351, 46, 48",jurisdiction mentioned in pension declaration ... State of residence ... State where affidavit is executed ... State mentioned in the affidavit
usct_pension_files\G_H\Goodwin Robert CIvil War Pension.pdf,3936,Morris Island,military_post,,,south carolina,,"136, 137, 336, 50, 54, 60, 62, 63, 78, 94",location where the soldier was honorably discharged ... location of honorable discharge ... location where soldier was discharged ... location of discharge of the claimant ... Location of the soldier's discharge ... place of discharge ... military post location ... site of honorable discharge
usct_pension_files\G_H\Goodwin Robert CIvil War Pension.pdf,3953,Seabrook,city,seabrook,beaufort,south carolina,,"148, 149, 302, 64, 78",residence of witness ... Post-Office address of the pensioner ... resident of Seabrook ... Resident of the town ... soldier's present address
usct_pension_files\G_H\Goodwin Robert CIvil War Pension.pdf,3959,U. S. Pension Office | U. S. PENSION OFFICE,other,,,,,"197, 204, 214, 250, 277, 288, 54",location where the claim was filed ... location of pension office ... location of pension claim submission ... location of pension processing ... location of pension examination process
usct_pension_files\G_H\Goodwin Robert CIvil War Pension.pdf,4013,New Jersey,state,,,new jersey,united states of america,"173, 88",state of soldier's service ... state of the regiment mentioned
usct_pension_files\G_H\Goodwin Robert CIvil War Pension.pdf,4016,Knoxville,city,knoxville,,tennessee,united states,"134, 148, 149, 220, 268, 308, 309, 324, 325, 336, 78, 83",Location of the pension agency ... location of pension agency where the claimant is enrolled ... Pension agency location ... address of U.S. Pension Agent ... location of United States Pension Agency ... Location mentioned in relation to the U.S. Bureau of Pensions ... Location of the U.S. Bureau of Pensions ... Original roll location for the soldier ... Original Roll location for pension application ... mentioned during enrollment
usct_pension_files\G_H\Goodwin Robert CIvil War Pension.pdf,4021,Edgely | Edgely Plantation | Edgerly,town,edgely,beaufort,south carolina,,"116, 333, 334, 336, 86",resident of Edgely ... place of residence ... residence of affiants ... residence of Robert Goodwin ... Robert Goodwin's residence
usct_pension_files\G_H\Goodwin Robert CIvil War Pension.pdf,4027,Gray Hill | Grays Hill,town,gray hill,beaufort,south carolina,united states,"109, 111, 147, 192, 331, 332, 90",location where first wife lived ... near place of death of first wife ... Claimant's place of residence ... location of the writer's residence ... Claimant's post office location ... Claimant's post office address ... recipient's address
usct_pension_files\G_H\Goodwin Robert CIvil War Pension.pdf,4064,Yemassee,town,yemassee,,south carolina,,99,location where the affiant stayed and spoke with former master
usct_pension_files\G_H\Goodwin Robert CIvil War Pension.pdf,4082,Jacksonville,city,jacksonville,,florida,,"137, 138, 154, 94",location of injury ... location where soldier first experienced rheumatism ... location of battle ... location where the declaration was filed
usct_pension_files\G_H\Goodwin Robert CIvil War Pension.pdf,4083,Augusta | AUGUSTA,city,augusta,richmond,georgia,,"122, 137, 138, 208, 310, 94",location of hospital treatment ... destination of the regiment's march ... location of hospital stay ... military movement location ... date of document filing ... location mentioned alongside Beaufort
usct_pension_files\G_H\Goodwin Robert CIvil War Pension.pdf,4123,Capt William James Post Office,post_office,,,,,107,"location of an officer's post office, unknown to the claimant"
usct_pension_files\G_H\Goodwin Robert CIvil War Pension.pdf,4124,Lieutnants Parker and Salvage Post office,post_office,,,,,107,"location of officers' post offices, unknown to the claimant"
usct_pension_files\G_H\Goodwin Robert CIvil War Pension.pdf,4125,Dr Hawk,military_post,,,,,107,"the Regt Surgeon who treated the claimant during service, location unknown"
usct_pension_files\G_H\Goodwin Robert CIvil War Pension.pdf,4128,Mouth of St Johns River,other,,,florida,united states,124,location of the company's station during the Civil War
usct_pension_files\G_H\Goodwin Robert CIvil War Pension.pdf,4129,Florida,state,,,florida,united states,"124, 322",state where the Mouth of St Johns River is located ... mentioned in relation to pension acts
usct_pension_files\G_H\Goodwin Robert CIvil War Pension.pdf,4136,Camps Shaw,military_post,,beaufort,south carolina,,125,location where disability was contracted
usct_pension_files\G_H\Goodwin Robert CIvil War Pension.pdf,4140,Camp Shaw,military_post,,,south carolina,,"118, 127",hospital where claimant was confined ... location where Goodwin contracted Rheumatism
usct_pension_files\G_H\Goodwin Robert CIvil War Pension.pdf,4144,Kentucky,state,,,kentucky,united states,"132, 322",location in claims ... mentioned in relation to pension acts
usct_pension_files\G_H\Goodwin Robert CIvil War Pension.pdf,4147,Honey Hill,battlefield,,beaufort,south carolina,,"129, 137, 310",site where claimant was engaged in duty when he contracted rheumatism ... battle participation location ... location of a battle
usct_pension_files\G_H\Goodwin Robert CIvil War Pension.pdf,4159,D.C. | District of Columbia | D. C.,other,,,district of columbia,united states,"133, 172, 220, 322, 348",location as district for claimant's solicitor ... Agent's district ... location of attorney's office ... mentioned in relation to pension acts ... territory mentioned as part of the solicitor's address
usct_pension_files\G_H\Goodwin Robert CIvil War Pension.pdf,4180,Pocataligo,battlefield,,,south carolina,,138,location of a skirmish
usct_pension_files\G_H\Goodwin Robert CIvil War Pension.pdf,4181,Darry Run,battlefield,,,,,138,location of a fight
usct_pension_files\G_H\Goodwin Robert CIvil War Pension.pdf,4222,Frogmore,town,frogmore,,south carolina,,137,post office location for soldiers
usct_pension_files\G_H\Goodwin Robert CIvil War Pension.pdf,4224,Dairy Ann,town,dairy ann,,georgia,,137,temporary location during service
usct_pension_files\G_H\Goodwin Robert CIvil War Pension.pdf,4227,Anderson C.H.,town,anderson,anderson,south carolina,,137,military movement location
usct_pension_files\G_H\Goodwin Robert CIvil War Pension.pdf,4228,Columbia,city,columbia,richland,south carolina,,137,military movement location
usct_pension_files\G_H\Goodwin Robert CIvil War Pension.pdf,4242,Tennessee | Tenn,state,,,tennessee,united states,"149, 220, 322",State of the pension agency ... state mentioned in address ... mentioned in relation to pension acts
usct_pension_files\G_H\Goodwin Robert CIvil War Pension.pdf,4248,U S C T Inf,military_post,,,,,168,Pensioner's regiment
usct_pension_files\G_H\Goodwin Robert CIvil War Pension.pdf,4271,United States of America,country,,,,united states of america,"173, 329",jurisdiction mentioned in context of legal statutes ... country of the pension document
usct_pension_files\G_H\Goodwin Robert CIvil War Pension.pdf,4299,U. S. C. Inf | U S C Inf | U. S. C Inf | U.S. C. Inf,military_post,,,,,"195, 199, 212, 286, 311",part of soldier's service ... Company designation in the regiment ... Military regiment the soldier served in ... indicates military unit ... regiment's designation
usct_pension_files\G_H\Goodwin Robert CIvil War Pension.pdf,4300,S. C. Cold. Inf,military_post,,,,,195,additional service of soldier
usct_pension_files\G_H\Goodwin Robert CIvil War Pension.pdf,4305,U. S. C. T. | U.S.C.T. | U S C T,military_post,,,,,"200, 203, 205, 218, 221, 227",designation of Robert Goodwin's military unit ... regiment designation ... unit designation for Robert Goodwin's regiment ... designation of military unit ... designation of regiment
usct_pension_files\G_H\Goodwin Robert CIvil War Pension.pdf,4306,STAMPS | Stamps,town,stamps,,,,"202, 206, 213, 219, 222, 228, 231, 247, 255, 269, 279, 299, 305, 328, 354",location of pension office ... location mentioned on pension document ... location of Chief's Desk correspondence ... location mentioned in the heading ... location mentioned in the header of the claim ... mentioned as part of the pension document title ... location of U.S. Pension Office ... mentioned in correspondence ... -- ... location mentioned in a heading ... location mentioned in heading ... location mentioned in a date stamp ... location of pension claim ... Name mentioned at the start ... location of the pension office
usct_pension_files\G_H\Goodwin Robert CIvil War Pension.pdf,4307,So.,other,,,,,199,--
usct_pension_files\G_H\Goodwin Robert CIvil War Pension.pdf,4317,PENSION OFFICE,other,,,,,203,location of pension claim
usct_pension_files\G_H\Goodwin Robert CIvil War Pension.pdf,4328,Sayre,city,sayre,,,,215,location of submission
usct_pension_files\G_H\Goodwin Robert CIvil War Pension.pdf,4333,Addl,other,,,,,216,"unclear context, appears in document title"
usct_pension_files\G_H\Goodwin Robert CIvil War Pension.pdf,4334,U.S.C.,other,,,,,216,part of unit designation
usct_pension_files\G_H\Goodwin Robert CIvil War Pension.pdf,4335,U.S.,country,,,,united states,216,part of unit designation
usct_pension_files\G_H\Goodwin Robert CIvil War Pension.pdf,4353,United States Colored Troops,military_post,,,,,"240, 322",regiment affiliation of the soldier ... mentioned as part of soldier's service
usct_pension_files\G_H\Goodwin Robert CIvil War Pension.pdf,4354,US C Inf,other,,,,,246,Soldier's military regiment
usct_pension_files\G_H\Goodwin Robert CIvil War Pension.pdf,4356,U. S. C. V.,military_post,,,,,245,Designation of the regiment to which soldier belonged
usct_pension_files\G_H\Goodwin Robert CIvil War Pension.pdf,4358,U. S. C. V. I.,military_post,,,,,242,regiment designation for Robert Goodwin
usct_pension_files\G_H\Goodwin Robert CIvil War Pension.pdf,4386,Saint Helena Island,island,,beaufort,south carolina,united states,243,claimant's postal address on St Helena Island
usct_pension_files\G_H\Goodwin Robert CIvil War Pension.pdf,4390,Robert Goodwin Cemetery,cemetery,,,,,262,location where pensioner was buried
usct_pension_files\G_H\Goodwin Robert CIvil War Pension.pdf,4400,Massachusetts,state,,,massachusetts,,271,state where soldier served
usct_pension_files\G_H\Goodwin Robert CIvil War Pension.pdf,4413,Goodwin,other,,,,,269,--
usct_pension_files\G_H\Goodwin Robert CIvil War Pension.pdf,4428,Houston,city,houston,,texas,,285,medical referee's location
usct_pension_files\G_H\Goodwin Robert CIvil War Pension.pdf,4465,Bowling Green,city,bowling green,,,,306,location mentioned in a non-specific context
usct_pension_files\G_H\Goodwin Robert CIvil War Pension.pdf,4481,Marion,city,marion,,illinois,,321,location of medical certification in claim
usct_pension_files\G_H\Goodwin Robert CIvil War Pension.pdf,4488,Bay St.,street,beaufort,,south carolina,,313,location of the board meeting
usct_pension_files\G_H\Goodwin Robert CIvil War Pension.pdf,4492,Milw,city,milw,,,,325,Agency handling the pension application
usct_pension_files\G_H\Goodwin Robert CIvil War Pension.pdf,4519,Horsepon Church,church,,,south carolina,,330,location of marriage ceremony
usct_pension_files\G_H\Goodwin Robert CIvil War Pension.pdf,4527,United States,country,,,,united states,"340, 341",Country mentioned in official document context ... jurisdiction regarding pensions and related matters
usct_pension_files\G_H\Goodwin Robert CIvil War Pension.pdf,4532,U. S. Infy,military_post,,,,,341,"regiment associated with Robert Goodwin, deceased pensioner"
usct_pension_files\G_H\Goodwin Robert CIvil War Pension.pdf,4535,Red House Cemetery,cemetery,,beaufort,south carolina,,339,where the pensioner was buried
usct_pension_files\G_H\Goodwin Robert CIvil War Pension.pdf,4555,Alabama,state,,,alabama,united states,322,mentioned in relation to pension acts
usct_pension_files\G_H\Goodwin Robert CIvil War Pension.pdf,4556,Mississippi,state,,,mississippi,united states,322,mentioned in relation to pension acts
usct_pension_files\G_H\Goodwin Robert CIvil War Pension.pdf,4557,Louisiana,state,,,louisiana,united states,322,mentioned in relation to pension acts
usct_pension_files\G_H\Goodwin Robert CIvil War Pension.pdf,4558,Texas,state,,,texas,united states,322,mentioned in relation to pension acts
usct_pension_files\G_H\Goodwin Robert CIvil War Pension.pdf,4561,Missouri,state,,,missouri,united states,322,mentioned in relation to pension acts
usct_pension_files\G_H\Goodwin Robert CIvil War Pension.pdf,4562,Arkansas,state,,,arkansas,united states,322,mentioned in relation to pension acts
usct_pension_files\G_H\Goodwin Robert CIvil War Pension.pdf,3848,--,state,,,South Carolina,,18,Location of post office mentioned in claimant's address
usct_pension_files\G_H\Goodwin Robert CIvil War Pension.pdf,3891,--,other,,,,,40,physician's affidavit statement
usct_pension_files\G_H\Goodwin Robert CIvil War Pension.pdf,4010,--,,,,,,73,no location mentioned in the document
usct_pension_files\G_H\Goodwin Robert CIvil War Pension.pdf,4231,--,,,,,,162,--
usct_pension_files\G_H\Goodwin Robert CIvil War Pension.pdf,4234,--,other,,,,,160,directive for claimant to report for examination
usct_pension_files\G_H\Goodwin Robert CIvil War Pension.pdf,4246,--,,,,,,164,--
usct_pension_files\G_H\Goodwin Robert CIvil War Pension.pdf,4255,--,other,,,,,169,document reference
usct_pension_files\G_H\Goodwin Robert CIvil War Pension.pdf,4259,--,other,,,,,179,context not applicable as no locations were mentioned
usct_pension_files\G_H\Goodwin Robert CIvil War Pension.pdf,4260,--,other,,,,,177,instruction for claimants regarding examination process
usct_pension_files\G_H\Goodwin Robert CIvil War Pension.pdf,4266,--,,,,,,183,--
usct_pension_files\G_H\Goodwin Robert CIvil War Pension.pdf,4278,--,other,,,,,189,subject of examination for pension claim
usct_pension_files\G_H\Goodwin Robert CIvil War Pension.pdf,4301,--,other,,,,,187,directives for examination procedure
usct_pension_files\G_H\Goodwin Robert CIvil War Pension.pdf,4302,--,other,,,,,187,instructions for handling examination orders
usct_pension_files\G_H\Goodwin Robert CIvil War Pension.pdf,4303,--,other,,,,,187,indication of required note for failed appearances
usct_pension_files\G_H\Goodwin Robert CIvil War Pension.pdf,4304,--,other,,,,,187,requirement for full board participation in exams
usct_pension_files\G_H\Goodwin Robert CIvil War Pension.pdf,4320,--,,,,,,211,--
usct_pension_files\G_H\Goodwin Robert CIvil War Pension.pdf,4329,--,other,,,,,217,Claim number and soldier's details
usct_pension_files\G_H\Goodwin Robert CIvil War Pension.pdf,4341,--,,,,,,224,document discusses pension claims
usct_pension_files\G_H\Goodwin Robert CIvil War Pension.pdf,4349,--,,,,,,239,--
usct_pension_files\G_H\Goodwin Robert CIvil War Pension.pdf,4351,--,,,,,,237,documentation regarding a pension claim
usct_pension_files\G_H\Goodwin Robert CIvil War Pension.pdf,4380,--,,,,,,252,--
usct_pension_files\G_H\Goodwin Robert CIvil War Pension.pdf,4388,--,,,,,,265,Receipt for payment
usct_pension_files\G_H\Goodwin Robert CIvil War Pension.pdf,4401,--,county,,,,,270,--
usct_pension_files\G_H\Goodwin Robert CIvil War Pension.pdf,4402,--,state,,,,,270,--
usct_pension_files\G_H\Goodwin Robert CIvil War Pension.pdf,4429,--,,,,,,284,--
usct_pension_files\G_H\Goodwin Robert CIvil War Pension.pdf,4433,--,,,,,,292,--
usct_pension_files\G_H\Goodwin Robert CIvil War Pension.pdf,4439,--,county,,,,,293,location of pension application
usct_pension_files\G_H\Goodwin Robert CIvil War Pension.pdf,4440,--,state,,,,,293,location of pension application
usct_pension_files\G_H\Goodwin Robert CIvil War Pension.pdf,4441,--,city,,,,,293,location of attorney
usct_pension_files\G_H\Goodwin Robert CIvil War Pension.pdf,4442,--,other,,,,,295,reference to an act of Congress
usct_pension_files\G_H\Goodwin Robert CIvil War Pension.pdf,4443,--,military_post,,,,,295,reference to the U. S. Pension Office
usct_pension_files\G_H\Goodwin Robert CIvil War Pension.pdf,4462,--,,,,,,297,--
usct_pension_files\G_H\Goodwin Robert CIvil War Pension.pdf,4476,--,military_post,,,,,317,unit designation
usct_pension_files\G_H\Green Moses Civil War Pension.pdf,4582,Knoxville,city,knoxville,,tennessee,,"17, 2",location of agency for pension ... location of the U.S. Pension Agency
usct_pension_files\G_H\Green Moses Civil War Pension.pdf,4594,"Beaufort | Beaufort County | Beaufort Island | Beaufort Co. | Beaufort S.C. | Beaufort S. C. | Charleston | Charleston, S.C.",city,beaufort,beaufort,south carolina,united states,"10, 100, 103, 104, 106, 109, 11, 12, 13, 15, 19, 20, 23, 24, 25, 28, 29, 3, 30, 33, 34, 35, 37, 39, 4, 41, 42, 43, 44, 45, 46, 47, 48, 49, 5, 50, 51, 52, 53, 54, 56, 57, 58, 6, 60, 61, 62, 64, 66, 68, 7, 73, 75, 77, 78, 8, 80, 82, 84, 86, 88, 89, 9, 90, 92, 94, 96, 97, 98, 99","address of widow, Patsy Green ... received correspondence ... mailing address for claim ... claimant's residence ... recipient's location ... location where mail was received ... location of the affidavit ... location of claimant Mrs. Patsy Haywood ... residence of children ... county mentioned for jurisdiction ... County of residence ... Location of attorney ... location of enlistment and soldier's death ... location of soldier's death ... county of declaration ... location of enrollment ... location of post office address ... place where Moses Green died ... place where a soldier died ... mentioned as location of notary public ... County where the application is filed ... county mentioned in legal document ... location of pension attorney ... county mentioned in official certification ... location of attorney's office for application ... enrollment location of soldier ... location of general hospital where soldier was sick ... location of R. F. Greaves ... location of hospital treatment ... county mentioned in the affidavit ... Post Office address of affiants ... location mentioned as part of the legal affidavit ... location of deposition ... county where affidavit was sworn ... location of the pension filing ... county where the affidavit was sworn ... city where pension attorney is located ... location of affidavit filing ... city where affidavit was filed ... County mentioned in the affidavit ... location of affidavit and pension ... county of the claimant ... the county where the affidavit was made ... location of husband's death ... County where the affidavit was signed and where the witness resides ... Residental location of the witness, Patty Heyward ... Post office address of the witness ... mentioned as the county of the affidavit ... location of W. F. Greaves, U. S. C. Agent ... Part of the reference to where Moses Green died ... county in which the application is made ... location of marriage ... county of residence in legal document ... county mentioned in the document ... location of Notary Public ... residents of Beaufort, providing testimony ... location of testimony and affidavit ... county of residence and jurisdiction ... county where affidavit is executed ... station of the company during the Civil War ... Post Office address of one of the affiants ... county where the affidavit is taken ... location mentioned in proximity to Old Fort ... jurisdiction of the affidavit ... mentioned as the county for the affidavit ... resident of Beaufort ... County where the document was issued ... location of the pension claim ... jurisdiction of the court mentioned ... location of the claim filed ... county of the pension claim ... location of residence ... claimant's post-office address ... location of the County in which the affidavit is made ... residence of Luke Wright ... location of the deposition ... site of the oral statements for affidavit ... residence of Mary A Brown ... residence of Georgian Harrington ... county of jurisdiction for affidavit ... Patsy Green's residence and widow of Moses Green ... Post-office address of claimant ... Location of notarization ... county of the declaration ... address mentioned in the claim ... Location of soldier's death ... Location of marriage of soldier and mother of children ... residence of witnesses ... Post Office address of Luke Wright ... Post Office address of the affiants ... place of discharge ... location where soldier was mustered out ... discharge location ... location of discharge"
usct_pension_files\G_H\Green Moses Civil War Pension.pdf,4600,"Washington | Washington, D.C. | Washington D.C. | Washington, D. C.",city,washington,,district of columbia,united states,"101, 102, 103, 107, 109, 11, 110, 111, 13, 14, 15, 20, 21, 3, 33, 36, 38, 39, 4, 50, 51, 55, 57, 59, 61, 63, 65, 67, 69, 71, 72, 74, 76, 77, 79, 81, 83, 85, 87, 89, 9, 91, 93, 95, 97, 99",location of the Department of the Interior ... location of filing by relative ... location of the attorney's firm filing the claim ... location of Bureau of Pensions ... Location of the attorney for the claim ... location of attorney filing the claim ... location of the U.S. Pension Office ... Attorney at Law for claimant ... location of where the form is printed and sold ... location of appointed attorney ... official correspondence regarding pension ... location of pension attorney's address ... location of attorney's office ... location of attorney for claim ... location of Chief of Office ... address of the Record and Pension Office ... location of deposition ... location of attorney for pension claim ... location of the attorney representing the claim ... location of the attorney filing the pension claim ... location of the attorney's office ... location of publication ... location of the attorney-at-law ... location of the Auditor for the War Department ... filing location for claims ... Atty location ... Attorney's residence ... location of recording correspondence ... address of the attorney ... location of the attorney's firm filing the claim ... filing location by attorney ... location of attorney ... location of Surgeon General's Office ... location of the Bureau of Pensions ... location of affidavit filing ... location of deposition ... location of the attorney who filed the affidavit ... location of legal representation ... where claim was filed
usct_pension_files\G_H\Green Moses Civil War Pension.pdf,4610,Port Royal | Port Royal Town | Port Royal Island | Port Royal District | Port Royal S.C. | Port Royal S. C.,town,port royal,beaufort,south carolina,,"10, 100, 104, 106, 108, 13, 14, 21, 23, 24, 25, 28, 35, 37, 41, 45, 47, 52, 54, 60, 68, 7, 73, 75, 78, 8, 80, 82, 84, 86, 88, 90, 94, 98",Post Office address of affiants ... Residence of guardian ... post office address of the declarant ... residence of claimant ... birthplace of child ... location of application filing ... residence of Richard Haywood ... mentioned in conjunction with Beaufort ... resident's location mentioned in the affidavit ... residence of affiants ... location where affiant stayed ... Residence of affiant ... Post office address of the affiant ... location mentioned in relation to county records ... Location near where Moses Green died ... residence of Patty Haywood ... Post Office address of the affiants ... affiant's residence and post office address ... post office address of affiant ... residence of affidavit signers ... Post Office address of one of the affiants ... nearwhere the soldier died ... post office address and neighborhood of the claimants ... neighborhood where claimants live ... residence and Post-Office address of witness ... location referenced in address ... Post Office address of resident Richard Scott ... district associated with the locality ... residence of Clarasa Teen ... location of soldier's death ... widow's claim filed ... post office address of Richard Scott ... location where children live near their mother ... Location where testimonies regarding Moses Green were given ... Location where testimony by Richard Heyward regarding Moses and Patsy Green was given ... location where Moses Green died ... location where marriage took place ... claimant's post office address ... residence of witnesses ... residing location of witnesses ... residences of witnesses ... address of guardian ... Post Office address of Richard Scott
usct_pension_files\G_H\Green Moses Civil War Pension.pdf,4612,South Carolina | S. C.,state,,,south carolina,united states,"10, 100, 106, 109, 11, 13, 20, 23, 28, 29, 34, 35, 36, 38, 39, 41, 42, 44, 45, 46, 47, 48, 49, 50, 52, 53, 54, 56, 57, 58, 59, 60, 61, 62, 64, 65, 66, 67, 68, 69, 7, 70, 71, 73, 74, 75, 78, 80, 82, 83, 84, 86, 87, 89, 90, 91, 92, 93, 94, 95, 96, 97, 98, 99",jurisdiction of the affidavit ... jurisdiction for the affidavit ... State of residence ... state of declaration ... state mentioned in documents ... State where the application is filed ... state mentioned in legal document ... state where notary public is registered ... state in which the notary public is certified ... part of the address for R. F. Greaves ... location of regiment and service ... state mentioned in the affidavit ... jurisdiction of pension document ... state where the affidavit was sworn ... Jurisdiction of the affidavit ... state of the claimant ... the state where the affidavit was made ... jurisdiction of the document ... notary's location ... State mentioned in the legal affidavit ... mentioned as the state of the affidavit ... Mentioned as the state where the events occurred ... state of application ... state of notary public ... state of residence in legal document ... notary public's state ... state mentioned in the document ... Post Office address of Patty Haywood ... state where the affidavit is made ... location of affidavit execution ... state mentioned in official capacity ... state where the document is being executed ... state where the affidavit is taken ... notarization location ... state mentioned in notarization ... state where the pension claim is filed ... mentioned as the state for the affidavit ... state mentioned as the location for notarization ... location of notary public ... location of the pension claim ... location of the legal documents ... state of the pension claim ... state where events occurred ... state of the notary public ... state of jurisdiction for affidavit ... State mentioned in notarization ... state of the declaration
usct_pension_files\G_H\Green Moses Civil War Pension.pdf,4619,U. S. PENSION OFFICE | U.S. Pension Office,other,,,,,"18, 32, 70",location of pension processing ... location of the pension office ... location where the pension claim is processed
usct_pension_files\G_H\Green Moses Civil War Pension.pdf,4621,Frogmore | Frogmore S.C. | Frogmore S. C.,town,frogmore,beaufort,south carolina,,"100, 19, 20, 25, 41, 43, 49, 50, 54, 58, 6, 62, 64",post-office for the pension application ... location referenced in connection to John Green and family ... Claimant's place of residence ... Post Office address of the affiant ... Post Office address of Jeoffrey Green ... claimant's post office ... residence of Patty Haywood ... Claimant's residence and post-office address ... claimant's residence ... residence of Patty Hayward as mentioned in affidavit ... post office address of Peter Watson ... residence of witness ... Post-office address of the claimant
usct_pension_files\G_H\Green Moses Civil War Pension.pdf,4626,Fort Beaufort,military_post,,beaufort,south carolina,,10,location of marriage ... location of death of Richard Hayward
usct_pension_files\G_H\Green Moses Civil War Pension.pdf,4628,Old Fort Beaufort | old fort grave yard,other,,beaufort,south carolina,,"10, 13",location of marriage ... location of soldier's death ... burial location of Richard Hayward
usct_pension_files\G_H\Green Moses Civil War Pension.pdf,4629,Patsy Green House,other,,,,,10,location of marriage ceremony
usct_pension_files\G_H\Green Moses Civil War Pension.pdf,4639,Georgia,state,,,georgia,,"27, 7, 8",state of the court ... state mentioned in documents ... mentioned alongside other states for claims
usct_pension_files\G_H\Green Moses Civil War Pension.pdf,4654,North Carolina | N. C.,state,,,north carolina,,"7, 76, 8",state mentioned in documents ... mentioned in the context of Richard Hayward's claim ... state where notarization took place
usct_pension_files\G_H\Green Moses Civil War Pension.pdf,4655,Florida,state,,,florida,,"7, 8",state mentioned in documents ... mentioned alongside other states for claims
usct_pension_files\G_H\Green Moses Civil War Pension.pdf,4657,Alabama,state,,,alabama,,"7, 8",state mentioned in documents ... mentioned for the only minor claim
usct_pension_files\G_H\Green Moses Civil War Pension.pdf,4658,Mississippi,state,,,mississippi,,"7, 8",state mentioned in documents ... mentioned alongside other states
usct_pension_files\G_H\Green Moses Civil War Pension.pdf,4659,Louisiana,state,,,louisiana,,"7, 8",state mentioned in documents ... mentioned alongside other states
usct_pension_files\G_H\Green Moses Civil War Pension.pdf,4660,Texas,state,,,texas,,"7, 8",state mentioned in documents ... mentioned alongside other states
usct_pension_files\G_H\Green Moses Civil War Pension.pdf,4661,Kentucky,state,,,kentucky,,"7, 8",state mentioned in documents ... mentioned alongside other states
usct_pension_files\G_H\Green Moses Civil War Pension.pdf,4662,Tennessee,state,,,tennessee,,"7, 8",state mentioned in documents ... mentioned alongside other states
usct_pension_files\G_H\Green Moses Civil War Pension.pdf,4663,Missouri,state,,,missouri,,"7, 8, 81",state mentioned in documents ... mentioned alongside other states ... location of affidavit signing
usct_pension_files\G_H\Green Moses Civil War Pension.pdf,4664,Arkansas,state,,,arkansas,,"7, 8",state mentioned in documents ... mentioned alongside other states
usct_pension_files\G_H\Green Moses Civil War Pension.pdf,4695,Southern Division,region,,,,,32,mentioned in the header
usct_pension_files\G_H\Green Moses Civil War Pension.pdf,4698,Southern Div.,region,,,,,31,a regional designation in military context
usct_pension_files\G_H\Green Moses Civil War Pension.pdf,4699,U.S.C. Inf,military_post,,,,,31,designation for the regiment serving the soldier
usct_pension_files\G_H\Green Moses Civil War Pension.pdf,4719,District of Columbia | D.C. | D. C.,territory,,,district of columbia,united states,"111, 55, 79, 8, 85",mentioned in the context of a claim ... location of deposition ... location of notary public ... Part of the address
usct_pension_files\G_H\Green Moses Civil War Pension.pdf,4727,Savannah,city,savannah,,georgia,,30,birthplace of the soldier
usct_pension_files\G_H\Green Moses Civil War Pension.pdf,4731,Stamps,town,stamps,,,,40,location of U.S. Pension Office
usct_pension_files\G_H\Green Moses Civil War Pension.pdf,4741,Port S.C.,town,port south carolina,,,,37,location of marriage ceremony
usct_pension_files\G_H\Green Moses Civil War Pension.pdf,4744,St Helena | St. Helena | St Helena Island,village,frogmore,beaufort,south carolina,,"100, 41, 43, 52",resident of the affiant ... resident location of Jeoffrey Green ... affiant's post office address ... residence of witness Peter Watson
usct_pension_files\G_H\Green Moses Civil War Pension.pdf,4770,United States,country,,,,united states,"111, 49",country of origin for the state ... Country identification
usct_pension_files\G_H\Green Moses Civil War Pension.pdf,4773,Paris Island,city,paris,beaufort,south carolina,,"100, 45, 88",residence of Richard Scott ... resident of Paris Island ... residence of witness Richard Scott
usct_pension_files\G_H\Green Moses Civil War Pension.pdf,4794,U.S.C.T.,other,,,,,58,"United States Colored Troops, reference to military service"
usct_pension_files\G_H\Green Moses Civil War Pension.pdf,4811,South Dakota,state,,,south dakota,,63,state where notary public is commissioned
usct_pension_files\G_H\Green Moses Civil War Pension.pdf,4849,Hilton Head,town,hilton head,beaufort,south carolina,,"73, 75",location where disability was incurred ... location where Moses Green began to complain of heart trouble
usct_pension_files\G_H\Green Moses Civil War Pension.pdf,4871,Ladies Island,other,ladies,,south carolina,,70,location of Paul Jones' residence
usct_pension_files\G_H\Green Moses Civil War Pension.pdf,4873,U. S. Service,other,,,,,70,reference to military service in the U.S.
usct_pension_files\G_H\Green Moses Civil War Pension.pdf,4874,Moses Green,other,,,,,"70, 96",soldier mentioned in the claim ... soldier mentioned in the affidavit
usct_pension_files\G_H\Green Moses Civil War Pension.pdf,4881,Old Fort,other,port royal,beaufort,south carolina,,"78, 84, 94",location where Moses Green died ... location of the physician's residence and post-office address ... specific location within Port Royal
usct_pension_files\G_H\Green Moses Civil War Pension.pdf,4914,Old Fort Port Royal Dist,other,,,,,92,residence of the witness
usct_pension_files\G_H\Green Moses Civil War Pension.pdf,4925,Molly Green,other,,,,,94,child born to the soldier and his wife
usct_pension_files\G_H\Green Moses Civil War Pension.pdf,4951,Patsy,other,,,,,96,wife of Moses Green mentioned in the affidavit
usct_pension_files\G_H\Green Moses Civil War Pension.pdf,4952,Moley,other,,,,,96,child of Moses Green mentioned in the affidavit
usct_pension_files\G_H\Green Moses Civil War Pension.pdf,4569,--,,,,,,1,--
usct_pension_files\G_H\Green Moses Civil War Pension.pdf,4609,--,,,,,,16,--
usct_pension_files\G_H\Green Moses Civil War Pension.pdf,4622,--,other,,,,,22,administrative note
usct_pension_files\G_H\Green Moses Civil War Pension.pdf,4667,--,,,,North Carolina,,6,mentioned in relation to Paul Jones
usct_pension_files\G_H\Green Moses Civil War Pension.pdf,4668,--,,,,Florida,,6,mentioned in relation to Moses Green
usct_pension_files\G_H\Green Moses Civil War Pension.pdf,4669,--,,,,Georgia,,6,mentioned in relation to D '33' U.S. C. Inf.
usct_pension_files\G_H\Green Moses Civil War Pension.pdf,4670,--,,,,Alabama,,6,mentioned in relation to D. 1 S.C. Inf.
usct_pension_files\G_H\Green Moses Civil War Pension.pdf,4671,--,,,,Mississippi,,6,no specific context provided
usct_pension_files\G_H\Green Moses Civil War Pension.pdf,4672,--,,,,Louisiana,,6,no specific context provided
usct_pension_files\G_H\Green Moses Civil War Pension.pdf,4673,--,,,,Texas,,6,no specific context provided
usct_pension_files\G_H\Green Moses Civil War Pension.pdf,4674,--,,,,Kentucky,,6,no specific context provided
usct_pension_files\G_H\Green Moses Civil War Pension.pdf,4675,--,,,,Tennessee,,6,no specific context provided
usct_pension_files\G_H\Green Moses Civil War Pension.pdf,4676,--,,,,Missouri,,6,no specific context provided
usct_pension_files\G_H\Green Moses Civil War Pension.pdf,4677,--,,,,Arkansas,,6,no specific context provided
usct_pension_files\G_H\Green Moses Civil War Pension.pdf,4678,--,,,,District of Columbia,,6,no specific context provided
usct_pension_files\G_H\Green Moses Civil War Pension.pdf,4679,--,,,,Maryland,,6,mentioned in relation to stamps
usct_pension_files\G_H\Green Moses Civil War Pension.pdf,4697,--,,,,,,32,--
usct_pension_files\G_H\Green Moses Civil War Pension.pdf,4876,--,,,,,,70,--
usct_pension_files\G_H\Green Moses Civil War Pension.pdf,4900,--,,,,,,86,--
usct_pension_files\G_H\Green Moses Civil War Pension.pdf,4943,plantation,plantation,,,,,105,location where marriage took place and where they lived
usct_pension_files\G_H\Green Moses Civil War Pension.pdf,4953,--,,,,,,112,--
usct_pension_files\G_H\Holmes Luke Civil War Pension.pdf,11966,National Archives,other,,,,,1,location of pension record
usct_pension_files\G_H\Holmes Luke Civil War Pension.pdf,11976,"Washington, D. C.",city,washington,,district of columbia,united states,2,location of Bureau of Pensions
usct_pension_files\G_H\Holmes Luke Civil War Pension.pdf,11977,Knoxville,city,knoxville,,tennessee,,"2, 4, 6",U.S. Pension Agent location ... location of U.S. Bureau of Pensions ... pension agency location
usct_pension_files\G_H\Holmes Luke Civil War Pension.pdf,11982,U. S. PENSION OFFICE,other,,,,,3,location of pension office
usct_pension_files\G_H\Holmes Luke Civil War Pension.pdf,11983,FINANCE DIVISION,other,,,,,3,division related to pensions
usct_pension_files\G_H\Holmes Luke Civil War Pension.pdf,11984,Hilton Head | Hiltonhead,town,hilton head,beaufort,south carolina,,"10, 11, 12, 13, 14, 15, 19, 23, 4, 7, 9",post office address ... claimant's post office location ... location of soldier's death and funeral ... residence of Betsy Holmes ... location of enlistment ... location of marriage by Elder Jenkins ... residence of Susan B Gardner and Sarah A Gardner ... residence of claimant Betsey Holmes ... Residence of affiant ... Place of enlistment ... location of soldier's enlistment and marriage ... location of marriage of claimant ... post-office address of claimant ... residences of witnesses ... residence of affiants ... Post Office address of affiants ... location associated with Beaufort County ... location of deposition
usct_pension_files\G_H\Holmes Luke Civil War Pension.pdf,11989,"Beaufort | Beaufort Co | Beaufort County | Beaufort, S. C. | Charleston | Charleston S.C.",county,beaufort,beaufort,south carolina,,"11, 12, 13, 14, 15, 16, 17, 19, 20, 21, 22, 23, 24, 7",county where Hiltonhead is located ... location of pension attorney ... county where Hilton Head is located ... location of the declaration ... county of residence and attorney ... county of residence for Betsey Holmes ... location of U.S. Claim Agent R. F. Greaves ... County where affidavit is filed ... location of affidavit and court filing ... address of the person filing ... county of residence of claimant ... location of attorney's office ... location of claim agent ... location of the notary public and clerk ... county mentioned in the marriage record ... county where the affidavit was made ... location of pension claim filing ... county mentioned in relation to the Notary Public ... printing location for the document ... Place of discharge ... discharge location
usct_pension_files\G_H\Holmes Luke Civil War Pension.pdf,11990,South Carolina,state,,,south carolina,,"11, 12, 13, 15, 16, 20, 21, 22, 23, 24, 7",state where Hiltonhead is located ... State where affidavit is filed ... jurisdiction ... state of residence of claimant ... location of affidavit ... state where the document is filed ... state of the marriage record ... state of the affidavit ... state mentioned in pension claim information
usct_pension_files\G_H\Holmes Luke Civil War Pension.pdf,12004,Morris Island,military_post,,,south carolina,,"11, 18",discharge location for soldier ... location where Luke Holmes was discharged
usct_pension_files\G_H\Holmes Luke Civil War Pension.pdf,12020,So Ca,state,,,south carolina,,14,state mentioned in the address
usct_pension_files\G_H\Holmes Luke Civil War Pension.pdf,12034,Betsy Holmes,,,,,,13,claimant's name
usct_pension_files\G_H\Holmes Luke Civil War Pension.pdf,12066,Bluffton,town,bluffton,beaufort,south carolina,,21,residence of Rev. George W. Mance
usct_pension_files\G_H\Holmes Luke Civil War Pension.pdf,12067,Mitchellville,town,,beaufort,south carolina,,21,location of quim Chapel of the A.M.E. Church
usct_pension_files\G_H\Holmes Luke Civil War Pension.pdf,12068,A.M.E. Church,church,,,,,21,church where the marriage was solemnized
usct_pension_files\G_H\Holmes Luke Civil War Pension.pdf,12088,New Jersey,state,,,new jersey,,9,state listed for soldier
usct_pension_files\G_H\Holmes Luke Civil War Pension.pdf,12089,Maryland,state,,,maryland,,9,state mentioned in context of attorney
usct_pension_files\G_H\Holmes Luke Civil War Pension.pdf,12090,Virginia,state,,,virginia,,9,state mentioned with conflicting information
usct_pension_files\G_H\Holmes Luke Civil War Pension.pdf,12091,North Carolina,state,,,north carolina,,9,state listed for widow
usct_pension_files\G_H\Holmes Luke Civil War Pension.pdf,12093,Florida,state,,,florida,,9,state listed for widow
usct_pension_files\G_H\Holmes Luke Civil War Pension.pdf,12094,Georgia,state,,,georgia,,9,state listed for soldier
usct_pension_files\G_H\Holmes Luke Civil War Pension.pdf,12095,Alabama,state,,,alabama,,9,state listed for soldier
usct_pension_files\G_H\Holmes Luke Civil War Pension.pdf,12096,Mississippi,state,,,mississippi,,9,state listed for soldier
usct_pension_files\G_H\Holmes Luke Civil War Pension.pdf,12097,Louisiana,state,,,louisiana,,9,state listed for death location
usct_pension_files\G_H\Holmes Luke Civil War Pension.pdf,12098,Texas,state,,,texas,,9,state mentioned for a date
usct_pension_files\G_H\Holmes Luke Civil War Pension.pdf,12099,Kentucky,state,,,kentucky,,9,state listed
usct_pension_files\G_H\Holmes Luke Civil War Pension.pdf,12100,Tennessee,state,,,tennessee,,9,state mentioned
usct_pension_files\G_H\Holmes Luke Civil War Pension.pdf,12101,Missouri,state,,,missouri,,9,state mentioned
usct_pension_files\G_H\Holmes Luke Civil War Pension.pdf,12102,Arkansas,state,,,arkansas,,9,state mentioned
usct_pension_files\G_H\Holmes Luke Civil War Pension.pdf,12103,District of Columbia,territory,,,district of columbia,,9,territory mentioned with a clerk reference
usct_pension_files\G_H\Holmes Luke Civil War Pension.pdf,11970,--,,,,,,5,--
usct_pension_files\I_J\Jackson William Civil War Pension (1).pdf,8447,Knoxville,city,knoxville,,tennessee,united states,"114, 116, 117, 118, 214, 216, 220, 5, 6, 7",Agency location for pension application ... location of agency ... Original roll location for pension ... location of U.S. Pension Agency ... location of pension payment ... location of pension agent mentioned in correspondence ... Location where pension was paid ... location of pension agency ... location of the pension agency ... location of the Pension Agency where the soldier is enrolled
usct_pension_files\I_J\Jackson William Civil War Pension (1).pdf,8460,"Washington | Washington, D. C. | Washington D. C. | Washington D C | Washington D.C. | Washington D.C | Washington, D.C.",city,washington,,district of columbia,united states,"102, 103, 108, 11, 110, 111, 114, 117, 119, 128, 13, 130, 131, 133, 135, 136, 137, 138, 140, 143, 145, 147, 148, 149, 152, 156, 158, 173, 175, 184, 185, 187, 189, 19, 191, 192, 193, 196, 197, 199, 200, 201, 202, 204, 206, 207, 208, 211, 212, 213, 217, 219, 220, 223, 224, 230, 232, 233, 234, 24, 242, 248, 25, 250, 252, 256, 257, 26, 263, 267, 268, 3, 33, 71, 74, 8, 9",location of the Auditor for the War Department ... address of attorney ... location of U.S. Pension Agency ... attorney's address ... mention of attorneys for pension claim ... location of attorneys ... address for potential notification about claim examination ... location of Bureau of Pensions ... Location of attorney ... location of attorney for pension application ... location of Notary Public ... location of business where documents are prepared and sold ... Location of recognized attorney ... location of printer ... location of appointed attorney ... location of pension claim filing ... address of the digest company ... location of David A. Gourick ... location of the attorney filing the case ... location where affidavit was filed ... filing location for pension claim ... location of the printer for the claim documents ... location of pension claim submission ... location of the pension office ... the location of the claimant ... location of the War Department ... location of the Bureau of Pensions ... location of document filing ... location of claim filing ... location of claimant's attorney ... location of pension office ... Addressed correspondence ... Location of claimant's attorney ... filing location for pension application ... location of the filer ... location where affidavit is filed ... location of filing by legal representatives ... location of Record and Pension Office ... Location of the recognized attorney's office ... location of Bureau of Pensions ... location of the Bureau of Pensions ... location of pension office ... P.O. address of attorney ... location of pension bureau ... location of deposition ... location of filing for pension claim ... location where the affidavit was filed and the affiant resides ... Filing location for the affidavit ... location where affidavit was filed ... location of the pension attorney ... location of the Commissioner of Pensions ... destination for the commission of pensions ... location of claim filing ... location of claimant's agents ... location of pension filing ... location of pension attorney ... the location of the claimant's appointed attorneys ... location of claimant's attorney ... location of attorney filing ... Address of the recognized attorney ... P.O. for attorney J. Rome S. S. Wright
usct_pension_files\I_J\Jackson William Civil War Pension (1).pdf,8461,"Beaufort | Beaufort Co. | BEAUFORT | Beaufort County | Beaufort Co | Beaufort Island | Beaufort Town | Beaufort Box 186 | Beaufort Co S C | Beaufort S. C. | Beaufort, S.C. | Beaufort S.C. | Charleston | Charleston S. C.",city,beaufort,beaufort,south carolina,united states,"100, 101, 103, 108, 11, 111, 112, 113, 117, 118, 120, 122, 123, 124, 128, 129, 13, 130, 131, 133, 134, 135, 137, 139, 140, 142, 143, 144, 145, 146, 147, 148, 149, 151, 152, 153, 154, 156, 157, 158, 160, 161, 162, 163, 164, 165, 166, 167, 168, 169, 171, 172, 174, 178, 179, 180, 181, 182, 183, 184, 186, 190, 191, 192, 193, 194, 196, 198, 199, 2, 200, 202, 203, 204, 205, 206, 207, 208, 210, 211, 212, 214, 216, 217, 219, 22, 220, 222, 223, 224, 225, 226, 227, 228, 23, 231, 232, 233, 234, 235, 236, 237, 238, 239, 240, 241, 243, 244, 245, 246, 247, 248, 249, 250, 251, 253, 255, 256, 258, 259, 26, 260, 261, 262, 263, 265, 266, 267, 268, 28, 29, 3, 30, 33, 35, 37, 39, 4, 41, 42, 43, 44, 46, 47, 48, 50, 52, 54, 56, 58, 60, 62, 64, 68, 69, 70, 71, 72, 73, 74, 75, 76, 8, 80, 82, 84, 86, 88, 9, 90, 92, 94, 96, 98, 99","post-office address of claimant ... address of widow ... address of the Secretary ... address of Mr. William Jackson ... location of service ... location of the mentioned Beaufort ... location of marriage and soldier's residence ... pensioner identified as residing in Beaufort ... location of the individual ... location of Israel Jones' testimony ... county where Oakland is located ... business location ... location associated with the claimant ... location mentioned as having acquaintances ... Lydia claims to have been born and raised in this county ... widow's address ... location where Lydia lived and married June ... location of hospital where the soldier was treated after injury ... location where Wm Fields served as a soldier ... residence of affiant ... location of enlistment ... Ben Loyd's birthplace and residence ... county mentioned as location for deposition ... county mentioned during deposition ... location of special examination for pension claim ... county associated with the location of the special examination ... county mentioned in deposition ... P.O. address of the claimant ... reporting to Board of Surgeons ... location where pension vouchers are signed ... location where the soldier was married ... residents of local agents ... hospital where injured soldier was treated ... county where the deposition took place ... residence of the deponent ... location where the claimant was enlisted ... location of the claimant's hospital stay ... location mentioned in relation to soldier's service and residence ... county of soldier's service ... location of military camp and drills; soldier's station during service ... location of military camp and return station ... location of camp stay after returning ... location of hospital where claimant was treated ... location mentioned in relation to plantation ... county where deposition took place ... enlistment location for soldier ... Address of widow claimant ... residence of deponent ... location where soldier enlisted ... location of hospital treatment ... address of Lydia Jackson ... location of Dr. M.G. Elliott ... soldier's location ... location of William Jackson's residence ... location of soldier's regiment ... present residence and nearest post-office ... nearest post office for various residences ... actual residence of the claimant ... previous residence ... nearest post-office to residence ... widow's residence ... P.O. address of claimant ... Claimant's P.O. address ... residence of M. G. Elliott, the physician ... Claimant's address ... County of the claimant ... County of the application ... Residence of the applicant ... Post-office address ... residence of witnesses ... county of residence of claimant ... county of residence in the declaration ... specific city mentioned for postal address ... county of the claimant ... location of witness statement ... mentioned as the county where the affidavit was sworn ... location where the pension was received ... county of residence for affiants and marriage location ... location of the notary public ... County where the affidavit was sworn ... Location of the pension attorney ... citizens of the town and post-office address ... county mentioned in legal document ... location of pension attorney ... soldier's place of residence ... location of former wife's death ... county named in the document ... location of the pension attorney ... county where affidavit is sworn ... post-office address of affiant ... location mentioned in the affidavit regarding jurisdiction ... location of marriage and death of former wife ... location of applicant's post office address ... Claimant's post-office address and location of examination ... location where pension attorney is based ... county mentioned in the affidavit ... post office location for the pension application ... post office location of the applicant ... location of medical examination ... address of the board ... County mentioned in affidavit ... Location where affidavit was written ... location of physician and soldier's residence ... post-office address of the physician ... physician's residence and relationship to the soldier ... County mentioned in the document ... Location of the notarization and affidavit ... Affidavit written at this location ... location of the notarized statement ... post office of Lymus Pinckney ... location of deposition written by T. J. Reynolds ... location of regimental hospital ... current county of residence ... county where the affidavit was made ... location of claimant's Post-Office address ... location mentioned in the claimant's address ... location of affidavit signing ... location of George Smikle ... station of Co. A 33 U.S. C.T. on July 10, 1863 ... jurisdiction of the affidavit ... witnesses' residence ... location where application was executed ... post office address of the witness ... location of legal affidavit ... post-office address of the claimant ... county where the claimant resides ... residence of Joseph Robinson and William Jackson ... county where the affidavit was executed ... station of the company and regiment during June, July & Aug. 1863 ... county of affidavit's jurisdiction ... post office address of the affiant ... location of hospital for soldier's treatment ... county where the declaration is made ... resident's city ... county where the declaration was made and the claimant resides ... the claimant's post-office address ... location mentioned for county ... location of marriage praise house ... county of the widow's declaration ... post office address of the claimant ... county where affidavit was sworn ... location of the affiant's residence ... Claimant's post office address ... notarization location ... Location of marriage and residence recorded in affidavit ... County associated with the cities and towns mentioned in the affidavit ... Post office location ... Location of examination ... Claimant's post-office address and place of residence ... location of the Post Office ... location of the Notary Public's office ... location of the affidavit and Notary Public ... Post Office address of the affiant ... affiant's Post Office address ... location of notarization ... P.O. address for multiple claims ... P.O. address for marriage and dependence claims ... P.O. address for marriage claim ... location of certification ... residing location of affiant ... county of the affiant ... Claimant's post office and county of residence ... county where the pension declaration was made ... current post office address of the applicant ... Claimant's residence ... Claimant's county of residence ... P.O. for pensioner William Jackson ... Claimant's Post Office address and location of residence ... location of various claims filed by individuals ... location of doctor's report on claim ... location where claim was filed by Edward Bryan ... location of claims associated with J. M. Jackson ... location of Single Surgeon’s report ... another report from Single Surgeon ... Board action regarding claims from Beaufort ... location of multiple claims ... soldier's county of residence ... widow's address ... claimant's location ... soldier's address ... location of report ... affiant's post-office address ... claimant's post office address ... location mentioned in pension claim ... Post Office location of declarant ... Post office address of the affiant ... residence of affiants Joseph Dunbar and C John Peek ... Claimant's post-office address ... birthplace and raising location ... nearby harbor of discharge ... location of discharge and pension issuance ... location of soldier's discharge ... location of discharge from military service ... discharge location from military service ... place of discharge ... station of the company and regiment on January 31, 1866 ... place of honorable discharge ... muster out location for soldier's service"
usct_pension_files\I_J\Jackson William Civil War Pension (1).pdf,8464,Jacksonville,city,jacksonville,duval,florida,united states,"14, 15, 17, 19, 21, 70",location mentioned in the address ... location of correspondence ... location of applicant's address ... address of correspondence ... claimant's address ... location of battle
usct_pension_files\I_J\Jackson William Civil War Pension (1).pdf,8467,STAMPS,town,stamps,,,,"150, 16, 18, 195, 20",location referenced in a pension document ... location of pension office ... location of U.S. Pension Office
usct_pension_files\I_J\Jackson William Civil War Pension (1).pdf,8478,Hilton Head | Hilton Head Island,town,hilton head,beaufort,south carolina,united states,"19, 42, 73",state where soldier enlisted ... location of company where soldier did regular duty after hospital ... location where soldier returned to duty after injury
usct_pension_files\I_J\Jackson William Civil War Pension (1).pdf,8480,Bureau of Pensions,other,,,,,"27, 67",government agency receiving applications ... institution mentioned in relation to pensions
usct_pension_files\I_J\Jackson William Civil War Pension (1).pdf,8483,North Carolina | N. C.,state,,,north carolina,,"12, 2, 4",mentioned in the document ... abbreviation for state ... mentioned in file notation
usct_pension_files\I_J\Jackson William Civil War Pension (1).pdf,8484,Florida | FLA | FLA.,state,,,florida,,"12, 13, 2, 4",mentioned in the document ... soldier's location ... abbreviation for state ... mentioned in file notation
usct_pension_files\I_J\Jackson William Civil War Pension (1).pdf,8485,Georgia | GA | GA. | Ga | Ga.,state,,,georgia,united states,"12, 13, 2, 257, 3, 31, 33, 4, 54, 59",mentioned in the document ... State of residence mentioned ... soldier's location ... referenced in a list of states ... abbreviation for state ... soldier's home state ... mentioned in file notation ... William claimed he came from here ... state from which William Jackson claimed to come ... state where soldier was born
usct_pension_files\I_J\Jackson William Civil War Pension (1).pdf,8486,Alabama | ALA | ALA.,state,,,alabama,,"12, 13, 2, 3, 4",mentioned in the document ... soldier's location ... referenced in a list of states ... abbreviation for state ... mentioned in file notation
usct_pension_files\I_J\Jackson William Civil War Pension (1).pdf,8487,Mississippi | MISS | MISS.,state,,,mississippi,,"12, 13, 2, 3, 4",mentioned in the document ... soldier's location ... referenced in a list of states ... abbreviation for state ... mentioned in file notation
usct_pension_files\I_J\Jackson William Civil War Pension (1).pdf,8488,Louisiana | LA | LA.,state,,,louisiana,,"12, 13, 2, 3, 4",mentioned in the document ... soldier's location ... referenced in a list of states ... abbreviation for state ... mentioned in file notation
usct_pension_files\I_J\Jackson William Civil War Pension (1).pdf,8489,Texas | TEX | TEX.,state,,,texas,,"12, 13, 2, 3, 4",mentioned in the document ... soldier's location ... referenced in a list of states ... abbreviation for state ... mentioned in file notation
usct_pension_files\I_J\Jackson William Civil War Pension (1).pdf,8490,Kentucky | KY | KY.,state,,,kentucky,,"12, 13, 2, 3, 4",mentioned in the document ... soldier's location ... referenced in a list of states ... abbreviation for state ... mentioned in file notation
usct_pension_files\I_J\Jackson William Civil War Pension (1).pdf,8491,Tennessee | TENN | TENN.,state,,,tennessee,,"12, 13, 2, 3, 4",mentioned in the document ... soldier's location ... referenced in a list of states ... abbreviation for state ... mentioned in file notation
usct_pension_files\I_J\Jackson William Civil War Pension (1).pdf,8492,Missouri | MO | MO.,state,,,missouri,,"12, 127, 13, 2, 3, 4",mentioned in the document ... soldier's location ... referenced in a list of states ... abbreviation for state ... mentioned in file notation ... state of soldier's regiment
usct_pension_files\I_J\Jackson William Civil War Pension (1).pdf,8493,Arkansas | ARK | ARK.,state,,,arkansas,,"12, 13, 2, 3, 4",mentioned in the document ... soldier's location ... referenced in a list of states ... abbreviation for state ... mentioned in file notation
usct_pension_files\I_J\Jackson William Civil War Pension (1).pdf,8494,District of Columbia | D. C.,state,,,district of columbia,,"12, 2, 213, 3, 4",mentioned in the document ... referenced in a list of states ... abbreviation for state ... mentioned in file notation ... Territory where the attorney is based
usct_pension_files\I_J\Jackson William Civil War Pension (1).pdf,8495,U.S.C.T. | U. S. C. T.,other,,,,,"12, 4",mentioned in regard to service ... abbreviation for United States Colored Troops
usct_pension_files\I_J\Jackson William Civil War Pension (1).pdf,8497,Grays Hill | Grays hill | Grays hill station | Grayshill | Grayshill S.C.,town,grays hill,beaufort,south carolina,,"153, 22, 221, 222, 228, 235, 251, 26",location of marriage testimony and church ... location of the Horsepond Baptist Church ... location near Seabrook ... citizens of the town ... P.O. address for claim relating to former husband ... P.O. address for multiple claims regarding a soldier and his wife ... post-office address ... residence of affiant ... alternate name for Grays hill in context of the cemetery ... residence of Wally Mitchell ... location where events took place
usct_pension_files\I_J\Jackson William Civil War Pension (1).pdf,8499,South Carolina | S. C. | SC. | S.C. | S-C-,state,,,south carolina,united states,"108, 118, 12, 123, 128, 130, 131, 133, 135, 137, 139, 140, 143, 145, 146, 147, 152, 153, 154, 156, 158, 172, 174, 178, 179, 180, 181, 182, 186, 190, 198, 199, 2, 202, 203, 204, 205, 206, 208, 211, 212, 213, 214, 215, 216, 218, 22, 220, 222, 223, 224, 227, 228, 229, 23, 231, 232, 233, 238, 241, 243, 248, 249, 250, 251, 253, 256, 260, 263, 266, 267, 268, 3, 33, 37, 54, 56, 58, 66, 72, 82",state where the events took place ... state where Beaufort and Oakland are located ... location associated with various names ... abbreviation for state ... law on marriage mentioned ... location of deposition ... mentioned in file notation ... state mentioned as location for deposition ... location related to pension cases ... state mentioned during deposition ... State of residence for the claimant ... jurisdiction of the affidavit ... State of the application ... notary public's location ... state of residence of claimant ... state of residence in the declaration ... mentioned as the state of jurisdiction ... state of the county mentioned ... Location of the affidavit ... state of the document ... state mentioned in affidavit ... state where the affidavit is filed ... jurisdiction for the claim ... State mentioned in affidavit ... state where the affidavit is made ... State mentioned in the document ... location of the affidavit ... state of the claimant ... state mentioned in the claimant's address ... state of affidavit ... state where affidavit was sworn ... abbreviated reference to the state of residence ... part of official documentation ... state of residence for affidavit ... state where the affidavit was made ... the state where the claimant resides ... notarization location ... state of residence for the affidavit ... State of the claimant's address ... state mentioned in the declaration ... official designation in document ... state where the declaration is made ... -- ... state designation in the affidavit ... state of the widow's declaration ... geographical location of affidavit ... State mentioned as the jurisdiction of the notarization ... State of examination ... location mentioned in legal document ... location of certification ... jurisdiction mentioned in official capacity ... state of residence for the pension declaration ... State of claim ... Claimant's state of residence ... State of the pensioner William Jackson
usct_pension_files\I_J\Jackson William Civil War Pension (1).pdf,8503,Oakland | Oakland Plantation | Okland | Okland Plantation,other,okland,beaufort,south carolina,,"118, 130, 144, 224, 226, 23",location of marriage ceremony ... Location of marriage ... identified as the location where Lydia Jackson resides ... location of marriage to William Jackson ... location of soldier's marriage ... location of the marriage
usct_pension_files\I_J\Jackson William Civil War Pension (1).pdf,8507,Lydia Jackson,other,,,,,32,Claimant's name
usct_pension_files\I_J\Jackson William Civil War Pension (1).pdf,8509,Darien,city,darien,mcintosh,georgia,united states,"239, 257, 31, 69, 70, 74",William Jackson's claimed origin ... soldier's birthplace ... William Jackson's birthplace ... location of skirmish ... Place of birth ... birthplace of soldier William Jackson
usct_pension_files\I_J\Jackson William Civil War Pension (1).pdf,8512,SEABROOK,city,seabrook,,south carolina,,26,post office address
usct_pension_files\I_J\Jackson William Civil War Pension (1).pdf,8528,Coosaw,town,coosaw,beaufort,south carolina,,"243, 3",P.O. address of claimant ... location where affiant has worked with claimant
usct_pension_files\I_J\Jackson William Civil War Pension (1).pdf,8532,Summerville,town,summerville,,south carolina,,3,address of attorney for the claimant
usct_pension_files\I_J\Jackson William Civil War Pension (1).pdf,8543,United States Colored Troops,military_post,,,,,3,indicating soldiers in the USCT
usct_pension_files\I_J\Jackson William Civil War Pension (1).pdf,8545,MD,state,,,maryland,,"12, 2",abbreviation for state ... mentioned in file notation
usct_pension_files\I_J\Jackson William Civil War Pension (1).pdf,8546,VA,state,,,virginia,,"12, 2",abbreviation for state ... mentioned in file notation
usct_pension_files\I_J\Jackson William Civil War Pension (1).pdf,8547,W. VA | W. VA.,state,,,west virginia,,"12, 2",abbreviation for state ... mentioned in file notation
usct_pension_files\I_J\Jackson William Civil War Pension (1).pdf,8575,Ladies Island | Ladies Isl.,other,ladies,beaufort,south carolina,,"231, 235, 247, 258, 30, 41, 42, 46, 48, 50, 52, 54, 56, 62, 72, 76, 84, 92, 94, 98","location where Lydia buried her first husband ... location associated with George Green, comrade who helped soldier ... location of Frank Blue's funeral ... burial location of Frank Blue ... location of Baptist Church ... location of burial ... location of acquaintance from before enlistment ... burial site of Frank Blue ... location where Frank Blue was buried ... location mentioned for burial ... location of marriage ceremony ... residence of the deponent ... location of deposition ... residence of witness during deposition ... residence of deponent ... Affiant's residence or location of notarized statement ... Post Office address of affiant ... location of claim ... P.O. address for marriage claim"
usct_pension_files\I_J\Jackson William Civil War Pension (1).pdf,8576,Ann Perryclare,plantation,,,,,30,location of burial of Lydia's second husband and plantation owned by Miss Ann Perryclare ... place where William Jackson's first wife was bought before the war
usct_pension_files\I_J\Jackson William Civil War Pension (1).pdf,8577,Praise House,church,,,,,30,location where Lydia was married to William Jackson
usct_pension_files\I_J\Jackson William Civil War Pension (1).pdf,8581,IND. TER.,territory,,,,,2,mentioned in file notation
usct_pension_files\I_J\Jackson William Civil War Pension (1).pdf,8582,KANS.,state,,,kansas,,2,mentioned in file notation
usct_pension_files\I_J\Jackson William Civil War Pension (1).pdf,8586,N. MEX.,state,,,new mexico,,2,mentioned in file notation
usct_pension_files\I_J\Jackson William Civil War Pension (1).pdf,8587,COLO.,state,,,colorado,,2,mentioned in file notation
usct_pension_files\I_J\Jackson William Civil War Pension (1).pdf,8588,ARIZ.,state,,,arizona,,2,mentioned in file notation
usct_pension_files\I_J\Jackson William Civil War Pension (1).pdf,8589,UTAH,state,,,utah,,2,mentioned in file notation
usct_pension_files\I_J\Jackson William Civil War Pension (1).pdf,8604,NEV.,state,,,nevada,,2,mentioned in file notation
usct_pension_files\I_J\Jackson William Civil War Pension (1).pdf,8605,CAL.,state,,,california,,2,mentioned in file notation
usct_pension_files\I_J\Jackson William Civil War Pension (1).pdf,8608,Morris Island,military_post,,,south carolina,,"198, 203, 205, 35, 39, 41, 76, 82, 92, 94",discharge location after service ... location of discharge ... location of military discharge ... location where the soldier was discharged ... where claimant was seen during service ... discharge location for soldier ... discharge location of the soldier ... location of the soldier's discharge ... location of soldier's discharge
usct_pension_files\I_J\Jackson William Civil War Pension (1).pdf,8609,Will town | Will Town | Willtown | Willtown Bluff,battlefield,,,south carolina,,"182, 192, 198, 253, 35, 39, 41, 96, 98",site of a battle during service ... location of battle where injury occurred ... location of the engagement involving the steamer ... location of battle ... location of a battle ... site of a battle ... location where the affiant was during the injury ... location of injury ... location of action for Co. A 33 U.S. C.T.
usct_pension_files\I_J\Jackson William Civil War Pension (1).pdf,8617,Camp Shaw | Camp Shaw Hospital,military_post,beaufort,beaufort,south carolina,,"186, 194, 203, 35",location of hospital treatment ... location of the regimental hospital where Jackson was treated ... location of treatment for the soldier
usct_pension_files\I_J\Jackson William Civil War Pension (1).pdf,8621,Perryboro,town,,,,,44,Wm Fields was born & raised a few miles from here
usct_pension_files\I_J\Jackson William Civil War Pension (1).pdf,8627,Perryclear,town,,,,,46,location where the deponent lived after moving
usct_pension_files\I_J\Jackson William Civil War Pension (1).pdf,8629,Jackson,other,,,,,"53, 58","mentioned as a person married to the widow after her first husband's death ... mention of Lydia's husband, William Jackson"
usct_pension_files\I_J\Jackson William Civil War Pension (1).pdf,8630,Jany,other,,,,,53,month of January when Jackson died
usct_pension_files\I_J\Jackson William Civil War Pension (1).pdf,8641,McIntosh County,county,,mcintosh,georgia,,41,birthplace of affiant
usct_pension_files\I_J\Jackson William Civil War Pension (1).pdf,8650,Tarboro,town,tarboro,,,,52,author's place of residence
usct_pension_files\I_J\Jackson William Civil War Pension (1).pdf,8654,Harriet Irving,other,,,,,59,Mother of the deponent
usct_pension_files\I_J\Jackson William Civil War Pension (1).pdf,8655,Sancho Bryan,other,,,,,59,Father of the deponent
usct_pension_files\I_J\Jackson William Civil War Pension (1).pdf,8668,Brick Yard,cemetery,,,,,54,cemetery where Frank Blue was buried
usct_pension_files\I_J\Jackson William Civil War Pension (1).pdf,8677,Savannah,city,savannah,chatham,georgia,,"69, 71, 96",location of witnesses ... location of work for Central R.R. Co. ... location of soldier's discharge
usct_pension_files\I_J\Jackson William Civil War Pension (1).pdf,8683,St Helena | St. Helena S. C. | St Helenas Island,town,saint helena,beaufort,south carolina,,"193, 255, 78, 80",Post office address of William Jackson ... enrollment location for soldier's service ... location of deposition
usct_pension_files\I_J\Jackson William Civil War Pension (1).pdf,8688,Port Royal | Port Royal Island,city,port royal,beaufort,south carolina,united states,"120, 148, 149, 214, 215, 220, 221, 230, 73",location where William Jackson was commissioned ... place of residence from January 31 1866 ... site of marriage ... location of marriage and former wife's death ... location of former wife's death ... island of resident ... residence of witnesses Robert Vandross and P. R. Gregory ... claimant's location ... the claimant's residence
usct_pension_files\I_J\Jackson William Civil War Pension (1).pdf,8696,Harriet,other,,,,,58,"William Jackson's first wife, died in 1883"
usct_pension_files\I_J\Jackson William Civil War Pension (1).pdf,8698,Rev. Lawton,other,,,,,58,officiated at Lydia and William Jackson's marriage
usct_pension_files\I_J\Jackson William Civil War Pension (1).pdf,8706,Cluber Point - Port Royal Island,neighborhood,,,south carolina,,69,residence of William Jackson
usct_pension_files\I_J\Jackson William Civil War Pension (1).pdf,8721,John Adams,other,,,,,"182, 192, 82, 92",name of the boat mentioned ... the boat mentioned during combat ... the U.S. Steamer where the injury occurred ... inquiry about the steamer's involvement in an engagement
usct_pension_files\I_J\Jackson William Civil War Pension (1).pdf,8728,Frogmore,town,frogmore,beaufort,south carolina,,80,post office address of deponent
usct_pension_files\I_J\Jackson William Civil War Pension (1).pdf,8732,Fernandina,city,fernandina,nassau,florida,,70,location of skirmish
usct_pension_files\I_J\Jackson William Civil War Pension (1).pdf,8737,Willtown River,river,,,,,"255, 70",location of battle mentioned during steamboat travel ... mentioned as part of the expedition
usct_pension_files\I_J\Jackson William Civil War Pension (1).pdf,8742,Perry Clair | Perry Clear plantation | Perry Clear | Perry clear,town,perry clear,beaufort,south carolina,,"118, 151, 153, 155, 233, 234, 86",location of burial of Jim Smalls ... residence of affiants ... plantation where soldier was guarding ... Residence of witness ... location of affiants ... residence of witnesses ... applicant's residence
usct_pension_files\I_J\Jackson William Civil War Pension (1).pdf,8748,St Simons Island,island,,,georgia,,94,location of enlistment
usct_pension_files\I_J\Jackson William Civil War Pension (1).pdf,8753,Southern Division,other,,,,,107,Division mentioned in context of claim processing
usct_pension_files\I_J\Jackson William Civil War Pension (1).pdf,8760,City Point,military_post,,,,,92,location where witness remembers soldier was sick
usct_pension_files\I_J\Jackson William Civil War Pension (1).pdf,8763,Pleasant | Pleasants,town,pleasant,pleasants,west virginia,,105,Claimant's address ... Location of the claimant
usct_pension_files\I_J\Jackson William Civil War Pension (1).pdf,8765,West Virginia,state,,,west virginia,,105,State of the claimant
usct_pension_files\I_J\Jackson William Civil War Pension (1).pdf,8773,Coals Island,other,,,south carolina,,98,location of enlistment
usct_pension_files\I_J\Jackson William Civil War Pension (1).pdf,8789,U. S. PENSION OFFICE,other,,,,,121,location of pension application
usct_pension_files\I_J\Jackson William Civil War Pension (1).pdf,8790,United States,country,,,,united states,"115, 125, 141",Country of the pension application ... soldier's affiliation ... reference to the army regiment's affiliation
usct_pension_files\I_J\Jackson William Civil War Pension (1).pdf,8791,Co. A. 33d Regiment United States Colored Volunteer Infantry,military_post,,,,,115,Regiment to which the soldier belonged
usct_pension_files\I_J\Jackson William Civil War Pension (1).pdf,8797,National Archives,other,,,,,126,location of pension document
usct_pension_files\I_J\Jackson William Civil War Pension (1).pdf,8817,W O,other,,,,,132,document identifier or reference
usct_pension_files\I_J\Jackson William Civil War Pension (1).pdf,8818,William Jackson,other,,,,,132,"husband of Lydia Jackson, mentioned as a soldier"
usct_pension_files\I_J\Jackson William Civil War Pension (1).pdf,8831,Pritchards,town,,,south carolina,,118,Residence of witness
usct_pension_files\I_J\Jackson William Civil War Pension (1).pdf,8832,Tom Close P.O.,town,tom close,beaufort,south carolina,,139,affiant's location
usct_pension_files\I_J\Jackson William Civil War Pension (1).pdf,8850,United States of America,country,,,,united states of america,136,legislative context of pension claims
usct_pension_files\I_J\Jackson William Civil War Pension (1).pdf,8853,U. S. C. T. Volunteers,other,,,,,136,regiment for which the pension claim is made
usct_pension_files\I_J\Jackson William Civil War Pension (1).pdf,8860,South Division,other,,,,,138,office division where received
usct_pension_files\I_J\Jackson William Civil War Pension (1).pdf,8861,Department of the Interior Pension Office,other,,,,,138,location of the pension office
usct_pension_files\I_J\Jackson William Civil War Pension (1).pdf,8869,Tomahill,town,tomahill,beaufort,south carolina,,146,citizenship declaration
usct_pension_files\I_J\Jackson William Civil War Pension (1).pdf,8881,Perry Clair Cemeteries,cemetery,,,,,151,location where Jim Smalls was buried
usct_pension_files\I_J\Jackson William Civil War Pension (1).pdf,8888,Columbia,city,columbia,,south carolina,,159,location of examination
usct_pension_files\I_J\Jackson William Civil War Pension (1).pdf,8935,Darian,village,darian,,georgia,,"166, 168",birthplace of the claimant ... claimant's birthplace
usct_pension_files\I_J\Jackson William Civil War Pension (1).pdf,8972,Reynolds,other,,,,,182,Post Office address of the affiant
usct_pension_files\I_J\Jackson William Civil War Pension (1).pdf,8974,Callenton,town,callenton,,south carolina,,182,town mentioned where injury occurred
usct_pension_files\I_J\Jackson William Civil War Pension (1).pdf,8982,Pt Royal | Pt. Royal Island,other,,,south carolina,,"190, 211",affiant's residence ... residence of Robert Frazier
usct_pension_files\I_J\Jackson William Civil War Pension (1).pdf,9002,Millford,town,millford,,south carolina,,192,location of inquiry regarding engagement participation of Co. A 33d U.S.C.T.
usct_pension_files\I_J\Jackson William Civil War Pension (1).pdf,9017,Str. Jno. Adams,other,,,,,198,vessel where the incident happened
usct_pension_files\I_J\Jackson William Civil War Pension (1).pdf,9021,U. S. C. Tps.,military_post,,,,,204,indicating the branch or unit of military service
usct_pension_files\I_J\Jackson William Civil War Pension (1).pdf,9039,Sheldon,town,sheldon,beaufort,south carolina,,"203, 258",post office address of Eli Bellinger ... location of claim
usct_pension_files\I_J\Jackson William Civil War Pension (1).pdf,9041,Milltown | Milton,town,milltown,colleton,south carolina,,"203, 205",location near where Jackson was disabled ... location of soldier's injury
usct_pension_files\I_J\Jackson William Civil War Pension (1).pdf,9042,Colleton,county,,colleton,south carolina,,"203, 205, 213",county near Milltown ... County of the claimant's address ... location near where injury was incurred
usct_pension_files\I_J\Jackson William Civil War Pension (1).pdf,9054,Walterboro,town,walterboro,colleton,south carolina,,213,P. O. Address of Claimant
usct_pension_files\I_J\Jackson William Civil War Pension (1).pdf,9075,Penny,city,penny,,south carolina,,219,residence of affiant
usct_pension_files\I_J\Jackson William Civil War Pension (1).pdf,9092,Horse Pond Baptist Church,church,grays hill,beaufort,south carolina,,"222, 251",Clerk of the church present at soldier's death ... church where record of William Jackson was examined
usct_pension_files\I_J\Jackson William Civil War Pension (1).pdf,9111,Ann Ferry Clan Point,other,,,,,224,street of the claimant's residence
usct_pension_files\I_J\Jackson William Civil War Pension (1).pdf,9120,Camp Point Grave yard,cemetery,,,,,228,location of soldier's burial
usct_pension_files\I_J\Jackson William Civil War Pension (1).pdf,9122,Horsepond Baptist Church,church,,,,,228,affiant's church and lack of marriage records
usct_pension_files\I_J\Jackson William Civil War Pension (1).pdf,9148,Bluffton,town,bluffton,beaufort,south carolina,,245,Notary Public's address
usct_pension_files\I_J\Jackson William Civil War Pension (1).pdf,9153,COUNTY OF Beaufort,county,,beaufort,south carolina,,244,location of deposition
usct_pension_files\I_J\Jackson William Civil War Pension (1).pdf,9193,St. Johns River,river,,,,,255,location of injury mentioned by William Jackson
usct_pension_files\I_J\Jackson William Civil War Pension (1).pdf,9213,U.S.C. Vol. Inf.,other,,,,,263,Indication of regiment for William Jackson
usct_pension_files\I_J\Jackson William Civil War Pension (1).pdf,8446,--,other,,,,,1,Pension record identification.
usct_pension_files\I_J\Jackson William Civil War Pension (1).pdf,8506,--,other,,,,,32,Index of special examiner's report for claim
usct_pension_files\I_J\Jackson William Civil War Pension (1).pdf,8508,--,,,,,,34,--
usct_pension_files\I_J\Jackson William Civil War Pension (1).pdf,8544,--,,,,,,36,--
usct_pension_files\I_J\Jackson William Civil War Pension (1).pdf,8562,--,,,,,,40,--
usct_pension_files\I_J\Jackson William Civil War Pension (1).pdf,8567,--,,,,,,33,--
usct_pension_files\I_J\Jackson William Civil War Pension (1).pdf,8568,--,,,,,,45,--
usct_pension_files\I_J\Jackson William Civil War Pension (1).pdf,8579,--,other,,,,,30,--
usct_pension_files\I_J\Jackson William Civil War Pension (1).pdf,8623,--,,,,,,44,--
usct_pension_files\I_J\Jackson William Civil War Pension (1).pdf,8624,--,other,,,,,55,property left by father
usct_pension_files\I_J\Jackson William Civil War Pension (1).pdf,8631,--,church,,,,,57,Both Lydia and William Jackson were members of this church.
usct_pension_files\I_J\Jackson William Civil War Pension (1).pdf,8645,---,other,---,---,---,---,51,individual involved in marriage ceremony
usct_pension_files\I_J\Jackson William Civil War Pension (1).pdf,8646,---,other,---,---,---,---,51,individual involved in marriage ceremony
usct_pension_files\I_J\Jackson William Civil War Pension (1).pdf,8647,---,other,---,---,---,---,51,individual involved in marriage ceremony
usct_pension_files\I_J\Jackson William Civil War Pension (1).pdf,8648,---,other,---,---,---,---,51,individual involved in marriage ceremony
usct_pension_files\I_J\Jackson William Civil War Pension (1).pdf,8675,--,,,,,,77,--
usct_pension_files\I_J\Jackson William Civil War Pension (1).pdf,8692,town,town,,,,,87,location where Edmond Bryan brought him for medicine
usct_pension_files\I_J\Jackson William Civil War Pension (1).pdf,8700,--,,,,,,89,--
usct_pension_files\I_J\Jackson William Civil War Pension (1).pdf,8716,--,,,,,,93,sworn testimony
usct_pension_files\I_J\Jackson William Civil War Pension (1).pdf,8722,--,,,,,,95,no location mentioned
usct_pension_files\I_J\Jackson William Civil War Pension (1).pdf,8723,--,,,,,,91,certification of deposition
usct_pension_files\I_J\Jackson William Civil War Pension (1).pdf,8724,--,,,,,,91,certification of deposition
usct_pension_files\I_J\Jackson William Civil War Pension (1).pdf,8752,--,,,,,,97,narrative of medical condition
usct_pension_files\I_J\Jackson William Civil War Pension (1).pdf,8762,--,,,,,,92,--
usct_pension_files\I_J\Jackson William Civil War Pension (1).pdf,8872,--,,,,,,146,--
usct_pension_files\I_J\Jackson William Civil War Pension (1).pdf,8931,--,other,,,,,170,no location mentioned
usct_pension_files\I_J\Jackson William Civil War Pension (1).pdf,8943,--,county,,,,,175,Clerk of the County Court in and for aforesaid County and State
usct_pension_files\I_J\Jackson William Civil War Pension (1).pdf,9186,--,,,,,,264,--
usct_pension_files\I_J\Jenkins Adam Civil War Pension.pdf,10045,Stamps | STAMPS,town,stamps,,,,"1, 16, 26, 28, 30, 36",widow's location ... location mentioned on official document ... -- ... location of the U.S. Pension Office ... location of U.S. Pension Office ... not specified
usct_pension_files\I_J\Jenkins Adam Civil War Pension.pdf,10046,Beaufort | BEAUFORT COUNTY | Beaufort Co | Beaufort County | Beaufort S.C. | Beaufort S. C.,city,beaufort,beaufort,south carolina,,"2, 27, 29, 31, 33, 39, 40, 45, 46, 48, 49, 50, 51, 53, 54, 55, 57, 58, 60, 62, 64, 66, 68, 70, 72, 74, 9","location of a business listed in the document ... location of widow's application filing ... location of the statement ... location mentioned in the statement header ... name of a deceased person, Mrs. Hayood Jenkins ... location of tax receipt ... location noted in the context of distance from other individuals ... location of pensioner's last sickness and death ... location of pensioner's death ... location of pensioner's burial ... county where physician's office is located ... location of deposition ... location of notary's certification ... location of witness signature ... city where the deponent moved after the storm ... location of special examination ... current residence of the applicant ... location referenced multiple times in marriage and hospital context ... location where soldier was in the hospital ... residence of Anthony Geddes ... referencing the post office location ... county where deposition took place ... location mentioned in the deposition ... mentioned as the post office of the deponent ... address of Mrs. Susan Hayward Jenkins ... post office address of the widow ... location mentioned in the date header ... location mentioned in closing of letter"
usct_pension_files\I_J\Jenkins Adam Civil War Pension.pdf,10047,S.Ca.,state,,,south carolina,,5,indication of state by abbreviation
usct_pension_files\I_J\Jenkins Adam Civil War Pension.pdf,10054,U. S.,country,,,,united states,3,location of the pension office
usct_pension_files\I_J\Jenkins Adam Civil War Pension.pdf,10064,Knoxville,city,knoxville,knox,tennessee,united states,"15, 20, 24, 38, 7, 8",location of pension agency ... soldier's service location ... location of U.S. Pension Agency ... location of pension payment agent
usct_pension_files\I_J\Jenkins Adam Civil War Pension.pdf,10066,Savannah,city,savannah,chatham,georgia,united states,"10, 12, 14, 18, 21, 22, 25, 37, 40, 42",Claimant's Post Office address ... pensioner's address ... location of correspondence ... return address ... address of the applicant ... address of Mr. Richard Jenkins ... location of sender's address ... address of claim holder ... Location of the address for Blake Cooper ... applicant's address
usct_pension_files\I_J\Jenkins Adam Civil War Pension.pdf,10067,Gallia Co.,county,,gallia,ohio,,6,location of the notary public's office
usct_pension_files\I_J\Jenkins Adam Civil War Pension.pdf,10068,Ohio,state,,,ohio,,6,state where the notarization occurred
usct_pension_files\I_J\Jenkins Adam Civil War Pension.pdf,10072,Georgia,state,,,georgia,united states,"12, 42",state of pensioner ... The state where the document is issued
usct_pension_files\I_J\Jenkins Adam Civil War Pension.pdf,10074,United States,country,,,,united states,"17, 35",location of the Bureau of Pensions ... country referenced in the document
usct_pension_files\I_J\Jenkins Adam Civil War Pension.pdf,10076,"Washington | Washington, D. C.",city,washington,,district of columbia,united states,"14, 15, 21, 37, 38, 41, 42",location of issuing bureau ... location of the Bureau of Pensions ... recipient of application for reimbursement ... location of Bureau of Pensions ... Location of the U.S. Pension Office ... location of Bureau of Pensions ... address of the printer W. H. Moore & Co.
usct_pension_files\I_J\Jenkins Adam Civil War Pension.pdf,10079,D.C.,city,,,district of columbia,,9,widow's post office address
usct_pension_files\I_J\Jenkins Adam Civil War Pension.pdf,10080,U.S.C.T. | U.S. C.T.,military_post,,,,,"47, 9",mentioned in an abbreviated military context ... refers to a military unit
usct_pension_files\I_J\Jenkins Adam Civil War Pension.pdf,10122,U. S. PENSION OFFICE,other,,,,,34,location of document issuance
usct_pension_files\I_J\Jenkins Adam Civil War Pension.pdf,10127,COLUMBIA,city,columbia,,south carolina,,33,location of printing
usct_pension_files\I_J\Jenkins Adam Civil War Pension.pdf,10134,Florida,state,,,florida,,43,state of submission
usct_pension_files\I_J\Jenkins Adam Civil War Pension.pdf,10135,Duval,county,,duval,florida,,43,county of submission
usct_pension_files\I_J\Jenkins Adam Civil War Pension.pdf,10139,Chatham,county,,chatham,georgia,,"40, 42",County where the events are taking place ... county of residence
usct_pension_files\I_J\Jenkins Adam Civil War Pension.pdf,10147,South Carolina,state,,,south carolina,,"39, 40, 45, 55, 60, 64, 66, 70",state where Beaufort is located ... state mentioned ... location of special examination ... location of deposition ... state of the deposition ... state where deposition took place
usct_pension_files\I_J\Jenkins Adam Civil War Pension.pdf,10158,Stu-art Point,other,,,,,53,location of marriage and residence
usct_pension_files\I_J\Jenkins Adam Civil War Pension.pdf,10163,Stuart Point | Stuart point,other,,beaufort,south carolina,,"52, 62, 68, 70, 72",location of death ... place where the couple lived ... location where deponent lives ... where Esau Nelson lives ... place where Susan Gillison was born and raised ... residence of the deponent
usct_pension_files\I_J\Jenkins Adam Civil War Pension.pdf,10165,Hilton Head,town,hilton head,beaufort,south carolina,,"50, 52",location mentioned as a reference ... location where husband was stationed in the army
usct_pension_files\I_J\Jenkins Adam Civil War Pension.pdf,10170,army,military_post,,,,,59,location where soldiers served
usct_pension_files\I_J\Jenkins Adam Civil War Pension.pdf,10173,Sea brook,town,,,south carolina,,49,place where Adam Jenkins belonged to Mr. Seabrook
usct_pension_files\I_J\Jenkins Adam Civil War Pension.pdf,10174,Cavalry church,church,,,south carolina,,49,church where the marriage was conducted
usct_pension_files\I_J\Jenkins Adam Civil War Pension.pdf,10178,Jacksonville,city,jacksonville,duval,florida,,"50, 54, 55, 60",place where Adam Jenkins returned after service ... location referenced as where husband was transferred from ... the city husband was in before he got sick ... location where Adam Jenkins was missed ... place where Adam Jenkins was seen as a cook
usct_pension_files\I_J\Jenkins Adam Civil War Pension.pdf,10180,Stewart Point,other,,,,,50,mentioned in marriage context
usct_pension_files\I_J\Jenkins Adam Civil War Pension.pdf,10181,Port Royal Island | Port Royal island,other,,beaufort,south carolina,,"50, 55, 62",location referenced in marriage context ... residence of the witness ... region containing Stuart Point and Seabrook ... described in relation to Stuart Point and Seabrook
usct_pension_files\I_J\Jenkins Adam Civil War Pension.pdf,10187,Lands End,other,,,,,50,location referenced in the context of soldier's deployment
usct_pension_files\I_J\Jenkins Adam Civil War Pension.pdf,10193,Baldwin,town,baldwin,,florida,,58,location related to military movement
usct_pension_files\I_J\Jenkins Adam Civil War Pension.pdf,10194,Magnolia,town,magnolia,,florida,,58,location related to military movement
usct_pension_files\I_J\Jenkins Adam Civil War Pension.pdf,10198,New Seabrook | Seabrook,town,new seabrook,beaufort,south carolina,,"55, 60, 62",location of deposition ... place where Adam Jenkins was raised
usct_pension_files\I_J\Jenkins Adam Civil War Pension.pdf,10203,St Johns river,other,,,florida,,55,location where soldier experienced health issues
usct_pension_files\I_J\Jenkins Adam Civil War Pension.pdf,10207,Jany,,,,,,69,reference to a month
usct_pension_files\I_J\Jenkins Adam Civil War Pension.pdf,10208,April,,,,,,69,reference to a month
usct_pension_files\I_J\Jenkins Adam Civil War Pension.pdf,10209,winter,,,,,,69,reference to a season
usct_pension_files\I_J\Jenkins Adam Civil War Pension.pdf,10210,4 day of Jany,,,,,,69,date of deposition
usct_pension_files\I_J\Jenkins Adam Civil War Pension.pdf,10217,Seabrook place,plantation,,,,,"68, 72",location of the church where claimant was married ... location associated with the marriage of Susan Hayward
usct_pension_files\I_J\Jenkins Adam Civil War Pension.pdf,10218,Adam Jenkins' Place,plantation,,,,,73,location where Adam Jenkins and Susan lived together
usct_pension_files\I_J\Jenkins Adam Civil War Pension.pdf,10226,Parris Island,military_post,,,south carolina,,60,location where Isaac Williams lives
usct_pension_files\I_J\Jenkins Adam Civil War Pension.pdf,10231,Pinckney Island,other,,,,,62,birthplace of Adam Jenkins
usct_pension_files\I_J\Jenkins Adam Civil War Pension.pdf,10234,"Calvary Church, Seabrook",church,,beaufort,south carolina,,62,location of marriage between Susan Gillison and Adam Jenkins
usct_pension_files\I_J\Jenkins Adam Civil War Pension.pdf,10248,Calvary Church,church,,,,,72,location where Susan Hayward was married
usct_pension_files\I_J\Jenkins Adam Civil War Pension.pdf,10250,Montgomery,other,,,,,72,regiment that Adam Jenkins served in
usct_pension_files\I_J\Jenkins Adam Civil War Pension.pdf,10069,--,other,,,,,11,document heading
usct_pension_files\I_J\Jenkins Adam Civil War Pension.pdf,10070,--,other,,,,,13,pensioner's property value assessment
usct_pension_files\I_J\Jenkins Adam Civil War Pension.pdf,10081,--,country,,,,United States of America,19,overall country of the pension's jurisdiction
usct_pension_files\I_J\Jenkins Adam Civil War Pension.pdf,10097,--,other,,,,,4,transaction record
usct_pension_files\I_J\Jenkins Adam Civil War Pension.pdf,10098,--,other,,,,,4,transaction record
usct_pension_files\I_J\Jenkins Adam Civil War Pension.pdf,10099,--,other,,,,,4,transaction record
usct_pension_files\I_J\Jenkins Adam Civil War Pension.pdf,10100,--,other,,,,,4,transaction record
usct_pension_files\I_J\Jenkins Adam Civil War Pension.pdf,10101,--,other,,,,,4,transaction record
usct_pension_files\I_J\Jenkins Adam Civil War Pension.pdf,10102,--,other,,,,,4,transaction record
usct_pension_files\I_J\Jenkins Adam Civil War Pension.pdf,10120,--,,,,,,28,--
usct_pension_files\I_J\Jenkins Adam Civil War Pension.pdf,10129,--,,,,,,44,--
usct_pension_files\I_J\Jenkins Adam Civil War Pension.pdf,10148,--,,,,,,39,--
usct_pension_files\I_J\Jenkins Adam Civil War Pension.pdf,10166,--,other,,,,,23,post-office address for pension payment
usct_pension_files\I_J\Jenkins Adam Civil War Pension.pdf,10167,--,county,,,,,23,jurat location for deposition
usct_pension_files\I_J\Jenkins Adam Civil War Pension.pdf,10168,--,state,,,,,23,jurat location for deposition
usct_pension_files\I_J\Jenkins Adam Civil War Pension.pdf,10169,--,neighborhood,,,,,56,lived in same neighborhood with Adam Jenkins after discharge
usct_pension_files\I_J\Jenkins Adam Civil War Pension.pdf,10179,--,other,,,,,63,neighbor to Adam Jenkins after the war
usct_pension_files\I_J\Jenkins Adam Civil War Pension.pdf,10188,--,other,,,,,61,deponent's statement regarding marriage
usct_pension_files\I_J\Jenkins Adam Civil War Pension.pdf,10189,--,other,,,,,61,deponent's statement regarding marriage
usct_pension_files\I_J\Jenkins Adam Civil War Pension.pdf,10190,--,other,,,,,61,deponent's affirmation date
usct_pension_files\I_J\Jenkins Adam Civil War Pension.pdf,10211,--,other,,,,,71,"describes the health decline of Adam Jenkins, who was a neighbor"
usct_pension_files\I_J\Jenkins Adam Civil War Pension.pdf,10212,--,other,,,,,71,Evan Nelson was a neighbor to Adam Jenkins and visited him during his illness
usct_pension_files\I_J\Jenkins Adam Civil War Pension.pdf,10213,--,other,,,,,71,mentions the month of January when Adam Jenkins died
usct_pension_files\I_J\Jenkins Adam Civil War Pension.pdf,10265,--,other,,,,,75,family background information
usct_pension_files\I_J\Jenkins Adam Civil War Pension.pdf,10266,--,other,,,,,75,marriage information
usct_pension_files\I_J\Jenkins Adam Civil War Pension.pdf,10267,--,other,,,,,75,personal relationships
usct_pension_files\I_J\Jenkins Adam Civil War Pension.pdf,10268,--,other,,,,,75,declaration of lack of interest
usct_pension_files\I_J\Jenkins Adam Civil War Pension.pdf,10269,--,other,,,,,75,relation to claimants
usct_pension_files\I_J\Jenkins Adam Civil War Pension.pdf,10270,--,other,,,,,75,official statement
usct_pension_files\I_J\Jenkins Cain Civil War Pension Compressed.pdf,10228,Knoxville | Knoxville Pension Agency | Knoxville Tenn,city,knoxville,,tennessee,united states,"102, 107, 13, 175, 179, 190, 20, 208, 227, 233, 243, 245, 7",original roll location ... Original Roll: place of service ... Pension Agent's location ... location of United States Pension Agency ... payment location for pension ... location of the U.S. Bureau of Pensions ... location of the United States Pension Agent ... location of the pension agency where the claimant is enrolled ... location of pension agency ... agency where the subject is enrolled as a pensioner ... location of U.S. Pension Agent
usct_pension_files\I_J\Jenkins Cain Civil War Pension Compressed.pdf,10236,Morris Island,military_post,,,south carolina,,"12, 149, 151, 157, 225, 250, 55, 57, 59, 72, 75, 8, 87",location of injury during service ... location where soldier alleges frostbite injury ... location of military service incident ... location of injury during military service ... regiment's station ... location where injury occurred during service ... Location of injury while on duty. ... location of injury to soldier ... location where Jenkins was disabled ... location where soldier was injured ... location of injury incurred during military engagement
usct_pension_files\I_J\Jenkins Cain Civil War Pension Compressed.pdf,10237,"Beaufort | Beaufort County | Beaufort Co. | Beaufort Co | Beaufort County So-Car | Beaufort S. Car | Beaufort, S.C. | Beaufort S.C. | Beaufort S. C | Beaufort S. C. | Beaufort So-Car | Beaufort, S. C. | Beaufort So. Car | Beaufort So Car | Beaufort SC | Burton | Burton So. Carolina | Burton So-Car",city,beaufort,beaufort,south carolina,united states,"105, 109, 11, 110, 12, 125, 127, 129, 131, 133, 135, 137, 139, 141, 143, 145, 146, 149, 15, 151, 153, 155, 157, 159, 16, 160, 163, 164, 167, 169, 17, 174, 175, 18, 181, 182, 183, 185, 188, 189, 19, 190, 193, 195, 20, 205, 208, 209, 213, 214, 216, 218, 219, 22, 225, 226, 227, 228, 229, 230, 232, 233, 234, 235, 237, 238, 239, 24, 240, 241, 242, 243, 244, 245, 246, 247, 25, 250, 251, 253, 254, 255, 256, 257, 258, 259, 260, 261, 27, 29, 3, 31, 32, 33, 34, 35, 36, 38, 40, 42, 44, 46, 47, 49, 5, 50, 51, 52, 53, 55, 57, 6, 60, 62, 64, 65, 66, 67, 68, 70, 72, 73, 74, 75, 77, 78, 79, 80, 82, 83, 86, 87, 90, 92, 94, 95, 97, 98, 99","P.O. address for Cain Jenkins ... P.O. address for attorney C. A. Crofut ... address of guardian ... widow's residence ... location of hospital where claimant was sick ... location mentioned in soldier's service records ... County where the claimant resides ... address of W. H. Shepherd ... location of deposition ... county where the affidavit was executed ... residence of the deponent ... residence of witness W. H. Shepherd ... location of the affidavit ... location of the county where the guardian resides ... Address of W. H. Shepherd ... county where the affidavit was made ... location of Jericho ... County mentioned in the court certificate ... County of pension application ... city of enlistment and marriage ... location of death ... county where the declaration was made and where the claimant lives ... location where Cain Jenkins enlisted ... location of the county for the affidavit ... County of declaration ... Location of enlistment ... Place of marriage between soldier and mother of child ... Address of the claimant and location of post office ... location of affidavit ... residence of affiant W H Shephard ... location of marriage ceremony ... residence of witnesses Adam Fields and David Green ... county of the pension claimant ... residence of W. H. Shepherd ... location where marriage took place ... location of officiant ... location of hospital treatment for Priv. Cain Jenkins ... place of enlistment ... County of the affidavit ... City where the physician resides ... location of physician's practice ... county where the affidavit is signed ... county where the witness resides ... county of the notary's location ... -- ... location of medical evidence for pension claim ... location of attorney's address ... county of residence of the witness ... county where the affidavit was sworn ... location of doctor mentioned ... county where the affidavit is filed ... Post Office address of the claimant ... location where affidavit was sworn ... place of the Notary Public's certification ... location of post office for application ... county mentioned in the affidavit ... Post-Office address of the affiant ... Claimant's post-office address. ... Location of examination for disability claim. ... Claimant's address and birthplace ... county of the claimant's residence ... jurisdiction of the probate court ... County mentioned in the document. ... location of surgeon's certificate ... resident of Beaufort, applies for pension ... post-office address of the affiant ... location mentioned in the header of the letter ... hospital location where soldier was reported sick ... hospital location noted for soldier's return ... enrollment location for soldier ... hospital location for soldier during service ... location of attorney's office ... County mentioned in context of the claimant's address ... numerous mentions as residence and reference location for multiple individuals ... reference location for individual James White ... reference location for individual Jack Robinson and Jane Green ... reference for medical evidence by W. W. Brockinton, M.D. ... county where deposition took place ... location of the attorney writing the letter ... county where Jerico is located ... County of the claimant's address ... location of claimant's residence and affiants ... county of deposition ... Louisa Fields' post office location ... P.O. address of the applicant ... location of special examination for pension claim ... return address for the deponent ... P.O. address of deponent ... location of the addressee ... venue of deposition ... location of the widowed soldier's correspondence ... location from where the letter is sent ... soldier's location of correspondence ... address of the pensioner ... location of affiants for the claim ... present P.O. address for pension claim ... location of present P.O. address ... pensioner's address ... widow's post office address ... location of inquiry regarding pension case ... recipient's address ... location of Mr. Simon Grant's correspondence ... address of the widow ... designation of the county ... residence of witnesses and address of claimant ... county of residence of the claimant ... location mentioned as part of the claimant's post office address ... resident of Beaufort County ... applicant's address ... hospital treated in after injury ... County of the declarant's residence ... City of the declarant's residence and where the witnesses live ... Witness city ... location of attorney appointed in declaration ... residence of witness Cain Jenkins ... residence of witness Peter Pinchney ... resident of Beaufort, County of Beaufort ... County in which the declaration is made ... residential location of claimant ... county used for mailing address ... post-office address of claimant ... place of residence for claimant ... Claimant's post office and county location ... Claimant's post office and location of the pension application ... Claimant's county of residence ... location where the declaration was made ... subject's post-office address ... Claimant's place of residence ... Claimant's post office and location of pension filing ... Location of claimant's county while serving in the military ... residence and location of enlistment ... place of residence since leaving service ... Claimant's post office address ... Claimant's post office location and residence ... County of the claimant's residence ... Claimant's residence ... resident of Jericho, county of Beaufort ... post office address of the claimant ... P.O. where claimant lives ... County of claimant ... county of claimant's residence ... location of hospital where treated ... location of soldier's birthplace ... location of the widow's letter ... Location of the guardian Jonas S. Grant ... residence of affiant W.H. Shepherd ... Claimant's post office address. ... claimant's post office address ... location where the soldier enlisted ... location of marriage between Selena Jenkins and soldier ... claimed post office address ... location of Hospital No 6 ... location where the pension document was sent ... widow's location for correspondence ... location of the writer's address ... location of pension application ... residence of witnesses ... residence of H. Bee and Alfred White ... place of soldier's death ... Post office address for the claimant ... address of Simon Grant ... address of Adam Fields ... location where Cain Jenkins died ... residence of witness Caesar Jenkins ... residence of Simon Grant ... guardian's post office ... Claimant's address ... Residence of Caesar Jenkins ... Residence of the claimant ... Place of soldier's death ... residence of affiant Simon Grant ... Claimant's post office address ... pension claimant's post office address ... place of death of late pensioner ... resident of Burton ... location of claimant's guardian ... Claimant's P. O. address ... location of deposition ... Silvia Richardson's post office address ... Frank C. Garett's residence ... P.O. address of claimant ... address of the claimant ... address of the recipient ... location where vouchers were sent ... residence of Selena Jenkins ... location of soldier's death"
usct_pension_files\I_J\Jenkins Cain Civil War Pension Compressed.pdf,10243,South Carolina | S. C | So. Carolina | So Carolina | S. C.,state,,beaufort,south carolina,united states,"11, 127, 129, 131, 133, 135, 137, 143, 145, 155, 16, 18, 181, 19, 20, 21, 22, 225, 227, 228, 229, 230, 231, 232, 237, 238, 243, 245, 247, 25, 250, 256, 257, 26, 260, 28, 29, 31, 32, 34, 35, 36, 38, 4, 40, 42, 44, 46, 47, 49, 51, 52, 55, 57, 6, 60, 62, 64, 66, 67, 68, 80, 81, 84, 90, 92, 95","state of residence for claim ... State where the claimant resides ... state of the affidavit ... location of the notary public ... state where the affidavit was notarized ... abbreviation for the state ... jurisdiction of the affidavit ... absence of marriage records ... notarization of the affidavit ... the state where the claim is filed ... affidavit's jurisdiction ... State where the court certificate was issued ... State of pension application ... State indicated by S. Car ... part of the declaration's heading ... Declaration State ... state where the notary public, F. W. Klaren, is certified ... location of affidavit ... State of residence of the claimant ... state of the pension claimant ... location of the affidavit ... notary's official designation ... State of the affidavit ... state of the witness's residence ... -- ... state of residence of the witness ... state where the affidavit was sworn ... state where the affidavit is filed ... state certification by notary public ... state mentioned in the affidavit ... state mentioned in claim information ... geographic location of the declaration ... state reference in pension application ... location of the pension examination ... state of the claimant's residence ... state of the regiment's affiliation ... state of the regiment to which soldier belonged ... location of probate court ... Referenced as the state of the document. ... state where deposition took place ... state where the deposition took place ... location of deposition ... state where Jerico and Burton are located ... State where the claimant is located ... state of the deposition ... state of deposition ... state where Beaufort is located and pension claim is filed ... state of residence of the claimant ... the state where the pension claim is filed ... state of residence for Beaufort and parties involved ... notary public certification location ... state of domicile during application ... location of pension declaration ... post-office address of Cain Jenkins ... location of notarization by D. H. Bythewood ... subject's state of residence ... State of the claimant's residence ... State of claimant ... state of claimant's residence"
usct_pension_files\I_J\Jenkins Cain Civil War Pension Compressed.pdf,10244,United States,country,,,,united states,6,country of residence
usct_pension_files\I_J\Jenkins Cain Civil War Pension Compressed.pdf,10252,"Washington | WASHINGTON | Washington, D.C. | Washington, D. C. | Washington D.C. | Washington D. C.",city,washington,,district of columbia,united states,"109, 111, 112, 115, 116, 117, 118, 125, 149, 16, 161, 164, 166, 169, 177, 178, 179, 18, 181, 19, 191, 195, 197, 199, 201, 203, 205, 21, 210, 211, 213, 215, 217, 221, 223, 225, 226, 228, 230, 232, 239, 240, 241, 242, 243, 244, 245, 246, 249, 26, 28, 30, 34, 35, 39, 41, 43, 45, 46, 49, 53, 56, 58, 59, 61, 82, 83, 84, 86, 9, 90",location of filing ... location of the claim filed ... location of the law office that filed the case ... location of deposition ... filed by claimant ... location of affidavit execution ... location of document filing ... address of the person filing the claim ... pension claimant's attorney's office address ... location of the Surgeon General's Office ... location of attorney and claim filing ... location of the attorney's office ... location of the War Department ... location of the Commissioner of Pensions ... location of the Military Secretary's Office ... department mentioned as directing proceedings ... location of the Adjutant General's Office ... recipient of the information regarding the pension claim ... address of the Commissioner of Pensions ... location of the Bureau of Pensions ... location of pension Bureau ... addressed letter to the Commissioner of Pensions in Washington ... location of pension commissioner's office ... location of submission of affidavits ... addressed to the Hon Commissioner of Pensions ... location of the pension office ... address of the Honl. Commissioner of Pensions ... residence of affidavit signer ... location of Pension Bureau correspondence ... location of Disbursing Clerk ... location of pension claim ... location of correspondence ... location of attorneys ... location of attorney's office ... location of the attorneys ... location of claimant's attorneys ... location of solicitors of claims ... location where claimant's attorneys are based ... location of printing and sales office ... location of law offices ... location of the attorney representing the claimant ... location of the Pension Office ... Location of the recognized attorney ... location of the affidavit filing ... location of the attorney for the claim ... Location of attorney ... location of the War Department ... location of the Bureau of Pensions ... location of Bureau of Pensions ... location of pension claim processing ... location of communication with Commissioner of Pensions ... pension document signing location ... location of correspondence ... location of attorney ... address of the correspondent ... location of the seller ... place of printing and address for notary ... address of the filing company ... location of the Pension Agency where enrolled ... location of legal representation
usct_pension_files\I_J\Jenkins Cain Civil War Pension Compressed.pdf,10253,US | U.S.,country,,,,united states,"14, 166, 66",reference to the organization of the regiment ... citizen of the U. S. mentioned ... government body relevant to the pension claim
usct_pension_files\I_J\Jenkins Cain Civil War Pension Compressed.pdf,10254,U.S. A.,military_post,,,,,10,headquarters referenced in context of pension records
usct_pension_files\I_J\Jenkins Cain Civil War Pension Compressed.pdf,10255,Co. C. 34th U.S. C. Vol. Inf.,military_post,,,,,10,specific company of infantry mentioned in the request
usct_pension_files\I_J\Jenkins Cain Civil War Pension Compressed.pdf,10260,Jacksonville,city,jacksonville,duval,florida,united states,"229, 239, 247, 34, 5, 53, 82, 83",location of hospital where claimant was sick ... location of the soldier's honorable discharge ... location of hospital treatment for Priv. Cain Jenkins ... hospital location where soldier was reported sick ... hospital location for soldier and muster out location ... location of soldier's mustering out and desertion charge removal ... location where Cain Jenkins was discharged from military service ... location of honorable discharge
usct_pension_files\I_J\Jenkins Cain Civil War Pension Compressed.pdf,10262,Port Royal | Port Royal Island | Port Royal Sea Island,town,port royal,beaufort,south carolina,united states,"12, 225, 227, 229, 233, 24, 55, 57, 60, 68, 69, 84, 90, 92, 97",location mentioned in document regarding a pension claim ... location mentioned related to previous marriage ... residence of witness ... Post Office address for pension application ... residence of the witness ... residence of one of the deponents ... examining surgeon's address ... soldier's birthplace ... residence of Cain Jenkins ... location mentioned in context of physical condition ... residence of the claimant ... location where new disability occurred ... residence after leaving the service ... residence of claimant
usct_pension_files\I_J\Jenkins Cain Civil War Pension Compressed.pdf,10271,STAMPS | Stamps,city,stamps,,south carolina,,"126, 168, 173, 180, 184, 196, 200, 202, 204, 23, 85, 89",location of notary public ... location mentioned in the header of the document ... location noted in postal mark ... location mentioned in document title ... location of service or related document ... location mentioned in correspondence regarding a pension ... not specified ... location of pension application ... location mentioned in receipt ... -- ... location of pension office record
usct_pension_files\I_J\Jenkins Cain Civil War Pension Compressed.pdf,10295,MD,state,,,maryland,,4,abbreviation for the state
usct_pension_files\I_J\Jenkins Cain Civil War Pension Compressed.pdf,10296,VA | Virginia,state,,,virginia,united states,"237, 241, 242, 260, 4",abbreviation for the state ... the state where soldier served in the military ... location of the National Military Home ... location of the National Soldiers Home ... Location of National Soldiers Home
usct_pension_files\I_J\Jenkins Cain Civil War Pension Compressed.pdf,10297,W. VA,state,,,west virginia,,4,abbreviation for the state
usct_pension_files\I_J\Jenkins Cain Civil War Pension Compressed.pdf,10298,N. C,state,,,north carolina,,4,abbreviation for the state
usct_pension_files\I_J\Jenkins Cain Civil War Pension Compressed.pdf,10300,FLA | Florida,state,,,florida,,"229, 4",abbreviation for the state ... location of Jacksonville where discharge occurred
usct_pension_files\I_J\Jenkins Cain Civil War Pension Compressed.pdf,10301,GA | Georgia,state,,,georgia,,"131, 4",abbreviation for the state ... state where Allan lives
usct_pension_files\I_J\Jenkins Cain Civil War Pension Compressed.pdf,10302,ALA,state,,,alabama,,4,abbreviation for the state
usct_pension_files\I_J\Jenkins Cain Civil War Pension Compressed.pdf,10303,MISS,state,,,mississippi,,4,abbreviation for the state
usct_pension_files\I_J\Jenkins Cain Civil War Pension Compressed.pdf,10304,LA,state,,,louisiana,,4,abbreviation for the state
usct_pension_files\I_J\Jenkins Cain Civil War Pension Compressed.pdf,10305,TEX,state,,,texas,,4,abbreviation for the state
usct_pension_files\I_J\Jenkins Cain Civil War Pension Compressed.pdf,10306,KY,state,,,kentucky,,4,abbreviation for the state
usct_pension_files\I_J\Jenkins Cain Civil War Pension Compressed.pdf,10307,TENN,state,,,tennessee,,4,abbreviation for the state
usct_pension_files\I_J\Jenkins Cain Civil War Pension Compressed.pdf,10308,MO,state,,,missouri,,4,abbreviation for the state
usct_pension_files\I_J\Jenkins Cain Civil War Pension Compressed.pdf,10309,ARK,state,,,arkansas,,4,abbreviation for the state
usct_pension_files\I_J\Jenkins Cain Civil War Pension Compressed.pdf,10310,D. C | District of Columbia | D. C.,district,,,district of columbia,united states,"201, 4, 41, 46",abbreviation for the district ... location of filing ... territory where the attorney is located ... location of the pension office
usct_pension_files\I_J\Jenkins Cain Civil War Pension Compressed.pdf,10311,U.S.C.T | U.S.C.T.,other,,,,,"4, 88",referring to United States Colored Troops ... indication of military unit (United States Colored Troops)
usct_pension_files\I_J\Jenkins Cain Civil War Pension Compressed.pdf,10327,Jericho | Jerico,other,jericho,beaufort,south carolina,,"129, 133, 239, 29",birthplace of Elijah Jenkins ... residential location of the claimant ... location of deposition
usct_pension_files\I_J\Jenkins Cain Civil War Pension Compressed.pdf,10338,United States of America,country,,,,united states of america,"106, 37",general reference to the country ... country mentioned in the context of pension certification
usct_pension_files\I_J\Jenkins Cain Civil War Pension Compressed.pdf,10339,U.S. Pension Office | U.S. PENSION OFFICE | U. S. Pension Office | U. S. PENSION OFFICE,other,,,,,"101, 103, 35, 37, 41",location of pension application and processing ... location of the pension office related to the claim ... official office stamping the document ... location of pension records
usct_pension_files\I_J\Jenkins Cain Civil War Pension Compressed.pdf,10347,Sams Pt,town,,,south carolina,,18,place of birth of child
usct_pension_files\I_J\Jenkins Cain Civil War Pension Compressed.pdf,10362,Selena Jenkins,other,,,,,"40, 48",mentioned individual related to Elijah Jenkins ... Widow of soldier Cain Jenkins
usct_pension_files\I_J\Jenkins Cain Civil War Pension Compressed.pdf,10377,Southern Division,region,,,,,"41, 61",designated division of the pension case ... administrative division noted in document
usct_pension_files\I_J\Jenkins Cain Civil War Pension Compressed.pdf,10389,Surgeon General's Office,other,washington,,district of columbia,usa,54,location of the Record and Pension Division
usct_pension_files\I_J\Jenkins Cain Civil War Pension Compressed.pdf,10402,Iowa,state,,,iowa,united states,56,State mentioned in reference to a regiment
usct_pension_files\I_J\Jenkins Cain Civil War Pension Compressed.pdf,10410,County Court,court,,,,,63,Clerk of the County Court is referenced as part of the certification process
usct_pension_files\I_J\Jenkins Cain Civil War Pension Compressed.pdf,10430,Fort Johnson,military_post,,,south carolina,,"55, 57",location from which gunfire was received during military service ... military installation from which a cannon shot was fired
usct_pension_files\I_J\Jenkins Cain Civil War Pension Compressed.pdf,10442,James Island,other,,,south carolina,,"55, 59",location from which a cannon shot was fired ... location during military operations
usct_pension_files\I_J\Jenkins Cain Civil War Pension Compressed.pdf,10447,St Helena Island,other,,,south carolina,,59,regiment's station
usct_pension_files\I_J\Jenkins Cain Civil War Pension Compressed.pdf,10460,Savannah,city,savannah,chatham,georgia,,"128, 131, 139, 75, 76, 97","location of post office ... Post-office address of the Board. ... location of visit by child Elijah ... location mentioned in context of physical condition ... place of residence ... current residence of Cain's child, Allan"
usct_pension_files\I_J\Jenkins Cain Civil War Pension Compressed.pdf,10490,Fort Wagner | Ft. Wagner,military_post,,,south carolina,,"151, 157, 68",location of injury during service ... location where gun was to go on Fort that night ... location relevant to military action
usct_pension_files\I_J\Jenkins Cain Civil War Pension Compressed.pdf,10491,Charleston,city,charleston,,south carolina,,"113, 164, 237, 68",location of injury during service ... mentioned in passing ... location of communication ... location of honorable discharge
usct_pension_files\I_J\Jenkins Cain Civil War Pension Compressed.pdf,10494,S C Division,other,,,,,91,division reference in pension document
usct_pension_files\I_J\Jenkins Cain Civil War Pension Compressed.pdf,10504,COUNTY OF,county,,,,,93,not specified
usct_pension_files\I_J\Jenkins Cain Civil War Pension Compressed.pdf,10505,STATE OF,state,,,,,93,not specified
usct_pension_files\I_J\Jenkins Cain Civil War Pension Compressed.pdf,10506,N.J.,state,,,new jersey,,96,location of soldier's service
usct_pension_files\I_J\Jenkins Cain Civil War Pension Compressed.pdf,10544,May,other,,,,,106,date of commencement of pension ... date of document
usct_pension_files\I_J\Jenkins Cain Civil War Pension Compressed.pdf,10551,USCI,other,,,,,121,military designation
usct_pension_files\I_J\Jenkins Cain Civil War Pension Compressed.pdf,10558,Simons Grant Gdn,other,,,,,110,Location related to the claim
usct_pension_files\I_J\Jenkins Cain Civil War Pension Compressed.pdf,10562,Jenkins,town,jenkins,,,,136,mentioned in relation to a statement
usct_pension_files\I_J\Jenkins Cain Civil War Pension Compressed.pdf,10575,Co. C. 34th. Regt. U.S.C.T. Infantry,military_post,,,,,125,regiment associated with Cain Jenkins
usct_pension_files\I_J\Jenkins Cain Civil War Pension Compressed.pdf,10586,Jerico Point,other,,,,,129,place of residence
usct_pension_files\I_J\Jenkins Cain Civil War Pension Compressed.pdf,10606,Jinco,town,jinco,beaufort,south carolina,,131,location of deposition
usct_pension_files\I_J\Jenkins Cain Civil War Pension Compressed.pdf,10613,camp Hosptl,military_post,,,,,158,location of treatment for injured soldier
usct_pension_files\I_J\Jenkins Cain Civil War Pension Compressed.pdf,10625,John Smits place,plantation,,,,,151,location where the men first met
usct_pension_files\I_J\Jenkins Cain Civil War Pension Compressed.pdf,10633,Jersey City,city,jersey,hudson,new jersey,united states,170,location of subscription address
usct_pension_files\I_J\Jenkins Cain Civil War Pension Compressed.pdf,10640,U. S. PENSION,other,,,,,176,header of the document
usct_pension_files\I_J\Jenkins Cain Civil War Pension Compressed.pdf,10661,P. O. B. 61,other,,,,,186,return address for correspondence
usct_pension_files\I_J\Jenkins Cain Civil War Pension Compressed.pdf,10666,New Orleans,city,new orleans,orleans,louisiana,united states,179,location of the Assistant Treasurer U.S.
usct_pension_files\I_J\Jenkins Cain Civil War Pension Compressed.pdf,10667,Southern,region,,,,,192,indication of division's location
usct_pension_files\I_J\Jenkins Cain Civil War Pension Compressed.pdf,10676,Hilton Head,town,hilton head,,south carolina,,194,location of mother's death ... location of father's death
usct_pension_files\I_J\Jenkins Cain Civil War Pension Compressed.pdf,10701,U.S.C. Infantry,other,,,,,212,military unit referenced
usct_pension_files\I_J\Jenkins Cain Civil War Pension Compressed.pdf,10717,"NAT'L SOLDIERS HOME, VA.",military_post,,,virginia,,236,Location of pension attorney's office
usct_pension_files\I_J\Jenkins Cain Civil War Pension Compressed.pdf,10741,Mount Pleasant,town,mount pleasant,,south carolina,,225,location of honorable discharge
usct_pension_files\I_J\Jenkins Cain Civil War Pension Compressed.pdf,10746,S. Carolina,state,,,south carolina,,235,State where the declaration was made
usct_pension_files\I_J\Jenkins Cain Civil War Pension Compressed.pdf,10526,--,,,,,,100,--
usct_pension_files\I_J\Jenkins Cain Civil War Pension Compressed.pdf,10531,--,,,,,,104,--
usct_pension_files\I_J\Jenkins Cain Civil War Pension Compressed.pdf,10538,--,other,,,,,108,soldier identity
usct_pension_files\I_J\Jenkins Cain Civil War Pension Compressed.pdf,10552,--,,,,,,123,--
usct_pension_files\I_J\Jenkins Cain Civil War Pension Compressed.pdf,10553,--,,,,,,122,--
usct_pension_files\I_J\Jenkins Cain Civil War Pension Compressed.pdf,10555,--,,,,,,124,unmentioned
usct_pension_files\I_J\Jenkins Cain Civil War Pension Compressed.pdf,10561,--,,,,,,132,--
usct_pension_files\I_J\Jenkins Cain Civil War Pension Compressed.pdf,10569,--,,,,,,97,--
usct_pension_files\I_J\Jenkins Cain Civil War Pension Compressed.pdf,10587,--,plantation,,,,,129,adjoining plantation where witness was raised
usct_pension_files\I_J\Jenkins Cain Civil War Pension Compressed.pdf,10598,--,hospital,,,,,152,location where Jenkins was treated after his injury
usct_pension_files\I_J\Jenkins Cain Civil War Pension Compressed.pdf,10599,--,,,,,,154,--
usct_pension_files\I_J\Jenkins Cain Civil War Pension Compressed.pdf,10605,--,plantation,,,,,143,slaves on adjoining plantations
usct_pension_files\I_J\Jenkins Cain Civil War Pension Compressed.pdf,10612,--,,,,,,156,--
usct_pension_files\I_J\Jenkins Cain Civil War Pension Compressed.pdf,10634,--,other,,,,,172,application filing
usct_pension_files\I_J\Jenkins Cain Civil War Pension Compressed.pdf,10638,--,,,,,,171,application date
usct_pension_files\I_J\Jenkins Cain Civil War Pension Compressed.pdf,10639,--,,,,,,171,soldier's service record
usct_pension_files\I_J\Jenkins Cain Civil War Pension Compressed.pdf,10668,--,,,,,,187,--
usct_pension_files\I_J\Jenkins Cain Civil War Pension Compressed.pdf,10669,--,,,,,,187,--
usct_pension_files\I_J\Jenkins Cain Civil War Pension Compressed.pdf,10687,--,other,,,,,206,document title
usct_pension_files\I_J\Jenkins Cain Civil War Pension Compressed.pdf,10692,--,,,,,,207,--
usct_pension_files\I_J\Jenkins Cain Civil War Pension Compressed.pdf,10710,--,other,,,,,220,signature of official
usct_pension_files\I_J\Jenkins July Civil War Pension.pdf,4959,THE NATIONAL ARCHIVES,other,,,,,1,institution where documents are stored
usct_pension_files\I_J\Jenkins July Civil War Pension.pdf,4960,D 33 U.S.C Inf.,military_post,,,,,1,regiment of the soldier
usct_pension_files\I_J\Jenkins July Civil War Pension.pdf,4972,"Washington | Washington, D. C. | Washington D C | WASHINGTON, D. C. | Washington D.C. | Washington D. C. | Washington, D.C.",city,washington,,district of columbia,united states,"10, 103, 104, 107, 110, 111, 112, 113, 114, 115, 117, 12, 120, 121, 125, 127, 13, 136, 17, 18, 21, 3, 35, 38, 39, 45, 51, 56, 57, 59, 61, 63, 66, 67, 68, 70, 72, 81, 82, 83, 84, 85, 86, 90, 92, 94",location of filing ... location of the claimant's attorney ... location of the Record and Pension Office ... location of printed material reference ... location of printing and sale of documents ... location of the Bureau of Pensions ... location of Bureau of Pensions ... addressed to the Commissioner of Pensions ... location of attorneys for pension application ... possible reference to a location related to military or law divisions ... Post Office location ... location of attorney's interest transfer ... address of the attorney handling the pension claim ... location of Bureau of Pensions ... location of claim processing ... address of recognized attorney ... location of the claim filing ... address printed on document ... location of pension office ... location of claimant's attorneys ... location of the Record and Pension Office ... Address of the Commissioner of Pensions ... location of the Bureau of Pensions ... location of attorney's office ... location of claim submission ... location of pension application ... address of the claimant ... location of application for pension ... mentioned in relation to legal address ... location of the auditor's office ... Location of the Bureau of Pensions ... Location of rejection notice and legal reference
usct_pension_files\I_J\Jenkins July Civil War Pension.pdf,4973,"Beaufort | Beaufort Co. | Beaufort County | Beaufort Co | Beaufort Co. S. Car. | Beaufort, S. C. | Beaufort S.C. | Beaufort S-C | Beaufort S.C | Charleston | Charleston S.C. | Charleston S. C.",city,beaufort,beaufort,south carolina,united states,"10, 104, 107, 108, 11, 111, 121, 122, 123, 125, 127, 132, 134, 135, 136, 14, 17, 18, 19, 2, 20, 21, 22, 23, 24, 25, 26, 27, 28, 29, 3, 30, 31, 32, 33, 34, 35, 36, 37, 41, 42, 43, 44, 45, 46, 47, 48, 49, 50, 51, 52, 53, 54, 55, 56, 57, 59, 61, 63, 67, 68, 7, 70, 71, 72, 73, 75, 77, 8, 9","address of claimant's attorney ... location of claimant's address ... County where the affidavit was executed ... county of declaration ... county of claimant ... location mentioned in affidavit ... County of claimant ... Attorney's post office address ... county mentioned in affidavit ... county of residence of the claimant ... location of U. S. Claim Agent R. F. Greaves ... county of the affidavit ... location of filing for the pension claim ... county of jurisdiction for the declaration ... location of attorney's residence ... location of legal document ... location of attorney for pension claim ... residence of witnesses ... location of claim agent ... location of clerk of court ... county where the document was filed ... location of the pension attorney's office ... county where the affidavit was filed ... County of residence ... location of affidavit and claim ... location of Notary Public ... county mentioned in legal document ... location of the claimant's address ... county where the affidavit is taken ... soldier's birthplace ... County where the affidavit was sworn ... county of residence for July Jenkins ... location of the pension case filing ... location of the attorney filing documents ... county where the affidavit was made ... Post Office address of Dr. E. M. Pinckney ... location of claim filing ... notary public jurisdiction ... county mentioned where the affidavit takes place ... city where R. F. Greaves resides and works ... post office address of R. F. Greaves ... location of notary and attorney ... location of notary public seal ... post office location for examination ... mentioned as the county in the legal document ... location of the Notary Public ... mentioned as the city in the context of filing for pension ... Post office location for examination ... Company D, 33 Reg't U.S.C. Inf ... County of affidavit ... county mentioned in the context of the pension claim ... city where John Green is a resident ... county where the notary public is registered ... location of the claim and affidavit ... location of the U. S. C. Agent ... county of residence for Richard Haywood ... location of Dr. N. J. Kennedy ... location of the Secretary Dr. E M Pinckney ... location of the writer ... location of medical examination ... attorney's post office ... address of R. J. Greaves ... location of claim submission ... location of legal proceedings ... site of the official character verification ... location of R. F. Greaves and J. R. Rivers ... mentioned in reference to court documentation ... mentioned as the county of record ... location of the notary ... claimant's home ... county in which the court is located ... location of the Clerk's office ... Secretary of Board of Surgeons location ... location of examination by U.S. Examining Surgeons ... location of Doctor E. M. Pinckney ... County specified in the claimant's address ... Location of medical examination ... Attorney's postal address ... location mentioned in postal address ... recipient's address ... location mentioned in agreement ... Post Office address for John Green ... location of claimant's military regiment ... location of pension claim filing ... post-office address of claimant ... location of pension examination ... location where the claimant was discharged from military service ... location of soldier's honorable discharge ... location of discharge ... Address of Dr. E. F. Parker ... location of deposition ... location of discharge from military service"
usct_pension_files\I_J\Jenkins July Civil War Pension.pdf,4983,STAMPS | Stamps,town,stamps,,,,"109, 129, 15, 64, 69, 74, 87, 91, 93, 95",location of pension office or reference ... location of U.S. Pension Office ... location related to pension office ... location of pension filing ... pension document office location ... location mentioned in pension document ... location of U. S. Pension Office
usct_pension_files\I_J\Jenkins July Civil War Pension.pdf,4990,Port Royal | Port-Royal | Port Royal S-C,town,port royal,beaufort,south carolina,united states,"10, 11, 111, 120, 125, 126, 128, 134, 136, 17, 18, 19, 20, 22, 23, 24, 25, 26, 27, 30, 32, 34, 35, 36, 44, 50, 52, 54, 56, 57, 61, 65, 66, 7, 71, 8, 9, 92","residence of witnesses and claimant ... Residence of the physician providing the affidavit ... Post Office address of the physician ... post-office address of July Jenkins ... location of deposition ... physician's residence ... claimant's post office address ... resident and Post Office address ... residence of affiants ... Claimant's post office address ... town of residence of the claimant ... residence of witnesses Richard Haywood and Fred Brown ... claimed service location for July Jenkins ... residence of July Jenkins and stated post-office address ... post-office address of the claimant ... residential location of July Jenkins ... claimant's address ... Affiant's residence ... Post office address ... Residence of the claimant, July Jenkins ... Post Office address of July Jenkins ... Resident of Port Royal ... Claimant's post-office address ... Residence of the affiant, Frederick Brown ... town of residence for Richard Haywood ... location where postal card was sent ... location of pension claim submission ... P. O. Address of the claimant ... Post Office location ... residence of soldier ... location of soldier's death ... location mentioned in communication regarding a pension case ... address for Mr. July Jenkins ... home of July Jenkins ... Postal address mentioned ... claimant's post-office address"
usct_pension_files\I_J\Jenkins July Civil War Pension.pdf,4992,South Carolina | SOUTH CAROLINA | S C | S. C. | So. Car.,state,,,south carolina,united states,"10, 104, 107, 11, 12, 122, 132, 134, 136, 17, 18, 20, 21, 22, 23, 25, 28, 29, 30, 31, 32, 33, 34, 35, 36, 37, 42, 43, 44, 45, 46, 47, 48, 49, 50, 51, 54, 56, 65, 67, 68, 7, 72, 8, 9",state of residence for the notary public ... State where affidavit was made ... state of declaration ... notary public's state ... claimant's state of residence ... jurisdiction of the notary public ... state of operation ... jurisdiction of notary public ... State of claimant ... state of residence of the claimant ... mentioned in the certification ... jurisdiction of the declaration ... location of legal document ... state where the document is from ... state of residence of the affiant ... State of residence ... location of affidavit ... state mentioned in legal document ... Jurisdiction of the document ... state of residence for July Jenkins ... jurisdiction of the pension document ... location where the affidavit was made ... state of claim filing ... state of residence for the legal affidavit ... mentioned as the state in the legal document ... State of affidavit ... state where the pension claim is filed ... state of origin for the claimant ... part of the official declaration and affidavit ... location of pension claim ... mention of the state in the address ... state referenced in the claim regarding a notary's appointment ... state where the official document is filed ... state where the claimant resides ... mentioned in a list of states ... state of location ... abbreviation for the state mentioned ... state of residence for claimant ... jurisdiction mentioned in certificate ... state mentioned in the address ... Abbreviation included in the claimant's address
usct_pension_files\I_J\Jenkins July Civil War Pension.pdf,5032,Hunting Isl S.C,other,,,south carolina,,27,location mentioned in correspondence
usct_pension_files\I_J\Jenkins July Civil War Pension.pdf,5066,Ladies Island,other,,beaufort,south carolina,,28,residence of the affiant ... post office address of the affiant
usct_pension_files\I_J\Jenkins July Civil War Pension.pdf,5071,Huney Hill,battlefield,,,,,30,Location of injury during battle
usct_pension_files\I_J\Jenkins July Civil War Pension.pdf,5072,Savannah,city,savannah,,georgia,,"30, 32, 44, 50",Location of dental procedure leading to injury ... Location where affiant suffered an injury ... Location of medical incident involving claimant ... location where July Jenkins received dental treatment
usct_pension_files\I_J\Jenkins July Civil War Pension.pdf,5078,"Augusta | Augusta, Ga.",city,augusta,richmond,georgia,united states,"38, 39",location where the soldier was during service ... location where soldier was absent with the regiment
usct_pension_files\I_J\Jenkins July Civil War Pension.pdf,5100,Honey Hill,region,,,south carolina,,"32, 44, 50",Location where affiant suffered an injury ... Location where claimant received a blow to the head ... site of injury to July Jenkins
usct_pension_files\I_J\Jenkins July Civil War Pension.pdf,5102,Georgia,state,,,georgia,,"111, 32, 56",State where Savannah is located ... mentioned in a list of states ... State mentioned in legal filing
usct_pension_files\I_J\Jenkins July Civil War Pension.pdf,5154,U. S. PENSION OFFICE | U.S. Pension Office,other,,,,,"105, 131, 62",location of pension documentation ... location of pension office processing
usct_pension_files\I_J\Jenkins July Civil War Pension.pdf,5181,U.S.C.T. Vols,military_post,,,,,79,regiment's designation
usct_pension_files\I_J\Jenkins July Civil War Pension.pdf,5194,U. S. C. T. | U.S.C.T.,other,,,,,"118, 78",military unit identification ... regiment designation for Union Colored Troops
usct_pension_files\I_J\Jenkins July Civil War Pension.pdf,5195,Pension U S OFFICE,other,,,,,78,office where claim was sent
usct_pension_files\I_J\Jenkins July Civil War Pension.pdf,5201,Ozl,other,,,,,96,invalid number reference
usct_pension_files\I_J\Jenkins July Civil War Pension.pdf,5203,Department of the Interior,other,,,,,98,bureau handling the pension claim
usct_pension_files\I_J\Jenkins July Civil War Pension.pdf,5207,213 East Capitol Street,street,washington,,district of columbia,united states,92,mailing address of the applicant
usct_pension_files\I_J\Jenkins July Civil War Pension.pdf,5209,South,region,,,,,102,appears in the header/subject line
usct_pension_files\I_J\Jenkins July Civil War Pension.pdf,5211,Southern Division,region,,,,,"101, 97",reference to a division within the Bureau of Pensions ... noted as part of military review process
usct_pension_files\I_J\Jenkins July Civil War Pension.pdf,5213,USC,other,,,,,97,part of military designation
usct_pension_files\I_J\Jenkins July Civil War Pension.pdf,5215,O.,,,,,,106,--
usct_pension_files\I_J\Jenkins July Civil War Pension.pdf,5224,Virginia,state,,,virginia,,56,mentioned in relation to medical history
usct_pension_files\I_J\Jenkins July Civil War Pension.pdf,5225,West Virginia,state,,,west virginia,,56,mentioned in relation to legal and claim processes
usct_pension_files\I_J\Jenkins July Civil War Pension.pdf,5226,North Carolina,state,,,north carolina,,56,mentioned in a list of states
usct_pension_files\I_J\Jenkins July Civil War Pension.pdf,5228,Florida,state,,,florida,,56,mentioned in a list of states
usct_pension_files\I_J\Jenkins July Civil War Pension.pdf,5230,Alabama,state,,,alabama,,"111, 56",mentioned in a list of states ... State mentioned in legal filing
usct_pension_files\I_J\Jenkins July Civil War Pension.pdf,5231,Mississippi,state,,,mississippi,,"111, 56",mentioned in a list of states ... State mentioned in legal filing
usct_pension_files\I_J\Jenkins July Civil War Pension.pdf,5232,Louisiana,state,,,louisiana,,"111, 56",mentioned in a list of states ... State mentioned in legal filing
usct_pension_files\I_J\Jenkins July Civil War Pension.pdf,5233,Texas,state,,,texas,,"111, 56",mentioned in a list of states ... State mentioned in legal filing
usct_pension_files\I_J\Jenkins July Civil War Pension.pdf,5234,Kentucky,state,,,kentucky,,"111, 56",mentioned in a list of states ... State mentioned in legal filing
usct_pension_files\I_J\Jenkins July Civil War Pension.pdf,5235,Tennessee,state,,,tennessee,,"111, 56",mentioned in a list of states ... State mentioned in legal filing
usct_pension_files\I_J\Jenkins July Civil War Pension.pdf,5236,Missouri,state,,,missouri,,"111, 56",mentioned in a list of states ... State mentioned in legal filing
usct_pension_files\I_J\Jenkins July Civil War Pension.pdf,5237,Arkansas,state,,,arkansas,,"111, 56",mentioned in a list of states ... State mentioned in legal filing
usct_pension_files\I_J\Jenkins July Civil War Pension.pdf,5242,U. S.,country,,,,united states,116,related to pension office
usct_pension_files\I_J\Jenkins July Civil War Pension.pdf,5251,Williamson,other,,,,,"111, 119",examiner's name ... Executor mentioned in correspondence
usct_pension_files\I_J\Jenkins July Civil War Pension.pdf,5255,U.S. Pension Bureau,other,,,,,118,institution involved in pension claim processing
usct_pension_files\I_J\Jenkins July Civil War Pension.pdf,5261,So Ca,state,,,south carolina,,121,mentioned as the state of record
usct_pension_files\I_J\Jenkins July Civil War Pension.pdf,4971,--,other,,,,,4,referring to articles of agreement
usct_pension_files\I_J\Jenkins July Civil War Pension.pdf,5133,--,other,,,,,60,instruction for examining surgeon
usct_pension_files\I_J\Jenkins July Civil War Pension.pdf,5134,--,,,,,,58,--
usct_pension_files\I_J\Jenkins July Civil War Pension.pdf,5193,--,,,,,,89,--
usct_pension_files\I_J\Jenkins July Civil War Pension.pdf,5210,--,,,,,,100,--
usct_pension_files\I_J\Jenkins July Civil War Pension.pdf,5252,--,,,,,,119,--
usct_pension_files\I_J\Jenkins July Civil War Pension.pdf,5267,--,military_post,,,,,124,regiment's station
usct_pension_files\I_J\Jenkins July Civil War Pension.pdf,5268,--,other,,,,,124,review board processing
usct_pension_files\I_J\Jenkins July Civil War Pension.pdf,5270,--,,,,,,133,--
usct_pension_files\I_J\Jenkins July Civil War Pension.pdf,5279,--,other,,,,,137,general instructions for examination procedure
usct_pension_files\I_J\Jenkins July Civil War Pension.pdf,5289,--,,,,,,130,--
usct_pension_files\I_J\Jenkins July Civil War Pension.pdf,5290,--,,,,,,130,--
usct_pension_files\I_J\Jenkins July Civil War Pension.pdf,5291,--,,,,,,130,--
usct_pension_files\I_J\Jenkins July Civil War Pension.pdf,5292,--,,,,,,130,--
usct_pension_files\I_J\Jenkins July Civil War Pension.pdf,5293,--,,,,,,130,--
usct_pension_files\I_J\Jenkins July Civil War Pension.pdf,5294,--,,,,,,130,--
usct_pension_files\I_J\Jenkins July Civil War Pension.pdf,5295,--,,,,,,130,--
usct_pension_files\I_J\Jenkins July Civil War Pension.pdf,5296,--,,,,,,130,--
usct_pension_files\I_J\Jenkins July Civil War Pension.pdf,5297,--,,,,,,130,--
usct_pension_files\I_J\Johnson Alexander Civil War Pension.pdf,10816,U. S. PENSION OFFICE,other,,,,,6,location of pension record
usct_pension_files\I_J\Johnson Alexander Civil War Pension.pdf,10817,"Washington | Washington, D. C. | Washington, D.C. | Washington D C | Washington D. C.",city,washington,,district of columbia,united states,"11, 13, 16, 19, 23, 29, 3, 31, 7, 8",location of publisher ... location of the U. S. Pension Office ... location of the address of the publishing company ... location of Bureau of Pensions ... location of Record and Pension Office ... address of recognized attorney ... location of printing company ... location of the Bureau of Pensions ... location of attorney
usct_pension_files\I_J\Johnson Alexander Civil War Pension.pdf,10818,"Beaufort | Beaufort County | Beaufort Co | Beaufort, So. Ca. | Beaufort South Carolina | Beaufort S.C. | Beaufort SC | Beaufort S.C",city,beaufort,beaufort,south carolina,,"11, 12, 13, 14, 15, 16, 17, 18, 2, 20, 21, 22, 23, 24, 25, 26, 27, 28, 29, 3, 30, 31, 32, 33, 34, 35, 36, 37, 38, 39, 4, 40",location of claim and attorney's address ... location mentioned in relation to soldier's application ... location of the claimant ... claimant's town of residence ... county of residence for the claimant ... claimant's post office address ... county of claimant ... location of notary public ... Claimant's residence and location of deposition ... County mentioned in the context of the claimant's affidavit ... claimant's residence ... location mentioned as part of claim ... location of post office ... county of jurisdiction for the legal document ... location of the physician's practice and personal residence ... post office location for the claimant ... Jurisdiction of the affidavit ... Location where testimony was written ... Claimant's place of residence and birthplace ... Claimant's county of birth ... county mentioned in legal declaration ... location of affidavit and citizen's residence ... location of the affidavit ... location of pension filing ... Claimant's post office and residence ... County where claimant resides ... residence of affiants ... county jurisdiction for legal documentation ... location of the physician and soldier's residence ... Post-Office address of the physician ... residence of witness R. D. Taylor ... address of claimant Alexander Johnson ... filed by E. A. Crofut ... place of residence of soldier and attorney ... county where the declaration was made ... city mentioned in relation to attorney's appointment ... city where the post-office address is located ... location of surgeon's examination for pension ... residence of the claimant ... location of surgery ... location of affidavit filing ... soldier's birthplace ... Claimant's post-office address ... residence of witnesses ... Post-office address of the Board ... Location of the claimant's examination
usct_pension_files\I_J\Johnson Alexander Civil War Pension.pdf,10824,Jacksonville,city,jacksonville,,florida,,"33, 9",location of discharge ... location of honorable discharge from military service
usct_pension_files\I_J\Johnson Alexander Civil War Pension.pdf,10825,United States,country,,,,united states,"21, 23, 5",country where the pension agency operates ... country reference in pension document ... country relevant to pension case
usct_pension_files\I_J\Johnson Alexander Civil War Pension.pdf,10826,Knoxville,city,knoxville,knox,tennessee,united states,"41, 5",location of the postmark on the document ... Original roll location for soldier
usct_pension_files\I_J\Johnson Alexander Civil War Pension.pdf,10834,South Carolina | So Carolina | S. C.,state,,,south carolina,united states,"12, 13, 14, 16, 20, 22, 23, 26, 28, 31, 32, 33, 38, 4, 40, 7",state in which the soldier's claim was filed ... the state where Alexander Johnson served ... state of claimant ... state of residence for the notary public ... State jurisdiction where the affidavit was executed ... state of the affiant's residency and battle locations ... state of jurisdiction for the legal document ... state where affidavit was filed ... state mentioned in the affidavit ... State of residence of the claimant ... state where affidavit and certification take place ... state where the declaration was made ... state where the examination took place ... state of declaration ... location mentioned in relation to attorney
usct_pension_files\I_J\Johnson Alexander Civil War Pension.pdf,10838,War Department,other,,,,,7,addressed to Chief of the Record and Pension Office
usct_pension_files\I_J\Johnson Alexander Civil War Pension.pdf,10845,Morris Island,battlefield,,,south carolina,,2,location where the soldier served
usct_pension_files\I_J\Johnson Alexander Civil War Pension.pdf,10846,So Ca,state,,,south california,,"17, 2, 30",state of residence for the claimant ... State mentioned in the context of the document ... state mentioned in legal declaration
usct_pension_files\I_J\Johnson Alexander Civil War Pension.pdf,10860,Honey Hill,battlefield,,,south carolina,,"14, 22",site of injury during battle ... location of engagement mentioned in relation to Alexander Johnson
usct_pension_files\I_J\Johnson Alexander Civil War Pension.pdf,10861,Boyd's Landing | Boyds Landing,battlefield,,,south carolina,,"14, 22",site of engagement during service ... location of engagement mentioned in relation to Alexander Johnson
usct_pension_files\I_J\Johnson Alexander Civil War Pension.pdf,10869,Briar Thicket Port Royal Isl S.C.,other,port royal,,south carolina,united states,19,place of former wife's death
usct_pension_files\I_J\Johnson Alexander Civil War Pension.pdf,10870,Port Royal | Port Royal Island,town,port royal,beaufort,south carolina,united states,"19, 30, 33",location mentioned in wife's death ... location of resident mentioned in legal declaration ... island where the claimant resides
usct_pension_files\I_J\Johnson Alexander Civil War Pension.pdf,10873,Carteret,county,,carteret,north carolina,,21,county where claim is filed
usct_pension_files\I_J\Johnson Alexander Civil War Pension.pdf,10874,North Carolina | N. C.,state,,,north carolina,,"21, 40",state where claim is filed ... location mentioned in relation to attorney
usct_pension_files\I_J\Johnson Alexander Civil War Pension.pdf,10910,St Helena,,,,,,34,residence of witness Sharper Rivers
usct_pension_files\I_J\Johnson Alexander Civil War Pension.pdf,10939,Mount Pleasant,town,mount pleasant,,south carolina,,28,discharge location
usct_pension_files\I_J\Johnson Alexander Civil War Pension.pdf,10940,White Pine,other,,,georgia,,28,location of new disabilities incurred
usct_pension_files\I_J\Johnson Alexander Civil War Pension.pdf,10941,St. Simon's,other,,,georgia,,28,location of new disabilities incurred
usct_pension_files\I_J\Johnson Alexander Civil War Pension.pdf,10942,Fort Mc. Allister,military_post,,,georgia,,28,location of capture
usct_pension_files\I_J\Johnson Alexander Civil War Pension.pdf,10943,Savannah,city,savannah,,georgia,,28,nearby city during siege
usct_pension_files\I_J\Johnson Alexander Civil War Pension.pdf,10947,MD,state,,,maryland,,40,location mentioned in relation to attorney
usct_pension_files\I_J\Johnson Alexander Civil War Pension.pdf,10948,VA,state,,,virginia,,40,location mentioned in relation to attorney
usct_pension_files\I_J\Johnson Alexander Civil War Pension.pdf,10949,W. VA,state,,,west virginia,,40,location mentioned in relation to attorney
usct_pension_files\I_J\Johnson Alexander Civil War Pension.pdf,10953,FLA,state,,,florida,,40,location mentioned in relation to attorney
usct_pension_files\I_J\Johnson Alexander Civil War Pension.pdf,10954,GA,state,,,georgia,,40,location mentioned in relation to injuries and testimony
usct_pension_files\I_J\Johnson Alexander Civil War Pension.pdf,10955,ALA,state,,,alabama,,40,location mentioned in relation to testimony
usct_pension_files\I_J\Johnson Alexander Civil War Pension.pdf,10956,MISS,state,,,mississippi,,40,location mentioned in relation to attorney
usct_pension_files\I_J\Johnson Alexander Civil War Pension.pdf,10957,LA,state,,,louisiana,,40,location mentioned in relation to attorney
usct_pension_files\I_J\Johnson Alexander Civil War Pension.pdf,10958,TEX,state,,,texas,,40,location mentioned in relation to attorney
usct_pension_files\I_J\Johnson Alexander Civil War Pension.pdf,10959,KY,state,,,kentucky,,40,location mentioned in relation to attorney
usct_pension_files\I_J\Johnson Alexander Civil War Pension.pdf,10960,TENN,state,,,tennessee,,40,location mentioned in relation to attorney
usct_pension_files\I_J\Johnson Alexander Civil War Pension.pdf,10961,MO,state,,,missouri,,40,location mentioned in relation to attorney
usct_pension_files\I_J\Johnson Alexander Civil War Pension.pdf,10962,ARK,state,,,arkansas,,40,location mentioned in relation to attorney
usct_pension_files\I_J\Johnson Alexander Civil War Pension.pdf,10963,D. C.,district,,,district of columbia,,40,location mentioned in relation to attorney
usct_pension_files\I_J\Johnson Alexander Civil War Pension.pdf,10964,U.S.C.T.,other,,,,,40,designation related to United States Colored Troops
usct_pension_files\I_J\Johnson Alexander Civil War Pension.pdf,10835,--,military_post,,,,,10,service record
usct_pension_files\I_J\Johnson Alexander Civil War Pension.pdf,10836,--,military_post,,,,,10,additional service record
usct_pension_files\I_J\Jones Jacob Civil War Pension.pdf,5283,Beaufort | Beaufort Co | Beaufort County | Beaufort (Chaplin) | Beaufort Co S.C. | Beaufort / Edgerly Plantation | Beaufort So Ca | Beaufort S. C. | Beaufort S.C.,city,beaufort,beaufort,south carolina,united states,"10, 11, 12, 13, 14, 15, 17, 18, 2, 20, 21, 22, 23, 25, 26, 27, 28, 29, 3, 30, 31, 32, 33, 34, 35, 39, 41, 42, 46, 49, 5, 51, 53, 55, 56, 57, 59, 6, 60, 64, 66, 7, 8, 9",location of pensioner's death ... Claimant's residence and attorney's address ... pension recipient's postal address ... claimant's post office and soldier's residence ... location mentioned as claimant's residence ... location of the affiant's residence ... county where the declaration was made ... city of residence and attorney's location ... location of the affidavit ... location where Jacob Jones enlisted ... county of residence ... citizen of the town ... County mentioned as part of affidavit ... Location where testimony was recorded ... County of the claimant and where the affidavit was executed ... Post Office address of Susan Jones ... Location where affidavit was written ... soldier's birthplace ... county where the pension claim is filed ... location of the notary public and where Susan Jones appeared ... Susan Jones's post office address ... location mentioned in official capacity ... location of filing and official acts ... stamped location on document ... County where the pension claim is filed ... filing location for pension application ... location of the Clerk of Circuit Court ... location of filed evidence ... place where affidavit was written ... location of the pension notary ... county mentioned in affidavit ... county referenced for post office address ... location of pension claim and affiants' residence ... location of Susan Jones' residence ... location where witnesses testified ... location of pension document certification ... location where the pension notary resides ... location where affidavit was written ... county where Robert Goodwin resides and sees the parties ... Post-Office address of the affiants ... location of the office of the Special Examiner ... location of destruction of discharge papers ... post office address of claimant ... location of claimant ... location of deposition ... location where the affidavit was written ... county of plantation location ... Claimant's address ... location of application filed ... used as a mailing address for attorney ... location of deposition for pension claim ... location of pension affidavit ... location of the claimant ... location of claimant's service ... location of notary
usct_pension_files\I_J\Jones Jacob Civil War Pension.pdf,5298,Knoxville,city,knoxville,,tennessee,,"2, 5",location of pension agency ... location of pension approval
usct_pension_files\I_J\Jones Jacob Civil War Pension.pdf,5300,Red House Plantation | Red House | Red House plantation,plantation,port royal,beaufort,south carolina,,"2, 7, 9",location where pension recipient lives ... location where marriage took place ... location where the claimant lived with her owner
usct_pension_files\I_J\Jones Jacob Civil War Pension.pdf,5301,South Carolina | S. C.,state,,,south carolina,united states,"10, 11, 13, 14, 15, 17, 2, 21, 22, 25, 26, 27, 32, 35, 36, 37, 39, 46, 51, 53, 59, 7, 8, 9",state mentioned as the residence of the pension recipient ... location of the affiant's case certification ... state where the declaration was made ... location of the affidavit ... State mentioned as part of affidavit ... State mentioned in affidavit ... state where the affidavit was made ... jurisdiction of document ... State mentioned in the pension claim ... mentioned in the jurisdiction ... state of the affidavit ... state of residence and service ... location of pension claim ... state where deposition took place ... state of residence for the affidavit ... mentioned in relation to pension case ... state where affidavit is sworn ... relevant to the pension claim and location of the deposition ... location of deposition ... for births children ev. file
usct_pension_files\I_J\Jones Jacob Civil War Pension.pdf,5313,"Washington | Washington, D. C.",city,washington,,district of columbia,united states,"10, 16, 18, 19, 22, 26, 42, 64, 8",location of claimant's solicitor ... address of the record and pension office ... location of document signature ... location of printing and sales ... location of the printing company ... address of the Commissioner of Pensions ... location of the publisher of the document ... location of printed materials ... location of the notary's address ... location to address correspondence
usct_pension_files\I_J\Jones Jacob Civil War Pension.pdf,5315,Illinois,state,,,illinois,,16,state where the regiment was raised
usct_pension_files\I_J\Jones Jacob Civil War Pension.pdf,5332,Port Royal | Port Royal Island | Port Royal Island S.C.,island,,beaufort,south carolina,,"13, 23, 31, 7, 8",island of residence for Mrs Susan Jones ... residence of witnesses ... Residence of the claimant Susan Jones ... residence of the affiants ... location of Edgerly Plantation
usct_pension_files\I_J\Jones Jacob Civil War Pension.pdf,5333,Camp Saxton,military_post,near beaufort,beaufort,south carolina,,7,place where Jacob Jones enlisted
usct_pension_files\I_J\Jones Jacob Civil War Pension.pdf,5338,Edgerly | Edgerly Plantation | Edgerly plantation | Edgerly (Red House),town,edgerly,beaufort,south carolina,,"23, 29, 33, 35, 38, 41, 46, 49, 59, 9",location mentioned where the claimant resides ... location where Jacob Jones died ... location where Jacob and Susan Jones lived and where Susan Jones currently resides ... residence of witness ... residence of widow after soldier's death ... place of soldier's death ... location of special examination for pension claim ... settlement where Susan Jones lives ... plantation where soldier was enslaved ... location where deposition took place ... place where Robert Goodwin lived nearly all his life ... plantation where Susan Jones lived with her children and operated a small farm
usct_pension_files\I_J\Jones Jacob Civil War Pension.pdf,5339,Mitchell H'q,other,,,south carolina,,9,location of claimant's birthplace
usct_pension_files\I_J\Jones Jacob Civil War Pension.pdf,5340,Coosawhatchie,other,,,south carolina,,9,region near claimant's birthplace
usct_pension_files\I_J\Jones Jacob Civil War Pension.pdf,5342,Grey's Hill plantation,plantation,,,south carolina,,9,birthplace of Jacob Jones
usct_pension_files\I_J\Jones Jacob Civil War Pension.pdf,5373,STAMPS,town,stamps,,,,"24, 50, 58",location of U.S. Pension Office ... location mentioned in the deposition ... location where the deposition was conducted
usct_pension_files\I_J\Jones Jacob Civil War Pension.pdf,5387,Beauford,church,,,,,23,location of church clerk Robt Frazier
usct_pension_files\I_J\Jones Jacob Civil War Pension.pdf,5398,Savannah,city,savannah,chatham,georgia,united states,"25, 27, 44, 48",where Elizabeth went to earn a living ... location of daughter trying to make a living ... location where daughter Elizabeth has been living ... location of daughter Elizabeth
usct_pension_files\I_J\Jones Jacob Civil War Pension.pdf,5414,Charleston,city,charleston,charleston,south carolina,united states,"37, 38, 44, 48, 62",location related to medical assistance from local doctors ... location where soldier was treated in hospital ... location where son William is working ... location of son William's work ... location of rock mines where William works
usct_pension_files\I_J\Jones Jacob Civil War Pension.pdf,5422,Morris Island,military_post,,,,,37,location of battles involving the soldier
usct_pension_files\I_J\Jones Jacob Civil War Pension.pdf,5424,St. Helena,county,,saint helena,,,37,county associated with a comrade of the soldier
usct_pension_files\I_J\Jones Jacob Civil War Pension.pdf,5427,Cains Neck,other,,,,,34,residence of soldier's brother and sister
usct_pension_files\I_J\Jones Jacob Civil War Pension.pdf,5428,Hilton Head,city,hilton head,,,,34,location where soldier enlisted
usct_pension_files\I_J\Jones Jacob Civil War Pension.pdf,5429,Gray's Hill,plantation,,,,,34,birthplace of soldier on owner's plantation
usct_pension_files\I_J\Jones Jacob Civil War Pension.pdf,5431,Clts.,other,,,,,44,area mentioned for background information
usct_pension_files\I_J\Jones Jacob Civil War Pension.pdf,5439,Coosolatchie,village,,,south carolina,,33,place of birth
usct_pension_files\I_J\Jones Jacob Civil War Pension.pdf,5440,Yemassee,town,yemassee,,south carolina,,33,near birthplace
usct_pension_files\I_J\Jones Jacob Civil War Pension.pdf,5441,Tom Talbot's plantation,plantation,,,,,33,plantation where Susan Jones was born
usct_pension_files\I_J\Jones Jacob Civil War Pension.pdf,5442,Chissy Talbot,other,,,,,33,slave owner
usct_pension_files\I_J\Jones Jacob Civil War Pension.pdf,5443,Freedom,region,,,,,33,place related to birth or upbringing
usct_pension_files\I_J\Jones Jacob Civil War Pension.pdf,5448,Carolina,state,,,carolina,,52,the state where the claimant resides
usct_pension_files\I_J\Jones Jacob Civil War Pension.pdf,5457,Colored Baptist church,church,,,,,46,place of marriage
usct_pension_files\I_J\Jones Jacob Civil War Pension.pdf,5461,Robt. Goodwin,other,,,,,43,individual mentioned with a record
usct_pension_files\I_J\Jones Jacob Civil War Pension.pdf,5462,Phoebe Haines,other,,,,,43,individual mentioned who was a midwife
usct_pension_files\I_J\Jones Jacob Civil War Pension.pdf,5463,Elizabeth,other,,,,,43,child mentioned in record of births
usct_pension_files\I_J\Jones Jacob Civil War Pension.pdf,5464,William,other,,,,,43,child mentioned in record of births
usct_pension_files\I_J\Jones Jacob Civil War Pension.pdf,5465,Jacob,other,,,,,43,child mentioned in record of births
usct_pension_files\I_J\Jones Jacob Civil War Pension.pdf,5474,Ebberly Plantation,plantation,,beaufort,south carolina,,51,location mentioned in deposition
usct_pension_files\I_J\Jones Jacob Civil War Pension.pdf,5480,Talbert plantation,plantation,,beaufort,south carolina,,49,location where witness lived
usct_pension_files\I_J\Jones Jacob Civil War Pension.pdf,5481,Old House plantation,plantation,,,,,49,site of marriage ceremony
usct_pension_files\I_J\Jones Jacob Civil War Pension.pdf,5488,Sherman's army,other,,,,,53,recalled passage of Sherman's army through the area
usct_pension_files\I_J\Jones Jacob Civil War Pension.pdf,5491,Roba,town,roba,county of,texas,,61,location of deposition
usct_pension_files\I_J\Jones Jacob Civil War Pension.pdf,5492,San Antonio,city,san antonio,,texas,,61,location of the daughter's residence
usct_pension_files\I_J\Jones Jacob Civil War Pension.pdf,5503,Jones,town,,,,,58,location of the deceased husband Jacob Jones
usct_pension_files\I_J\Jones Jacob Civil War Pension.pdf,5529,North Carolina,state,,,north carolina,,39,related to correspondence
usct_pension_files\I_J\Jones Jacob Civil War Pension.pdf,5531,Florida,state,,,florida,,39,related to widow's undivided property
usct_pension_files\I_J\Jones Jacob Civil War Pension.pdf,5532,Georgia,state,,,georgia,,39,related to claimant's statement
usct_pension_files\I_J\Jones Jacob Civil War Pension.pdf,5533,Alabama,state,,,alabama,,39,related to assessment record
usct_pension_files\I_J\Jones Jacob Civil War Pension.pdf,5534,Virginia,state,,,virginia,,39,related to date of soldier's death and dependence
usct_pension_files\I_J\Jones Jacob Civil War Pension.pdf,5535,Mississippi,state,,,mississippi,,39,related to return for full E.S.
usct_pension_files\I_J\Jones Jacob Civil War Pension.pdf,5536,Louisiana,state,,,louisiana,,39,related to return
usct_pension_files\I_J\Jones Jacob Civil War Pension.pdf,5537,West Virginia,state,,,west virginia,,39,mentioned without further details
usct_pension_files\I_J\Jones Jacob Civil War Pension.pdf,5538,Texas,state,,,texas,,39,for attorney Crofut
usct_pension_files\I_J\Jones Jacob Civil War Pension.pdf,5539,Kentucky,state,,,kentucky,,39,for personal E.S.
usct_pension_files\I_J\Jones Jacob Civil War Pension.pdf,5540,Tennessee,state,,,tennessee,,39,related to claimant's statement
usct_pension_files\I_J\Jones Jacob Civil War Pension.pdf,5541,Missouri,state,,,missouri,,39,related to dependency
usct_pension_files\I_J\Jones Jacob Civil War Pension.pdf,5542,Arkansas,state,,,arkansas,,39,claimant cannot prove
usct_pension_files\I_J\Jones Jacob Civil War Pension.pdf,5543,District of Columbia,state,,,district of columbia,,39,related to title to R E state
usct_pension_files\I_J\Jones Jacob Civil War Pension.pdf,5544,U.S. Colored Troops,other,,,,,39,no title recorded
usct_pension_files\I_J\Jones Jacob Civil War Pension.pdf,5276,--,,,,,,1,unclear or missing information
usct_pension_files\I_J\Jones Jacob Civil War Pension.pdf,5287,--,other,,,,,4,pensioner dropped from the roll due to death
usct_pension_files\I_J\Jones Jacob Civil War Pension.pdf,5430,plantation,plantation,,,,,47,location where the speaker lived with her husband
usct_pension_files\I_J\Jones Jacob Civil War Pension.pdf,5444,--,other,,,,,33,context for parents’ ownership
usct_pension_files\I_J\Jones Jacob Civil War Pension.pdf,5445,--,other,,,,,33,context for sister's living position
usct_pension_files\I_J\Jones Jacob Civil War Pension.pdf,5449,--,other,,,,,45,attesting witness testimony
usct_pension_files\I_J\Jones Jacob Civil War Pension.pdf,5450,--,other,,,,,45,original affiants information
usct_pension_files\I_J\Jones Jacob Civil War Pension.pdf,5451,--,other,,,,,45,visit to witness
usct_pension_files\I_J\Jones Jacob Civil War Pension.pdf,5452,--,plantation,,,,,54,location of a property described in financial circumstances
usct_pension_files\I_J\Jones Jacob Civil War Pension.pdf,5458,--,,,,,,46,--
usct_pension_files\I_J\Jones Jacob Civil War Pension.pdf,5466,--,other,,,,,50,reference to household ownership
usct_pension_files\I_J\Jones Jacob Civil War Pension.pdf,5467,--,other,,,,,50,matrimonial context; never separated
usct_pension_files\I_J\Jones Jacob Civil War Pension.pdf,5468,--,other,,,,,50,storm damage to residence
usct_pension_files\I_J\Jones Jacob Civil War Pension.pdf,5469,--,other,,,,,50,property ownership situation
usct_pension_files\I_J\Jones Jacob Civil War Pension.pdf,5470,--,other,,,,,50,personal statement regarding relationships
usct_pension_files\I_J\Jones Jacob Civil War Pension.pdf,5482,--,church,,,,,49,location of church where marriage was officiated
usct_pension_files\I_J\Jones Jacob Civil War Pension.pdf,5484,--,,,,,,65,--
usct_pension_files\I_J\Jones Jacob Civil War Pension.pdf,5489,--,other,,,,,53,--
usct_pension_files\I_J\Jones Jacob Civil War Pension.pdf,5494,Plantation,plantation,,,,,60,location where mother was mid-wife
usct_pension_files\I_J\Jones Jacob Civil War Pension.pdf,5504,--,other,,,,,58,describes the land on which the hut is located
usct_pension_files\I_J\Jones Jacob Civil War Pension.pdf,5505,--,other,,,,,58,valuation of land in the vicinity
usct_pension_files\I_J\Jones Jacob Civil War Pension.pdf,5506,--,other,,,,,58,describes property valuation
usct_pension_files\I_J\Jones Jacob Civil War Pension.pdf,5507,--,other,,,,,58,estimates the total value of the property
usct_pension_files\I_J\Jones Jacob Civil War Pension.pdf,5508,--,other,,,,,58,describes her employment situation and need to work as a field hand
usct_pension_files\I_J\Jones Jacob Civil War Pension.pdf,5509,--,other,,,,,58,attestation to the deposition
usct_pension_files\I_J\Jones Jacob Civil War Pension.pdf,5510,--,other,,,,,58,date of certification of the deposition
usct_pension_files\I_J\Jones Jacob Civil War Pension.pdf,5513,--,,,,,,63,birth date recorded
usct_pension_files\I_J\Jones Jacob Civil War Pension.pdf,5514,--,,,,,,63,birth date recorded
usct_pension_files\I_J\Jones Jacob Civil War Pension.pdf,5515,--,,,,,,63,birth date recorded
usct_pension_files\I_J\Jones Jacob Civil War Pension.pdf,5516,--,,,,,,63,death date recorded
usct_pension_files\I_J\Jones William Civil War Pension.pdf,5493,Madison | Madison Township | Madison County | Madison Jefferson Co Indiana | Madison Jefferson Co Ind,city,madison,jefferson,indiana,united states,"10, 11, 12, 13, 18, 19, 2, 20, 22, 23, 24, 25, 26, 3, 31, 32, 33, 34, 35, 36, 37, 38, 39, 40, 41, 42, 43, 44, 45, 46, 47, 48, 49, 50, 51, 52, 53, 54, 55, 56, 57, 6, 60, 61, 62, 63, 64, 65, 66, 67, 68, 69, 7, 70, 71, 72, 73, 74, 76, 77, 79, 8, 80, 81, 82, 86, 88, 89, 9, 90, 91, 93, 94","location of the pensioner ... address of the filer ... soldier's enrollment location ... pension application filed by Joseph G Marshall ... claimant's address ... location of marriage ... residence of widow ... City where marriage license was issued and certificate recorded ... residence of affiants ... location of filing claim ... place of enlistment and marriage ... resident of Madison and affiant's neighborhood ... location of the affiant and where he resides ... post-office address mentioned in the affidavit ... Claimant's post office address ... residence of witnesses and claimant ... address of the soldier's application ... address of the attorney ... location where affidavit was filed ... city of residence of the claimant ... post-office address of the claimant ... City of residence for the applicant ... Place of marriage for Ellen Chandler and William R Jones ... Location for legal representative of the applicant ... location of affidavit and filing ... location of filing by J. S. Marshall ... City where the claimant resides ... location of the filer of the claim ... location of affiant and filing of claim ... city where affiant knew the Jones ... residence of the affiant and location of the claimant ... post-office address of the affiant ... filing location for widow's claim ... location of deposition ... post office address of physician ... location near Ellen Jones ... residence of Ellen Jones, claimant ... residence of the affiant and location of events described ... location of the birth of Martin Preston Jones ... location associated with Ellen Jones, widow of Wm R Jones ... city of residency ... location of Joseph G. Marshall ... resident of Madison, claimant's location ... location mentioned as part of the affidavit ... place of residence of affiant ... affiant's residence ... location of the claimant's filing ... post office location for the applicant ... Claimant's post-office address ... location of affidavit submission ... location of claim filing ... location of applicant's post office ... city of residence of John G Seitz ... location of claimant's residence ... address of Mr. Aaron Hankins ... location of witness ... city where the soldier served ... city where witness resides and where claimant lived ... City where soldier worked ... City of residence where affiant saw claimant ... post-office address of William R. Jones ... applicant's residence ... soldier's post office location ... current residence after leaving military service ... residence of Tillie Jones ... Claimant's address ... widow's location ... widow's residence ... claimant's post office ... claimant's post office address ... residence of witness Samuel Mantz ... residence of witness John G Moore"
usct_pension_files\I_J\Jones William Civil War Pension.pdf,5512,U. S. PENSION OFFICE,other,,,,,5,location of pension claim processing
usct_pension_files\I_J\Jones William Civil War Pension.pdf,5521,Vicksburg,city,vicksburg,warren,mississippi,united states,"24, 4, 78, 79",soldier discharged ... place of honorable discharge from military service ... location of military hospital ... location related to military service documentation ... location of soldier's discharge
usct_pension_files\I_J\Jones William Civil War Pension.pdf,5522,Murfreesboro,city,murfreesboro,rutherford,tennessee,united states,"4, 76, 78, 82",location of disability ... location where the claimant contracted illness during the Civil War ... location where claim alleges disability occurred ... location where soldier contracted piles
usct_pension_files\I_J\Jones William Civil War Pension.pdf,5526,"Washington | Washington, D. C. | Washington D. C. | Washington, D.C.",city,washington,,district of columbia,united states,"11, 13, 19, 21, 23, 33, 35, 37, 39, 43, 47, 51, 55, 59, 69, 7, 71, 72, 75, 83, 84, 85, 89, 93",address of claim blank printer ... Location of the claim printer ... location of claim blank printer; mention of D Street ... location of the claim printer ... location of the Bureau of Pensions ... location of bureau ... location of printer for claim blanks ... location of Bureau of Pensions ... location of the Commissioner of pensions ... part of the location range mentioned in attorney communications ... -- ... location of the claim blank printer ... location of claim blank printer ... location of printed form. ... location of printed claim blank printer ... location mentioned for claim blank printer ... location of the printer for claim blanks ... location of Bureau of Pensions ... address of the Chief of the Record and Pension Office
usct_pension_files\I_J\Jones William Civil War Pension.pdf,5527,Indiana | Ind | IND | IND. | Indianapolis | INDIANAPOLIS,state,madison,jefferson,indiana,united states,"10, 11, 12, 14, 18, 19, 20, 21, 22, 23, 24, 27, 28, 29, 30, 33, 34, 35, 36, 37, 38, 39, 40, 41, 42, 44, 46, 47, 49, 50, 51, 52, 53, 54, 55, 56, 57, 58, 59, 6, 64, 67, 69, 7, 70, 71, 72, 73, 74, 76, 78, 79, 8, 81, 82, 83, 84, 87, 88, 89, 90, 91, 94",state of pensioner's regiment ... state where claim is filed ... State where marriage license was issued ... State where marriage records are certified ... state mentioned in the document ... state of the affidavit ... State of the document ... state mentioned in the affidavit ... location mentioned in the legal document ... soldier's regiment was part of this state ... state of the pension agency location ... state mentioned in the address ... affidavit location ... state of residence of the claimant ... U.S. state of residence for the applicant ... State of marriage for Ellen Chandler and William R Jones ... state mentioned in document ... State mentioned in the document ... state where the affidavit was sworn ... state where affidavit was made ... state where the affidavit was made ... location of affidavit ... state of residence in pension claim ... state of residence for the affiant ... state where the document was sworn ... state of residency ... state mentioned in the legal certification ... state where the document is filed ... jurisdiction of the affidavit ... state where affidavit was sworn ... location of the affidavit ... State where the pension claim is filed ... state of the soldier's enlistment ... the state where the document is issued ... state of residence of affiant ... state of applicant ... state mentioned in connection with the regiment ... state where witness resides ... state where soldier served in the regiment ... state of affidavit ... state where the pension application was made ... state where affidavit is made ... state where the claim was filed ... state of soldier's residence ... state where the Insane Asylum is located ... state of the declaration ... State of residence for claimant and soldier ... state of residence of widow and soldier ... abbreviated region mention ... abbreviation for Indiana listed in the document ... location of agency handling pension ... location of pension agent ... location of pension agency ... location of U. S. Pension Agent ... Place of death for soldier William R Jones ... location of the Insane Hospital where Wm R Jones died ... location of the Insane Hospital where Wm R Jones was sent ... location of the Insane Hospital where William R Jones died ... location where the letter is addressed from ... location of the hospital for the insane ... location of the Insane Asylum ... location of discharge from military service ... location of original roll for pension ... location of hospital where soldier died ... place of death of William R. Jones ... soldier's place of death
usct_pension_files\I_J\Jones William Civil War Pension.pdf,5551,Mitchell,city,mitchell,,,,17,location of deposition
usct_pension_files\I_J\Jones William Civil War Pension.pdf,5553,Jefferson | Jefferson County | Jefferson Co | Jefferson Co Ind | Jefferson Co. Ind.,county,,jefferson,indiana,united states,"10, 12, 18, 19, 20, 21, 22, 23, 24, 32, 33, 34, 35, 36, 37, 38, 39, 40, 41, 42, 43, 44, 46, 47, 49, 50, 51, 52, 53, 54, 55, 56, 57, 58, 6, 60, 64, 67, 70, 71, 73, 74, 76, 78, 8, 80, 81, 82, 83, 88, 91, 94",County where marriage license was issued ... county where declaration is made ... county mentioned in the document ... location of the affidavit ... County of the document ... county mentioned in the affidavit ... county where the document is filed ... affidavit location ... county of residence of the claimant ... County of residence for the applicant and soldier ... location of affiant ... county mentioned in document ... County mentioned in the document ... county where the affidavit was sworn ... county where affidavit was made ... post-office address of the affiant ... county where the affidavit was made ... location of affidavit ... county of residence in pension claim ... county where the affidavit was taken ... county where the document was sworn ... county of residency ... county where William R. Jones died ... county where the statement is sworn ... referred as the location where the County Court is situated ... county where affidavit was sworn ... county where the affidavit is sworn ... County where the property assessment records are maintained ... County mentioned in the certification ... county of residence for the affidavit ... the county where the document is issued ... county where affidavit is filed ... county of residence for the claimant ... applicant's county of residence ... county relevant to the affiant's address ... county mentioned in affidavit ... county where the pension application was made ... jurisdiction of court for the claim ... county where Madison is located ... county of the applicant ... county of soldier's residence ... county from which patient was admitted ... county of the declaration ... Location of claimant's residence ... county of marriage record ... post-office address of affiant ... location of circuit court certification
usct_pension_files\I_J\Jones William Civil War Pension.pdf,5568,Cincinnati,city,cincinnati,hamilton,ohio,,"10, 12, 32, 34, 46, 91",location of a previous marriage ... Place of death for soldier's former wife ... location where first wife died ... location of death for Rebecca J Jones ... location of death of former wife of William R Jones ... location near where soldier's former wife died
usct_pension_files\I_J\Jones William Civil War Pension.pdf,5649,North Madison,neighborhood,madison,jefferson,indiana,,"34, 35, 52",affiant's residence ... resident location of Preston Jones ... residence of William R Jones prior to enlistment
usct_pension_files\I_J\Jones William Civil War Pension.pdf,5659,Ohio,state,,,ohio,,"34, 91",state where Rebecca J Jones died ... state where soldier's former wife died
usct_pension_files\I_J\Jones William Civil War Pension.pdf,5674,CENTRAL INDIANA HOSPITAL FOR THE INSANE,other,indianapolis,marion,indiana,united states,44,location of hospital where records pertain to a soldier
usct_pension_files\I_J\Jones William Civil War Pension.pdf,5681,1012 Spring St,street,madison,jefferson,indiana,,50,post office address
usct_pension_files\I_J\Jones William Civil War Pension.pdf,5725,Indpls.,city,indianapolis,marion,indiana,united states,60,location of claimant's address
usct_pension_files\I_J\Jones William Civil War Pension.pdf,5734,Columbus,city,columbus,bartholomew,indiana,united states,"68, 76, 77",location of filing by Main And Slusher ... location of power of attorney filing ... city where the claimant appoints attorneys
usct_pension_files\I_J\Jones William Civil War Pension.pdf,5736,Bartholomew,county,,bartholomew,indiana,,"67, 76",county of residence for the affidavit ... county where affidavit is made
usct_pension_files\I_J\Jones William Civil War Pension.pdf,5757,"New Orleans, Dept. of Miss.",city,new orleans,orleans,louisiana,united states,75,location of discharge from service
usct_pension_files\I_J\Jones William Civil War Pension.pdf,5777,Tennessee,state,,,tennessee,,"76, 82",state where Murfreesboro is located ... state where the town of Murfreesboro is located
usct_pension_files\I_J\Jones William Civil War Pension.pdf,5806,Alabama,state,,,alabama,,78,state traversed during the Grierson raid
usct_pension_files\I_J\Jones William Civil War Pension.pdf,5807,Mississippi,state,,,mississippi,,78,state traversed during the Grierson raid
usct_pension_files\I_J\Jones William Civil War Pension.pdf,5808,Grierson raid,other,,,,,78,military campaign involving both Alabama and Mississippi
usct_pension_files\I_J\Jones William Civil War Pension.pdf,5838,Wisconsin,state,,,wisconsin,,"89, 93",part of the location range mentioned in attorney communications ... drop for missing medical evidence
usct_pension_files\I_J\Jones William Civil War Pension.pdf,5839,NEBR | NEBR. | Nebraska,state,,,nebraska,,"87, 89, 90, 93",state mentioned in legal documentation ... abbreviation for Nebraska listed in the document ... part of the location range mentioned in attorney communications ... claim information date
usct_pension_files\I_J\Jones William Civil War Pension.pdf,5840,New Mexico,state,,,new mexico,,"89, 93",part of the location range mentioned in attorney communications ... further inability statement
usct_pension_files\I_J\Jones William Civil War Pension.pdf,5841,Dakota | DAKOTA | DAKOTA.,state,,,dakota,,"87, 89, 90, 93",part of the location range mentioned in attorney communications ... state mentioned in legal documentation ... -- ... abbreviation for Dakota Territory listed in the document
usct_pension_files\I_J\Jones William Civil War Pension.pdf,5843,Utah | UTAH | UTAH.,state,,,utah,,"87, 89, 90, 93",part of the location range mentioned in attorney communications ... state mentioned in legal documentation ... -- ... abbreviation for Utah Territory listed in the document
usct_pension_files\I_J\Jones William Civil War Pension.pdf,5853,ILL | Illinois | ILL.,state,,,illinois,,"87, 90, 93",state mentioned in legal documentation ... check circulation ... abbreviation for Illinois listed in the document
usct_pension_files\I_J\Jones William Civil War Pension.pdf,5854,IOWA | IOWA.,state,,,iowa,,"87, 90",state mentioned in legal documentation ... abbreviation for Iowa listed in the document
usct_pension_files\I_J\Jones William Civil War Pension.pdf,5855,MINN | MINN. | Minnesota,state,,,minnesota,,"87, 90, 93",state mentioned in legal documentation ... abbreviation for Minnesota listed in the document ... request for claim information
usct_pension_files\I_J\Jones William Civil War Pension.pdf,5857,KANS | KANS. | Kansas,state,,,kansas,,"87, 90, 93",state mentioned in legal documentation ... abbreviation for Kansas listed in the document ... identification request
usct_pension_files\I_J\Jones William Civil War Pension.pdf,5858,MO,state,,,missouri,,90,state mentioned in legal documentation
usct_pension_files\I_J\Jones William Civil War Pension.pdf,5859,COLO | COLO. | Colorado,state,,,colorado,,"87, 90, 93",state mentioned in legal documentation ... abbreviation for Colorado listed in the document ... request for additional address information
usct_pension_files\I_J\Jones William Civil War Pension.pdf,5860,CAL | CAL.,state,,,california,,"87, 90",state mentioned in legal documentation ... abbreviation for California listed in the document
usct_pension_files\I_J\Jones William Civil War Pension.pdf,5861,OREGON | Oregon | OREGON.,state,,,oregon,,"87, 90, 93",state mentioned in legal documentation ... request for examination of claim ... abbreviation for Oregon listed in the document
usct_pension_files\I_J\Jones William Civil War Pension.pdf,5863,N. MEX | N. MEX.,state,,,new mexico,,"87, 90",state mentioned in legal documentation ... abbreviation for New Mexico Territory listed in the document
usct_pension_files\I_J\Jones William Civil War Pension.pdf,5865,WASH | WASH.,state,,,washington,,"87, 90",state mentioned in legal documentation ... abbreviation for Washington Territory listed in the document
usct_pension_files\I_J\Jones William Civil War Pension.pdf,5877,California,state,,,california,,93,claimant protest note
usct_pension_files\I_J\Jones William Civil War Pension.pdf,5905,WIS.,state,,,wisconsin,,87,abbreviation for Wisconsin listed in the document
usct_pension_files\I_J\Jones William Civil War Pension.pdf,5909,NEV.,state,,,nevada,,87,abbreviation for Nevada listed in the document
usct_pension_files\I_J\Jones William Civil War Pension.pdf,5913,IND. TY.,territory,,,,,87,abbreviation for Indiana Territory listed in the document
usct_pension_files\I_J\Jones William Civil War Pension.pdf,5517,--,other,,,,,1,document identifier
usct_pension_files\I_J\Jones William Civil War Pension.pdf,5518,--,other,,,,,1,document identifier
usct_pension_files\I_J\Jones William Civil War Pension.pdf,5519,--,other,,,,,1,relation of Ellen Jones
usct_pension_files\I_J\Jones William Civil War Pension.pdf,5520,--,other,,,,,1,relation of Ellen Jones
usct_pension_files\I_J\Jones William Civil War Pension.pdf,5761,--,,,,,,73,--
usct_pension_files\I_J\Jones William Civil War Pension.pdf,5771,--,,,,,,70,--
usct_pension_files\I_J\Jones William Civil War Pension.pdf,5801,--,,,,,,92,information about wife
usct_pension_files\K_L\Legare Murray Civil War Pension.pdf,5809,United States,country,,,,united states,1,soldier's nationality
usct_pension_files\K_L\Legare Murray Civil War Pension.pdf,5813,STAMPS,town,stamps,,,,"11, 25, 4, 40, 6",location mentioned in heading ... location of receipt ... title appears on official document ... location mentioned in pension documentation ... location of U.S. Pension Office
usct_pension_files\K_L\Legare Murray Civil War Pension.pdf,5818,Adams Run,town,adams run,colleton,south carolina,united states,"15, 16, 18, 20, 22, 24, 26, 27, 29, 3, 32, 33, 35, 36, 41, 42, 43, 45, 47, 49, 5, 58, 60, 8",P.O. listed for claimant ... soldier's P.O. address ... location of soldier's death ... location of assistant postmaster regarding soldier's death ... location of correspondence ... claimant's post office address ... claimed by Murry Legare as his post office ... place of marriage ... Claimant's post office address ... residing location of witnesses ... location of marriage ... Post Office address of the affiant ... residing at ... post-office address of the applicant ... claimant's address ... post office address of the affiant ... location of paperwork assistance ... Murray Legare's post office location ... Claimant's post-office address
usct_pension_files\K_L\Legare Murray Civil War Pension.pdf,5819,Colleton | Colleton Co,county,,colleton,south carolina,,"26, 27, 29, 3, 32, 33, 35, 36, 37, 41, 42, 43, 44, 45, 46, 47, 5, 56, 60",County of the claimant's P.O. ... county of the soldier's address ... county of the claimant ... County of claimant ... county in which affidavit was sworn ... county of residence ... county where the affidavit was made ... mentioned in the header as the county of the document ... county of oath taking ... county where the applicant resides and the application is filed ... location of the court for the affidavit ... county of the affidavit ... county where the document is sworn ... Name of county mentioned ... county where the deposition was held ... Birthplace of claimant
usct_pension_files\K_L\Legare Murray Civil War Pension.pdf,5820,South Carolina | S. C. | So Carolina,state,,,south carolina,united states,"12, 14, 20, 21, 26, 27, 29, 3, 32, 33, 35, 36, 38, 41, 42, 43, 44, 45, 46, 5, 50, 58, 7",State where the claim is filed ... state of soldier's residence ... soldier's regiment's state ... state mentioned in context of Youngs Island address ... State of the soldier's service ... state of the claimant ... state where the claimant resides ... State of residence for claimant ... state in which the document is filed ... state where the events take place ... location of the declaration ... state mentioned in the affidavit ... mentioned in the header as the state of the document ... state of oath taking ... state of residence ... jurisdiction of the affidavit ... state where the pension application is filed ... state of the affidavit ... mentioned in the context of instructions regarding the state ... location of the document ... State of the claimant
usct_pension_files\K_L\Legare Murray Civil War Pension.pdf,5821,Charleston | Charleston P. O.,city,charleston,charleston,south carolina,,"12, 14, 18, 20, 21, 3, 32, 35, 49, 5, 56, 57, 58, 59, 60, 61, 7",Location where legal actions are noted ... location of examination ... location of widow Mary Ancrum ... location mentioned in medical record ... County where soldier's claim is filed ... mentioned in relation to the state declaration ... county where the events take place ... county where the declaration was made ... location where the applicant desires to be examined by the Board of Surgeons ... requested location for medical examination ... post office location ... Post-office address for examination ... lawyer's location ... Claimant's place of service ... post office address ... Address of claimant's board ... Claimant's address
usct_pension_files\K_L\Legare Murray Civil War Pension.pdf,5822,Knoxville,city,knoxville,,tennessee,united states,"2, 20, 22, 24, 30, 32, 35, 49",original roll location for soldier ... location of pension agency ... location of United States Pension Agency ... location of U.S. Pension Agency ... location where the soldier was pensioned ... location of the pension agency ... agency for pension application
usct_pension_files\K_L\Legare Murray Civil War Pension.pdf,5823,"Washington | WASHINGTON | Washington D.C. | Washington, D.C. | Washington, D. C.",city,washington,,district of columbia,united states,"10, 13, 14, 2, 20, 21, 24, 36, 38, 39, 41, 42, 43, 44, 46, 48, 51, 7, 8","location of attorney's office ... location of pension office ... P.O. address of attorney A. M. M______ ... City of the attorney's address ... location of the Bureau of Pensions ... location of the attorneys for the claim ... location where the document was filed ... location of the affiant's attorney ... location of filing for the pension ... location where the claim is filed ... location where discharge was sent for bounty ... location of attorney Ketcham & Co ... location of attorney Mitchell & Co ... location of attorney's office ... location of pension agency ... location of Wm. Fletcher & Co., who filed the claim ... filing of application ... location where discharge paper was sent ... location of Record and Pension Office"
usct_pension_files\K_L\Legare Murray Civil War Pension.pdf,5845,Yonges Island,town,yonges,charleston,south carolina,,"14, 15, 16, 18, 20, 21, 8","address of Mary Ancrum, widow of soldier ... claimant's location ... location of claimant's declaration ... Claimant's address ... claimant's post-office address ... residence of witnesses James Webb and E. C. Tyler ... post office address of the notary public ... residence of the claimant"
usct_pension_files\K_L\Legare Murray Civil War Pension.pdf,5848,Ancrum,village,,,,,10,name of the widow (Mary Ancrum)
usct_pension_files\K_L\Legare Murray Civil War Pension.pdf,5887,Youngs Island | Young's Island,town,youngs,colleton,south carolina,,"37, 38, 56, 7",P.O. address of Murray Legare ... resident of the town ... residence of witnesses ... address of the soldier's application ... Claimant's post-office address
usct_pension_files\K_L\Legare Murray Civil War Pension.pdf,5890,District of Columbia | D.C.,state,,,district of columbia,united states,"42, 7",state mentioned in context of attorney's address ... region corresponding to Washington
usct_pension_files\K_L\Legare Murray Civil War Pension.pdf,5891,U.S.C.T. | U S C T,other,,,,,"38, 7",abbreviation related to U.S. Colored Troops mentioned in service details ... regiment designation
usct_pension_files\K_L\Legare Murray Civil War Pension.pdf,5932,U. S. PENSION OFFICE | U. S. Pension Office,other,washington,,district of columbia,united states,"31, 53",location of pension office ... location of pension correspondence
usct_pension_files\K_L\Legare Murray Civil War Pension.pdf,5942,unknown,other,,,,,34,pensioner's service details
usct_pension_files\K_L\Legare Murray Civil War Pension.pdf,5962,Beaufort,city,beaufort,,south carolina,,"32, 35, 37, 47, 48, 52, 54",place of discharge from military service ... location where the soldier was honorably discharged ... location of hospital where the pensioner was treated ... location where Murray Legare was discharged from the hospital ... station of the soldier during service ... location of discharge
usct_pension_files\K_L\Legare Murray Civil War Pension.pdf,6009,White Point,village,,,south carolina,,"52, 54",soldier's birthplace
usct_pension_files\K_L\Legare Murray Civil War Pension.pdf,6012,Savannah,city,savannah,chatham,georgia,united states,"48, 51",location of soldier's hospitalization ... location of battle where the pensioner fought
usct_pension_files\K_L\Legare Murray Civil War Pension.pdf,6022,Edisto Island,other,,,south carolina,,48,location where the pensioner lived after the war
usct_pension_files\K_L\Legare Murray Civil War Pension.pdf,6026,Murry Legare,other,,,,,62,individual's name in pension document
usct_pension_files\K_L\Legare Murray Civil War Pension.pdf,6028,Madgett,town,madgett,colleton,south carolina,,47,location of deposition
usct_pension_files\K_L\Legare Murray Civil War Pension.pdf,6031,Hilton Head,town,hilton head,,south carolina,,"47, 54",location where Murray Legare enlisted ... place of enlistment
usct_pension_files\K_L\Legare Murray Civil War Pension.pdf,5835,--,,,,,,9,--
usct_pension_files\K_L\Legare Murray Civil War Pension.pdf,5883,--,other,,,,,17,father's surname
usct_pension_files\K_L\Legare Murray Civil War Pension.pdf,5920,--,,,,,,19,--
usct_pension_files\K_L\Legare Murray Civil War Pension.pdf,5921,--,,,,,,19,date of death
usct_pension_files\K_L\Legare Murray Civil War Pension.pdf,5922,--,,,,,,19,date of death
usct_pension_files\K_L\Legare Murray Civil War Pension.pdf,5923,--,,,,,,19,--
usct_pension_files\K_L\Legare Murray Civil War Pension.pdf,5924,--,,,,,,19,--
usct_pension_files\K_L\Legare Murray Civil War Pension.pdf,5925,--,,,,,,19,--
usct_pension_files\K_L\Legare Murray Civil War Pension.pdf,5926,--,,,,,,19,--
usct_pension_files\K_L\Legare Murray Civil War Pension.pdf,5927,--,,,,,,28,--
usct_pension_files\K_L\Legaree Benjamin (aka Williams Ben) Civil War Pension.pdf,6027,Edisto Island,island,edisto,charleston,south carolina,,"2, 4, 44, 5, 52",soldier's residence ... location mentioned for verification of charge ... claimant's address ... recipient's address ... address of witnesses
usct_pension_files\K_L\Legaree Benjamin (aka Williams Ben) Civil War Pension.pdf,6044,Beaufort,city,beaufort,,south carolina,,"121, 36, 4, 44, 68",enlistment location for the soldier ... post office at enlistment ... location of enlistment ... location where soldier was stationed for a time ... location of postal stamp
usct_pension_files\K_L\Legaree Benjamin (aka Williams Ben) Civil War Pension.pdf,6045,"Adams Run | Adams Run, S.C.",village,adams run,charleston,south carolina,united states,"10, 100, 102, 103, 11, 112, 13, 131, 133, 137, 138, 15, 150, 151, 153, 154, 157, 18, 19, 20, 21, 22, 25, 26, 28, 3, 34, 35, 36, 38, 41, 42, 54, 55, 57, 58, 63, 65, 66, 68, 7, 71, 72, 73, 76, 77, 79, 8, 82, 84, 86, 88, 92, 96, 97, 98","location of pensioner's residence ... soldier's residence ... location of marriage ... soldier's postal address ... Claimant's post office; location of residence ... soldier's address ... address of the soldier ... address of Pompey Jenkins ... Claimant's mailing address ... location of pension application ... location of the letter's sender ... post-office address of pensioner ... location of deposition ... Location of the witness's residence ... address of the claimant, Ben Williams ... Soldier's address ... Address of Pompey Jenkins ... current residence ... addressed location for pension claim ... addressed to pension claimant ... recipient's address ... location of special examination ... claimant's residence ... P.O. address of claimant ... residence and mail address of deponent ... return address ... location of testimony for claimant's identity ... P.O. address of the claimant ... address of Benjamin Legaree and John Jerdon ... P.O. address for claimant ... place of deposition ... location of witnesses ... claimant's P.O. address ... location of claimant's address ... Location mentioned regarding the claimant's reputation and story of service ... address of Mr. Ben Williams ... location of author's residence ... location near where claimant has lived since War times ... residence of the former owner of the men ... location mentioned in correspondence regarding pension ... location of depot for A.C.L. Railroad ... nearby location mentioned ... location of writer ... neighbor of Rev. Wm. H. Paden ... location of pension request ... location of statements regarding soldier's service ... location of comrade's statement about soldier's service ... soldier's post office ... claimant's post-office address ... signature from witness Smith ... signature from witness Jenkins"
usct_pension_files\K_L\Legaree Benjamin (aka Williams Ben) Civil War Pension.pdf,6046,James Legare,other,,,,,7,slave owner of pensioner
usct_pension_files\K_L\Legaree Benjamin (aka Williams Ben) Civil War Pension.pdf,6048,"D. C. | Washington | Washington, D. C. | Washington D.C. | Washington, D.C. | Washington D. C. | Washn D. C.",state,washington,,district of columbia,united states,"10, 100, 103, 106, 107, 11, 115, 117, 12, 124, 126, 13, 130, 132, 133, 134, 14, 145, 146, 15, 159, 16, 18, 21, 23, 25, 26, 28, 3, 34, 38, 42, 46, 47, 48, 49, 53, 56, 60, 63, 64, 69, 74, 76, 79, 85",part of address for pension claims office ... attorney's address ... location of the pension law firm ... location of pension claim submission ... location of the Bureau of Pensions ... location of Bureau of Pensions ... Location of claimant's attorneys ... location of attorney's office ... location of pension administration ... location of the attorney for the claim ... location of the Department of the Interior ... location of claimant's attorneys ... location of pension claims office ... location of the law firm and communication ... address of pension attorneys ... address of correspondence ... location of the law firm addressed ... location of attorneys ... location of law firm for fee agreement ... location of attorney's firm ... Location of attorney's post office ... location of fee agreement negotiation ... location of filing for pension application ... location of claimant's attorneys ... location of Bureau Pensions ... location of pension office ... location of the Auditor for the War Department ... addressed to the War Department ... location of the Bureau of Pensions ... address of the Bureau of Pension ... location of pension bureau ... location of the writers' correspondence ... address of the law office ... location of disability incurred
usct_pension_files\K_L\Legaree Benjamin (aka Williams Ben) Civil War Pension.pdf,6049,South Carolina | SC | S. C.,state,,,south carolina,united states,"11, 117, 13, 133, 15, 150, 151, 18, 19, 28, 3, 34, 37, 38, 41, 42, 44, 5, 54, 63, 71, 73, 74, 75, 77, 86, 87, 88, 96",state of soldier's residence ... state of claimant's residence ... state of residence of claimant ... State of residence for the claimant ... Claimant's state of residence ... state where agreement was signed ... state of Adams Run ... State in which the declaration is made ... state where Adams Run and Charleston are located ... State of soldier's residence ... jurisdiction of the application for pension ... state of residence for the claimant ... abbreviation for the state related to the soldier's service ... state of claimant's address ... state mentioned in the deposition ... state where Adams Run and Charleston County are located ... State mentioned in claimant's details ... state of deposition ... Mentioned as the state where Adams Run is located ... reports considered for pension claim ... -- ... state mentioned in claimant's address
usct_pension_files\K_L\Legaree Benjamin (aka Williams Ben) Civil War Pension.pdf,6050,The National Archives,other,,,,,1,location of the veteran's records
usct_pension_files\K_L\Legaree Benjamin (aka Williams Ben) Civil War Pension.pdf,6051,Ben Williams,other,,,,,1,name of the veteran
usct_pension_files\K_L\Legaree Benjamin (aka Williams Ben) Civil War Pension.pdf,6052,Benjamin Legaree,other,,,,,1,alias of the veteran
usct_pension_files\K_L\Legaree Benjamin (aka Williams Ben) Civil War Pension.pdf,6053,B 103 U S C Inf,military_post,,,,,1,regiment of service
usct_pension_files\K_L\Legaree Benjamin (aka Williams Ben) Civil War Pension.pdf,6056,Savannah | West Savannah,city,savannah,chatham,georgia,united states,"112, 142, 146, 15, 152, 160, 30, 40, 61, 66, 67, 68, 8, 80, 9, 91, 92, 94",location of comrades ... address of Timothy Tucker ... address of Peter Johnson ... residence of the soldier's brother ... Nearby city to where claimant was born ... District assignment of the 103d U.S. Colored Infantry ... Location of the 33d and 103d U.S. Colored Infantry ... Location of the 103d regiment in May 1865 ... location where claimant resided before enlistment ... place of brother's death ... location of soldier's birthplace ... location of comrade Peter Johnson ... location of deposition ... current residence of deponent ... location of brother Lige Legree's claim ... comparison for directions to reach Darien ... address for pension information ... referred address for Timothy Judge ... vicinity where claimant resided before enlistment ... location of comrade's address ... address of Timothy Tucker ... present post-office address of a soldier ... reported living location of Timothy Judge
usct_pension_files\K_L\Legaree Benjamin (aka Williams Ben) Civil War Pension.pdf,6057,Darien,city,darien,mcintosh,georgia,united states,"160, 8, 9, 92, 94",home of comrade Blake ... location of Dennis Blake ... location associated with Dennis Blake ... address of the postmaster regarding claims ... location of comrade's address
usct_pension_files\K_L\Legaree Benjamin (aka Williams Ben) Civil War Pension.pdf,6058,Ivy,town,ivy,,georgia,,"8, 9",home of comrade Chambers ... residence of James Chambers
usct_pension_files\K_L\Legaree Benjamin (aka Williams Ben) Civil War Pension.pdf,6067,STAMPS | Stamps,town,stamps,,,,"123, 144, 158, 17, 27, 31",mentioned in pension file header ... reported date ... location of pension office ... place of receipt for document ... stamp received ... --
usct_pension_files\K_L\Legaree Benjamin (aka Williams Ben) Civil War Pension.pdf,6069,Charleston | Charleston County | Charleston Co. | Charleston county,county,charleston,charleston,south carolina,united states,"11, 117, 13, 138, 15, 150, 151, 153, 157, 18, 19, 22, 37, 38, 42, 44, 5, 63, 68, 71, 73, 79, 82, 83, 87, 88, 96",county of claimant's residence ... county of the claimant’s residence ... County name; part of claimant's details ... Claimant's county of residence ... county where signer resides ... location of deposition ... County mentioned in the declaration ... county referred to in a requirement for a certificate ... county of the applicant ... part of the claimant's address ... near Charleston ... county where Adams Run is located ... County associated with the claim ... County mentioned in claimant's details ... county of deposition ... location of claimant's residence ... location of additional evidence gathering ... location related to the pension claim investigation ... destination for return trip ... -- ... county mentioned in address ... location of magistrate filing ... location mentioned in claimant's address
usct_pension_files\K_L\Legaree Benjamin (aka Williams Ben) Civil War Pension.pdf,6088,United States,country,,,,united states,"139, 23, 85",country of service for the Civil War ... country in reference to military service in the War with Mexico ... country reference in pension document ... country of the soldier's service
usct_pension_files\K_L\Legaree Benjamin (aka Williams Ben) Civil War Pension.pdf,6091,Murray,city,murray,,,,29,associated with the individual named John E.
usct_pension_files\K_L\Legaree Benjamin (aka Williams Ben) Civil War Pension.pdf,6100,"Yonges Island, S.C.",town,yonges,,south carolina,,11,mentioned as location near claimant
usct_pension_files\K_L\Legaree Benjamin (aka Williams Ben) Civil War Pension.pdf,6105,Fort Pulaski | Ft. Pulaski | Ft Pulaski,military_post,,,georgia,,"22, 37, 39, 46, 47, 68",place of discharge ... place where soldier mustered out ... location where soldier was discharged ... location of honorable discharge from military service ... location of enlistment ... military installation where soldier was stationed until mustered out
usct_pension_files\K_L\Legaree Benjamin (aka Williams Ben) Civil War Pension.pdf,6108,U. S. Pension Office | U. S. PENSION OFFICE,other,,,,,"136, 33",location of pension office ... office related to pension application
usct_pension_files\K_L\Legaree Benjamin (aka Williams Ben) Civil War Pension.pdf,6117,Hilton Head,town,hilton head,beaufort,south carolina,,"15, 30, 32, 36, 37, 39",place where the 103 U.S. Colored Infantry was organized ... location of enlistment during the Civil War ... Location where the soldier enlisted ... Enlisted at this location ... post office at enlistment ... location of enlistment in military service
usct_pension_files\K_L\Legaree Benjamin (aka Williams Ben) Civil War Pension.pdf,6118,Potter,town,potter,charleston,south carolina,,"15, 30, 36, 37",Place of birth ... place of birth of the claimant
usct_pension_files\K_L\Legaree Benjamin (aka Williams Ben) Civil War Pension.pdf,6121,United States of America,country,,,,united states of america,30,general reference to the country
usct_pension_files\K_L\Legaree Benjamin (aka Williams Ben) Civil War Pension.pdf,6127,Fort Pulasky,military_post,,,georgia,,15,Location of soldier's discharge
usct_pension_files\K_L\Legaree Benjamin (aka Williams Ben) Civil War Pension.pdf,6128,White Point,town,white point,charleston,south carolina,,"15, 37",Location of residence after service ... current residence of the claimant
usct_pension_files\K_L\Legaree Benjamin (aka Williams Ben) Civil War Pension.pdf,6129,Slann's | Slann's Bluff,village,,,south carolina,,"133, 15, 44",location near where Mr. Ben Williams can be found ... Alternate name for White Point ... residence after service
usct_pension_files\K_L\Legaree Benjamin (aka Williams Ben) Civil War Pension.pdf,6130,Jenkinsville,town,,,south carolina,,15,Another alternate name for White Point
usct_pension_files\K_L\Legaree Benjamin (aka Williams Ben) Civil War Pension.pdf,6132,Youngs Island,town,youngs,,south carolina,,15,Location of the second witness's residence
usct_pension_files\K_L\Legaree Benjamin (aka Williams Ben) Civil War Pension.pdf,6139,Honey Hill,battlefield,,,south carolina,united states,"102, 138, 32, 66, 68, 69, 76, 77, 79, 80, 84, 86, 87",Location of battle where they fought for 2 1/2 days ... site of a fight involving claimant's regiment ... location of fight where the speaker was present ... site of a battle where soldier served ... battle where claimant was reported to have served ... site of battle where soldier fought ... site of battle during the Civil War ... location of a fight during the Civil War ... Location of a battle where the claimant's regiment served ... site of skirmishing in 1864 ... location of battle during the Civil War
usct_pension_files\K_L\Legaree Benjamin (aka Williams Ben) Civil War Pension.pdf,6140,Bluffton,town,bluffton,beaufort,south carolina,,32,Stationed here for three or four months after Honey Hill
usct_pension_files\K_L\Legaree Benjamin (aka Williams Ben) Civil War Pension.pdf,6141,Fort Polasky,military_post,,,georgia,,32,Stationed here after Bluffton
usct_pension_files\K_L\Legaree Benjamin (aka Williams Ben) Civil War Pension.pdf,6142,Fort Valley,military_post,fort valley,peach,georgia,,32,Took about 50 prisoners here before proceeding to Fort Polasky
usct_pension_files\K_L\Legaree Benjamin (aka Williams Ben) Civil War Pension.pdf,6143,Macon,city,macon,bibb,georgia,,32,Visited but no battle occurred here
usct_pension_files\K_L\Legaree Benjamin (aka Williams Ben) Civil War Pension.pdf,6147,"Co. B, 103 U.S.C. Inf",military_post,,,,,43,unit of service of the claimant
usct_pension_files\K_L\Legaree Benjamin (aka Williams Ben) Civil War Pension.pdf,6148,Legaree,other,,,,,45,possibly a location mentioned in the title or header of the document
usct_pension_files\K_L\Legaree Benjamin (aka Williams Ben) Civil War Pension.pdf,6155,Slons Bluffs,other,,,south carolina,,36,location of marriage
usct_pension_files\K_L\Legaree Benjamin (aka Williams Ben) Civil War Pension.pdf,6156,Slans Bluff,other,,,south carolina,,36,location of death of former husband
usct_pension_files\K_L\Legaree Benjamin (aka Williams Ben) Civil War Pension.pdf,6175,Sowhoo,neighborhood,,,south carolina,,37,vicinity mentioned in relation to White Point
usct_pension_files\K_L\Legaree Benjamin (aka Williams Ben) Civil War Pension.pdf,6185,Ga | Georgia | Ga.,state,,,georgia,,"117, 152, 47, 80",place of birth ... location of deposition ... reports considered for pension claim ... the state where Savannah is located
usct_pension_files\K_L\Legaree Benjamin (aka Williams Ben) Civil War Pension.pdf,6192,Atlanta,city,atlanta,fulton,georgia,united states,"116, 118, 141, 64, 65, 66, 86",location of special examination ... location of pension document ... Claimant's alias mentioned in medical document ... location of the Special Examiner's office ... location of mailing
usct_pension_files\K_L\Legaree Benjamin (aka Williams Ben) Civil War Pension.pdf,6194,Chatham Co. | Chatham | Chatham County,county,,chatham,georgia,,"152, 153, 61, 72, 80",county associated with Savannah for witness testimony ... Location mentioned in the identity of soldier ... location of deposition ... county mentioned in references ... county of the city of Savannah
usct_pension_files\K_L\Legaree Benjamin (aka Williams Ben) Civil War Pension.pdf,6198,Fort Palaska,military_post,,,georgia,,44,location of discharge
usct_pension_files\K_L\Legaree Benjamin (aka Williams Ben) Civil War Pension.pdf,6218,Run,town,run,,south carolina,,74,location of claim submission
usct_pension_files\K_L\Legaree Benjamin (aka Williams Ben) Civil War Pension.pdf,6224,"Ben Williams, alias Benjamin Legaree",other,,,,,78,claimant's name in pension document
usct_pension_files\K_L\Legaree Benjamin (aka Williams Ben) Civil War Pension.pdf,6235,Uppercue,other,,,,,89,name mentioned in the document heading
usct_pension_files\K_L\Legaree Benjamin (aka Williams Ben) Civil War Pension.pdf,6243,"Jacksonville | Jacksonville, Fla.",city,jacksonville,duval,florida,united states,"122, 142, 143, 79, 92, 94, 95",location of the pension office ... location of correspondence ... location mentioned in the mailing address ... location of the Bureau of Pensions ... comparison for directions to reach Darien ... location of mailing ... location mentioned in the address
usct_pension_files\K_L\Legaree Benjamin (aka Williams Ben) Civil War Pension.pdf,6253,Hiltonhead,town,hiltonhead,,south carolina,,"68, 80",location where soldier enlisted ... place of enlistment
usct_pension_files\K_L\Legaree Benjamin (aka Williams Ben) Civil War Pension.pdf,6254,Port Royal,town,port royal,,south carolina,,68,location where soldier was stationed briefly
usct_pension_files\K_L\Legaree Benjamin (aka Williams Ben) Civil War Pension.pdf,6258,Parker's Ferry,other,,,south carolina,,"138, 84",location of deposition ... location where John Jerdon was visited
usct_pension_files\K_L\Legaree Benjamin (aka Williams Ben) Civil War Pension.pdf,6262,Ivey,town,ivey,wilkinson,georgia,united states,"160, 91, 92, 93, 95",location of the widow of James Chambers ... location of comrade James Chambers ... address of the post office ... location associated with James Chambers ... location of the post office for information ... location of comrade's address
usct_pension_files\K_L\Legaree Benjamin (aka Williams Ben) Civil War Pension.pdf,6264,McIntosh County,county,,mcintosh,georgia,,91,location of comrade Dennis Blake
usct_pension_files\K_L\Legaree Benjamin (aka Williams Ben) Civil War Pension.pdf,6266,Wilkinson County,county,,wilkinson,georgia,,91,location of comrade James Chambers
usct_pension_files\K_L\Legaree Benjamin (aka Williams Ben) Civil War Pension.pdf,6267,Osborn | Osborne,town,osborn,charleston,south carolina,,"86, 87",residence and mail address of deponent ... Location of witness John Jerdon
usct_pension_files\K_L\Legaree Benjamin (aka Williams Ben) Civil War Pension.pdf,6275,Fort Palaski,military_post,,,georgia,,80,place of discharge
usct_pension_files\K_L\Legaree Benjamin (aka Williams Ben) Civil War Pension.pdf,6278,33rd,other,,,,,80,reference to regiment involved in battle
usct_pension_files\K_L\Legaree Benjamin (aka Williams Ben) Civil War Pension.pdf,6284,near this office,other,,,,,95,general location of James Chambers' widow
usct_pension_files\K_L\Legaree Benjamin (aka Williams Ben) Civil War Pension.pdf,6286,U.S. OFFICE,other,,,,,99,location of document office
usct_pension_files\K_L\Legaree Benjamin (aka Williams Ben) Civil War Pension.pdf,6295,Lagree,other,,,,,105,the name of the individual involved in the claim
usct_pension_files\K_L\Legaree Benjamin (aka Williams Ben) Civil War Pension.pdf,6310,Bureau of Pensions,other,,,,,114,issuing office for pension documents
usct_pension_files\K_L\Legaree Benjamin (aka Williams Ben) Civil War Pension.pdf,6317,Murray Legare,other,,,,,113,name mentioned in claims
usct_pension_files\K_L\Legaree Benjamin (aka Williams Ben) Civil War Pension.pdf,6318,John E (Lige) Legree,other,,,,,113,name mentioned in claims
usct_pension_files\K_L\Legaree Benjamin (aka Williams Ben) Civil War Pension.pdf,6319,Elige Williams,other,,,,,113,name mentioned in relation to John E Legree
usct_pension_files\K_L\Legaree Benjamin (aka Williams Ben) Civil War Pension.pdf,6323,F St. N.W.,street,,,,,120,address of claimant's attorneys
usct_pension_files\K_L\Legaree Benjamin (aka Williams Ben) Civil War Pension.pdf,6327,church,church,,,,,128,location of community support for individuals
usct_pension_files\K_L\Legaree Benjamin (aka Williams Ben) Civil War Pension.pdf,6328,that place,other,,,,,129,mention of location related to pension filing
usct_pension_files\K_L\Legaree Benjamin (aka Williams Ben) Civil War Pension.pdf,6337,U.S.,country,,,,united states,135,location of the pension office
usct_pension_files\K_L\Legaree Benjamin (aka Williams Ben) Civil War Pension.pdf,6343,Townsend,town,townsend,mcintosh,georgia,united states,94,reference to reaching Darien via mail delivery
usct_pension_files\K_L\Legaree Benjamin (aka Williams Ben) Civil War Pension.pdf,6344,Dixie Highway,street,,,,,94,route reference from Savannah or Jacksonville to Darien
usct_pension_files\K_L\Legaree Benjamin (aka Williams Ben) Civil War Pension.pdf,6354,New York,city,new york,,new york,united states,137,address of correspondents
usct_pension_files\K_L\Legaree Benjamin (aka Williams Ben) Civil War Pension.pdf,6356,U. S. Bureau of Pensions,other,,,,united states,147,government agency involved with pensions
usct_pension_files\K_L\Legaree Benjamin (aka Williams Ben) Civil War Pension.pdf,6369,Rev. Wm. H. Paden's,other,,,south carolina,,133,location where the Committee can reach Mr. Ben Williams
usct_pension_files\K_L\Legaree Benjamin (aka Williams Ben) Civil War Pension.pdf,6370,Paden's,other,,,south carolina,,133,Rev. Paden's location is significant for finding Mr. Ben Williams
usct_pension_files\K_L\Legaree Benjamin (aka Williams Ben) Civil War Pension.pdf,6371,U.S.C. Inf.,military_post,,,,,156,designation of the infantry regiment
usct_pension_files\K_L\Legaree Benjamin (aka Williams Ben) Civil War Pension.pdf,6075,--,other,,,,,24,Pension document
usct_pension_files\K_L\Legaree Benjamin (aka Williams Ben) Civil War Pension.pdf,6179,--,other,,,,,51,pension document reference
usct_pension_files\K_L\Legaree Benjamin (aka Williams Ben) Civil War Pension.pdf,6180,--,other,,,,,51,soldier's alias
usct_pension_files\K_L\Legaree Benjamin (aka Williams Ben) Civil War Pension.pdf,6181,--,other,,,,,51,military unit reference
usct_pension_files\K_L\Legaree Benjamin (aka Williams Ben) Civil War Pension.pdf,6189,--,other,,,,,60,date of soldier's enlistment
usct_pension_files\K_L\Legaree Benjamin (aka Williams Ben) Civil War Pension.pdf,6213,--,neighborhood,,,,,69,speaker has lived here since mustered out
usct_pension_files\K_L\Legaree Benjamin (aka Williams Ben) Civil War Pension.pdf,6238,--,,,,,,90,Index to special examiner's report
usct_pension_files\K_L\Legaree Benjamin (aka Williams Ben) Civil War Pension.pdf,6296,--,,,,,,108,--
usct_pension_files\K_L\Legaree Benjamin (aka Williams Ben) Civil War Pension.pdf,6299,--,military_post,,,,,104,postmaster reference regarding Civil War service
usct_pension_files\K_L\Legaree Benjamin (aka Williams Ben) Civil War Pension.pdf,6300,--,,,,,,109,--
usct_pension_files\K_L\Legaree Benjamin (aka Williams Ben) Civil War Pension.pdf,6309,--,,,,,,111,--
usct_pension_files\K_L\Legaree Benjamin (aka Williams Ben) Civil War Pension.pdf,6313,--,,,,,,119,document date
usct_pension_files\K_L\Legaree Benjamin (aka Williams Ben) Civil War Pension.pdf,6336,--,,,,,,127,discussion about pension claim
usct_pension_files\M_N\Armstead Mann.pdf,12062,VETERAN Armstead Mann,other,,,,,1,veteran's identification
usct_pension_files\M_N\Armstead Mann.pdf,12063,Knoxville,city,knoxville,,tennessee,,"18, 2, 9",Original roll location ... location of U.S. Pension Agency ... Location of the Pension Agency where the applicant is enrolled
usct_pension_files\M_N\Armstead Mann.pdf,12074,Iuka,town,iuka,tishomingo,mississippi,,"14, 15, 6",location of soldier's discharge ... location of attorney's office ... residing at ... residence and attorney location ... location of post office ... approximate residence distance from Iuka
usct_pension_files\M_N\Armstead Mann.pdf,12079,Allsboro | Allsboro' | Allsborough | Hillsboro,town,allsboro,colbert,alabama,,"10, 11, 16, 18, 29, 35, 4, 8",claimant's post office ... residence of the applicant ... Applicant's residence ... post office address of the affiant Johnson Fussell ... P.O. address provided for attorney ... soldier's post office location ... Claimant's residence ... Claimant's post-office address.
usct_pension_files\M_N\Armstead Mann.pdf,12080,Colbert Co. | Colbert | Colbert County | Colbert Co,county,,colbert,alabama,,"10, 11, 14, 16, 18, 20, 29, 31, 33, 35, 4, 8",location of soldier's service ... county of claimant ... County where the claimant resides ... county of residence ... County where the applicant resides ... residence after the service ... location of the document ... county where the pension document is located ... location of the statement ... location where the document was certified ... Part of the claimant's address. ... mentioned as a place associated with the attorney
usct_pension_files\M_N\Armstead Mann.pdf,12081,Alabama | ALA. | Ala.,state,,,alabama,united states,"10, 11, 16, 17, 18, 29, 33, 34, 35, 37, 4, 5, 8",state where soldier served ... state of claimant ... state in which witnesses reside ... State of residence ... state of residence and location of court ... Applicant's state of residence ... state mentioned in document ... state where the document is issued ... Location mentioned in claimant's address. ... mentioned in the document ... abbreviated reference in a list of states
usct_pension_files\M_N\Armstead Mann.pdf,12082,Tuscumbia,city,tuscumbia,colbert,alabama,,"16, 3, 35, 36, 8",location of attorney's office ... location of attorney's address ... Post office address of the applicant. ... Claimant's post-office address. ... P.O. address provided for attorney
usct_pension_files\M_N\Armstead Mann.pdf,12083,"Washington | Washington D.C. | Washington, D. C.",city,washington,,district of columbia,united states,"10, 11, 12, 13, 15, 22, 26, 3",addressed in correspondence ... location of the Bureau of Pensions ... location of attorney’s office ... address of the printing company ... Attorney's location ... location of the Adjutant General's Office ... address of recognized attorney ... location of the Surgeon General's Office
usct_pension_files\M_N\Armstead Mann.pdf,12087,Auburn,city,auburn,,new york,,12,residence of witnesses
usct_pension_files\M_N\Armstead Mann.pdf,12111,Burkville,town,burkville,macon,alabama,,17,residence of witness Simon Moore
usct_pension_files\M_N\Armstead Mann.pdf,12112,Margerum,town,margerum,,alabama,,17,residence of witness Johnson Frizzel
usct_pension_files\M_N\Armstead Mann.pdf,12117,Natchez,city,natchez,adams,mississippi,united states,"11, 14, 16, 20, 22, 24, 25, 27",Location of discharge from military service ... location of discharge and hospital treatment ... location where treated by doctors ... location of Post Hospital where soldier was treated ... location of General Hospital where the soldier was treated ... station of soldier and location of hospital ... location of the General Hospital where Armstead Mann was reported sick ... location of the General Hospital where Armstead Mann was discharged
usct_pension_files\M_N\Armstead Mann.pdf,12119,Mississippi | MISS. | Miss.,state,,,mississippi,united states,"11, 16, 5, 8",State of discharge ... state of location related to military service and hospital ... mentioned concerning origin and continuation ... abbreviated reference in a list of states
usct_pension_files\M_N\Armstead Mann.pdf,12126,Alesboro,town,alesboro,,,,21,consulted Dr. Williams regarding truss
usct_pension_files\M_N\Armstead Mann.pdf,12131,Tishomingo,county,,tishomingo,mississippi,,14,county of deposition
usct_pension_files\M_N\Armstead Mann.pdf,12137,Altheimer,town,altheimer,jefferson,arkansas,,19,residence of witnesses W. H. Barber and Wm Hodges
usct_pension_files\M_N\Armstead Mann.pdf,12138,Jefferson Co,county,,jefferson,arkansas,,19,location of Altheimer and residence of witnesses
usct_pension_files\M_N\Armstead Mann.pdf,12139,Arkansas | ARK. | Ark.,state,,,arkansas,,"19, 5, 8",state where witnesses reside ... noted in a listing of states ... abbreviated reference in a list of states
usct_pension_files\M_N\Armstead Mann.pdf,12141,Montgomery,city,montgomery,,alabama,,"20, 31",location of the individual ... location of the notary public
usct_pension_files\M_N\Armstead Mann.pdf,12144,Memphis,city,memphis,,tennessee,united states,"20, 22",location where injury occurred ... location where Armstead Mann was mustered into service
usct_pension_files\M_N\Armstead Mann.pdf,12145,Bullock bat,battlefield,,,,,20,location where acted as guard
usct_pension_files\M_N\Armstead Mann.pdf,12146,U. S. C Troops,military_post,,,,,23,Refers to the military unit of the applicant
usct_pension_files\M_N\Armstead Mann.pdf,12150,Johnson Tunnell,other,,,,,30,mentioned in the document header
usct_pension_files\M_N\Armstead Mann.pdf,12151,STAMPS,town,stamps,,,,32,mentioned in a congressional context
usct_pension_files\M_N\Armstead Mann.pdf,12156,Calhoun County,county,,calhoun,,,34,location of significant activity
usct_pension_files\M_N\Armstead Mann.pdf,12159,Corinth,city,corinth,,mississippi,united states,"22, 27",location of enlistment ... location where Armstead Mann was enrolled
usct_pension_files\M_N\Armstead Mann.pdf,12160,Richmond,city,richmond,,virginia,,27,soldier's birthplace
usct_pension_files\M_N\Armstead Mann.pdf,12191,MD | Md.,state,,,maryland,,"5, 8",mentioned in the document dump date ... abbreviated reference in a list of states
usct_pension_files\M_N\Armstead Mann.pdf,12192,VA | Va.,state,,,virginia,,"5, 8",mentioned in the document ... abbreviated reference in a list of states
usct_pension_files\M_N\Armstead Mann.pdf,12193,W. VA. | W. Va.,state,,,west virginia,,"5, 8",location of rupture noted in the document ... abbreviated reference in a list of states
usct_pension_files\M_N\Armstead Mann.pdf,12196,N. C.,state,,,north carolina,,"5, 8",noted in a date reference ... abbreviated reference in a list of states
usct_pension_files\M_N\Armstead Mann.pdf,12197,S. C.,state,,,south carolina,,"5, 8",noted in relation to an address ... abbreviated reference in a list of states
usct_pension_files\M_N\Armstead Mann.pdf,12198,FLA. | Fla.,state,,,florida,,"5, 8",mentioned in the document ... abbreviated reference in a list of states
usct_pension_files\M_N\Armstead Mann.pdf,12199,GA. | Ga.,state,,,georgia,,"5, 8",noted as part of address ... abbreviated reference in a list of states
usct_pension_files\M_N\Armstead Mann.pdf,12202,LA. | La.,state,,,louisiana,,"5, 8",mentioned in response ... abbreviated reference in a list of states
usct_pension_files\M_N\Armstead Mann.pdf,12203,TEX. | Tex.,state,,,texas,,"5, 8",noted in the document ... abbreviated reference in a list of states
usct_pension_files\M_N\Armstead Mann.pdf,12204,KY. | Ky.,state,,,kentucky,,"5, 8",noted in a listing of states ... abbreviated reference in a list of states
usct_pension_files\M_N\Armstead Mann.pdf,12205,TENN. | Tenn.,state,,,tennessee,,"5, 8",noted in a listing of states ... abbreviated reference in a list of states
usct_pension_files\M_N\Armstead Mann.pdf,12206,MO. | Mo.,state,,,missouri,,"5, 8",noted in a listing of states ... abbreviated reference in a list of states
usct_pension_files\M_N\Armstead Mann.pdf,12208,D. C.,territory,,,district of columbia,united states,"5, 8","noted in a listing of areas ... abbreviated reference for Washington, D.C."
usct_pension_files\M_N\Armstead Mann.pdf,12209,U.S.C.T.,other,,,,,"5, 8",mentioned in military context ... reference to United States Colored Troops
usct_pension_files\M_N\Armstead Mann.pdf,12073,--,,,,,,7,--
usct_pension_files\M_N\Armstead Mann.pdf,12140,--,other,,,,,19,--
usct_pension_files\M_N\Midgett Fields Civil War Pension.pdf,12167,U. S. Pension Office,other,,,,,5,location of pension office
usct_pension_files\M_N\Midgett Fields Civil War Pension.pdf,12172,National Archives,other,washington,,district of columbia,united states,1,location of soldier's certificate
usct_pension_files\M_N\Midgett Fields Civil War Pension.pdf,12173,U.S.C. Vol. Inft.,other,,,,,1,military service designation
usct_pension_files\M_N\Midgett Fields Civil War Pension.pdf,12174,"Washington | Washington, D. C.",city,washington,district of columbia,district of columbia,united states,"14, 15, 20, 23, 38, 39, 4, 45, 51, 54, 6",location of Bureau of Pensions and Adjutant General's Office ... location of Commissioner of Pensions ... addressed to the Commissioner of Pensions ... location of attorney ... location of the Commissioner of Pensions ... location of the Bureau of Pensions ... location of pension bureau ... location of the Bureau of Pensions
usct_pension_files\M_N\Midgett Fields Civil War Pension.pdf,12175,Knoxville,city,knoxville,,tennessee,united states,"32, 35, 36, 4",location of U.S. Pension Agent ... Original Roll location ... Original roll location ... location mentioned in agency inquiry
usct_pension_files\M_N\Midgett Fields Civil War Pension.pdf,12181,U.S.,country,,,,united states,3,country referenced in military service
usct_pension_files\M_N\Midgett Fields Civil War Pension.pdf,12182,War Department,other,,,,,3,referenced as an authority regarding military service
usct_pension_files\M_N\Midgett Fields Civil War Pension.pdf,12183,Manteo,town,manteo,dare,north carolina,united states,"10, 12, 14, 15, 17, 2, 20, 22, 23, 26, 27, 32, 37, 40, 41, 42, 43, 44, 46, 48, 51, 52, 53, 54, 8, 9",pension applicant's location ... sender's location ... residence of affiants ... town of residence for the applicant ... residence of witnesses ... address of claimant ... POST-OFFICE ADDRESS ... address of the widow ... claimant's residence ... post office address ... location of widow's residence after marriage ... soldier's residence when widow became acquainted with him ... soldier's residence before enlistment ... location of applicant ... location of writer ... Claimant's place of residence ... pension documentation address ... claimant's post office ... location of death and military service reference ... claimant's location ... Claimant's post-office address ... widow's address ... recipient's location ... post office location
usct_pension_files\M_N\Midgett Fields Civil War Pension.pdf,12184,Dare Co | Dare County | Dare | Dare Co.,county,,dare,north carolina,,"10, 12, 14, 15, 16, 17, 2, 26, 32, 41, 44, 46, 8","location of soldier's residence ... county mentioned in court document ... pension applicant's residence ... location of deposition ... county where the applicant resides ... county of residence ... county mentioned in the context of the document ... location mentioned in context of documentation ... Location of the town of Manteo, claimant's post-office address ... county name mentioned"
usct_pension_files\M_N\Midgett Fields Civil War Pension.pdf,12185,North Carolina | N. C.,state,,,north carolina,usa,"10, 12, 14, 16, 17, 18, 2, 21, 23, 41, 44, 47, 8",state of soldier's residence ... state referenced in court document ... state where events took place ... location of declaration ... state where the pension application was filed ... state where the county is located ... state of residence for Manteo ... the state where Manteo and Dare County are located ... state of the location
usct_pension_files\M_N\Midgett Fields Civil War Pension.pdf,12186,Currituck | Currituck County | Currituck Co.,county,,currituck,north carolina,,"10, 12, 33, 6, 9",place of birth ... birthplace of the applicant ... soldier's birthplace
usct_pension_files\M_N\Midgett Fields Civil War Pension.pdf,12189,United States of America,country,,,,united states of america,"11, 19",jurisdiction of the pension application ... jurisdiction of the pension claims
usct_pension_files\M_N\Midgett Fields Civil War Pension.pdf,12190,Bureau of Pensions,other,,,,,11,administrative body for pension applications
usct_pension_files\M_N\Midgett Fields Civil War Pension.pdf,12214,Hyde County,county,,hyde,north carolina,,"21, 8",location of marriage and record ... location of marriage license records
usct_pension_files\M_N\Midgett Fields Civil War Pension.pdf,12215,Middleton,town,middleton,hyde,north carolina,,"8, 9",widow's birthplace and residence at time of acquaintance with soldier ... location of marriage ceremony
usct_pension_files\M_N\Midgett Fields Civil War Pension.pdf,12245,Oak Grove,other,,,virginia,,10,location of enlistment for military service
usct_pension_files\M_N\Midgett Fields Civil War Pension.pdf,12246,Virginia,state,,,virginia,,10,state where Oak Grove is located
usct_pension_files\M_N\Midgett Fields Civil War Pension.pdf,12247,Brazos Santiago,other,,,texas,,"10, 14",location of honorable discharge
usct_pension_files\M_N\Midgett Fields Civil War Pension.pdf,12248,Texas,state,,,texas,,"10, 12, 14, 26",state where Brazos Santiago is located ... state of honorable discharge ... location of discharge ... state listed in service details
usct_pension_files\M_N\Midgett Fields Civil War Pension.pdf,12254,East Lake | East Lake N.C.,town,east lake,,north carolina,,"15, 26, 42",address of another attorney ... post office location ... post office of recognized attorney
usct_pension_files\M_N\Midgett Fields Civil War Pension.pdf,12266,Roanoke Island,county,,,north carolina,,12,enrollment location
usct_pension_files\M_N\Midgett Fields Civil War Pension.pdf,12274,Newbern,city,newbern,,north carolina,,9,location where soldier enlisted
usct_pension_files\M_N\Midgett Fields Civil War Pension.pdf,12277,Houston,city,houston,,,,24,location of examination
usct_pension_files\M_N\Midgett Fields Civil War Pension.pdf,12278,Stamps | STAMPS,town,stamps,,,,"28, 31",location of document receipt ... location of the U.S. Pension Office
usct_pension_files\M_N\Midgett Fields Civil War Pension.pdf,12280,Plymouth | Plymouth N.C,city,plymouth,washington,north carolina,,"25, 26, 48, 49","location of medical examination ... post office location ... location mentioned in filing ... Company F., 36 Reg't U.S. Col Inf. location"
usct_pension_files\M_N\Midgett Fields Civil War Pension.pdf,12283,Lake Landing Township,town,lake landing,hyde,north carolina,,21,location where marriage ceremony was performed
usct_pension_files\M_N\Midgett Fields Civil War Pension.pdf,12295,Chickahominy,battlefield,,,,,33,Name of battle mentioned
usct_pension_files\M_N\Midgett Fields Civil War Pension.pdf,12313,Eliz City | Elizabeth City,town,eliz,pasquotank,north carolina,united states,"26, 45, 46, 47","post office location ... location to which the certificate is returned for further examination ... Claimant's service location, Company F, 36 Reg't N. C. Inf ... location of deposition"
usct_pension_files\M_N\Midgett Fields Civil War Pension.pdf,12327,Pasquotank,county,,pasquotank,north carolina,,47,county of the post office location
usct_pension_files\M_N\Midgett Fields Civil War Pension.pdf,12347,Florida,state,,,florida,,26,state listed in service details
usct_pension_files\M_N\Midgett Fields Civil War Pension.pdf,12348,Georgia,state,,,georgia,,26,state listed in service details
usct_pension_files\M_N\Midgett Fields Civil War Pension.pdf,12349,Alabama,state,,,alabama,,26,state listed in service details
usct_pension_files\M_N\Midgett Fields Civil War Pension.pdf,12350,Mississippi,state,,,mississippi,,26,state listed in service details
usct_pension_files\M_N\Midgett Fields Civil War Pension.pdf,12351,Louisiana,state,,,louisiana,,26,state listed in service details
usct_pension_files\M_N\Midgett Fields Civil War Pension.pdf,12353,Kentucky,state,,,kentucky,,26,state listed in service details
usct_pension_files\M_N\Midgett Fields Civil War Pension.pdf,12354,Tennessee,state,,,tennessee,,26,state listed in service details
usct_pension_files\M_N\Midgett Fields Civil War Pension.pdf,12355,Missouri,state,,,missouri,,26,state listed in service details
usct_pension_files\M_N\Midgett Fields Civil War Pension.pdf,12356,Arkansas,state,,,arkansas,,26,state listed in service details
usct_pension_files\M_N\Midgett Fields Civil War Pension.pdf,12357,District of Columbia,territory,,,district of columbia,,26,territory listed in service details
usct_pension_files\M_N\Midgett Fields Civil War Pension.pdf,12285,--,,,,,,34,--
usct_pension_files\M_N\Midgett Fields Civil War Pension.pdf,12291,--,,,,,,30,--
usct_pension_files\M_N\Midgett Fields Civil War Pension.pdf,12292,--,,,,,,30,--
usct_pension_files\M_N\Midgett Fields Civil War Pension.pdf,12293,--,,,,,,30,--
usct_pension_files\M_N\Midgett Fields Civil War Pension.pdf,12303,--,other,,,,,29,name mentioned in documents
usct_pension_files\M_N\Midgett Fields Civil War Pension.pdf,12304,--,other,,,,,29,name mentioned in documents
usct_pension_files\M_N\Midgett Fields Civil War Pension.pdf,12305,--,other,,,,,29,name mentioned in documents
usct_pension_files\M_N\Midgett Fields Civil War Pension.pdf,12306,--,other,,,,,29,name mentioned in documents
usct_pension_files\M_N\Midgett Fields Civil War Pension.pdf,12319,--,,,,,,50,--
usct_pension_files\O_P\Pinckney Lymus Civil War Pension.pdf,10913,National Archives,other,,,,,1,location of soldier's archival record
usct_pension_files\O_P\Pinckney Lymus Civil War Pension.pdf,10928,Hilton Head,military_post,hilton head,,south carolina,,"5, 6",location of soldier's discharge ... location of discharge
usct_pension_files\O_P\Pinckney Lymus Civil War Pension.pdf,10929,"Beaufort | Beaufort Co, SC",town,beaufort,beaufort,south carolina,,"10, 11, 2, 6, 7",post office address for claim ... residence of witnesses ... county of residence ... Claimant's post-office address ... soldier's address ... location of the claim
usct_pension_files\O_P\Pinckney Lymus Civil War Pension.pdf,10931,Washington,city,washington,,district of columbia,united states,"10, 8",location of submission for pension claim ... location of the filer
usct_pension_files\O_P\Pinckney Lymus Civil War Pension.pdf,10933,STAMPS,city,stamps,,,,9,location of the U.S. Pension Office correspondence
usct_pension_files\O_P\Pinckney Lymus Civil War Pension.pdf,10918,--,,,,,,3,--
usct_pension_files\O_P\Pinckney Lymus Civil War Pension.pdf,10944,County,county,,,,,10,reference to administrative area in document
usct_pension_files\O_P\Pinckney Lymus Civil War Pension.pdf,10965,--,,,,,,4,--
usct_pension_files\O_P\Pinckney Lymus Civil War Pension.pdf,10966,--,,,,,,4,--
usct_pension_files\O_P\Pinckney Lymus Civil War Pension.pdf,10967,--,,,,,,4,--
usct_pension_files\O_P\Pinckney Lymus Civil War Pension.pdf,10968,--,,,,,,4,--
usct_pension_files\O_P\Pinckney Lymus Civil War Pension.pdf,10969,--,,,,,,4,--
usct_pension_files\O_P\Pinckney Lymus Civil War Pension.pdf,10970,--,,,,,,4,--
usct_pension_files\O_P\Pinckney Lymus Civil War Pension.pdf,10971,--,,,,,,4,--
usct_pension_files\O_P\Pinckney Lymus Civil War Pension.pdf,10972,--,,,,,,4,--
usct_pension_files\O_P\Pinckney Lymus Civil War Pension.pdf,10973,--,,,,,,4,--
usct_pension_files\O_P\Pinckney Lymus Civil War Pension.pdf,10974,--,,,,,,4,--
usct_pension_files\O_P\Pinckney Lymus Civil War Pension.pdf,10975,--,,,,,,4,--
usct_pension_files\O_P\Pinckney Lymus Civil War Pension.pdf,10976,--,,,,,,4,--
usct_pension_files\O_P\Pinckney Lymus Civil War Pension.pdf,10977,--,,,,,,4,--
usct_pension_files\O_P\Pinckney Lymus Civil War Pension.pdf,10978,--,,,,,,4,--
usct_pension_files\O_P\Pinckney Lymus Civil War Pension.pdf,10979,--,,,,,,4,--
usct_pension_files\O_P\Pinckney Lymus Civil War Pension.pdf,10980,--,,,,,,4,--
usct_pension_files\O_P\Pinckney Lymus Civil War Pension.pdf,10981,--,,,,,,4,--
usct_pension_files\O_P\Pinckney Lymus Civil War Pension.pdf,10982,--,,,,,,4,--
usct_pension_files\O_P\Pinckney Lymus Civil War Pension.pdf,10983,--,,,,,,4,--
usct_pension_files\O_P\Pinckney Lymus Civil War Pension.pdf,10984,--,,,,,,4,--
usct_pension_files\O_P\Pinckney Lymus Civil War Pension.pdf,10985,--,,,,,,4,--
usct_pension_files\O_P\Pinckney Lymus Civil War Pension.pdf,10986,--,,,,,,4,--
usct_pension_files\O_P\Pinckney Lymus Civil War Pension.pdf,10987,--,,,,,,4,--
usct_pension_files\O_P\Pinckney Lymus Civil War Pension.pdf,10988,--,,,,,,4,--
usct_pension_files\O_P\Pinckney Lymus Civil War Pension.pdf,10989,--,,,,,,4,--
usct_pension_files\S_T\Stowers Samuel Jr.pdf,12335,Alexandria,city,alexandria,,virginia,united states,"2, 3, 35, 8",location of soldier's death ... Place of death of the soldier ... location of L'Ouverture Genl Hospital ... location of Slough G.H. ... location where soldier was sent to the hospital
usct_pension_files\S_T\Stowers Samuel Jr.pdf,12337,Columbus | Columbus O,city,columbus,,ohio,united states,"14, 9",location where duplicate certificate was sent ... location of U.S. Pension Agency
usct_pension_files\S_T\Stowers Samuel Jr.pdf,12338,Kenton County | Kenton | Kenton Co. Ky. | Kentucky | Pendleton County | Pendleton | Pendleton Co Ky,county,,kenton,kentucky,,"11, 13, 17, 2, 21, 23, 25, 27, 31, 33, 35",Claimant's residence ... location of the affiant Emma Stowers ... location of deposition ... County where Melissa Clark is from ... county where affiants are from ... location of applicant's residence ... state mentioned in document ... location of deposition ... State where deposition took place ... State in which Kenton County is located ... State where Campbell County and Covington are located ... state of the claim location ... location of deposition ... county of claim for pension ... location of affiants' address and employment
usct_pension_files\S_T\Stowers Samuel Jr.pdf,12339,Covington | Covington Ky,city,covington,kenton,kentucky,united states,"2, 21, 31, 35, 6, 7",Post office for claimant ... Residence of Emma Stowers ... Address of witnesses Peter J. Magly and Jeremiah Rankin ... where Samuel Stowers lived and was treated in hospital ... hospital where deceased soldier was treated ... Location of the hospital where the soldier was treated ... location where soldier was in barracks and later became sick ... location where soldier was enrolled and mustered into service
usct_pension_files\S_T\Stowers Samuel Jr.pdf,12340,Cincinnati,city,cincinnati,hamilton,ohio,united states,"11, 13, 14, 15, 19, 2, 20, 6",Attorney's location ... shipping address for certificate ... location of pension certification ... location of pension transfer ... location of the attorney ... location of the correspondence ... Location of the attorney for the claim ... address of W. H. Hill
usct_pension_files\S_T\Stowers Samuel Jr.pdf,12359,Stamps | STAMPS,town,stamps,,,,"16, 18, 22, 30, 32, 36",location mentioned in the Department of the Interior letter ... location of Pension Office correspondence ... location of pension office
usct_pension_files\S_T\Stowers Samuel Jr.pdf,12360,Ohio,state,,hamilton,ohio,,"11, 13, 19, 21, 23, 29, 33, 35, 37, 6",state mentioned in document ... state where attorney is located ... State where the application was made ... state of jurisdiction ... state mentioned in address ... State mentioned in the heading of the document ... State where the notary public is located ... State mentioned in the document where the Notary is stationed ... location of deposition
usct_pension_files\S_T\Stowers Samuel Jr.pdf,12362,Louisville,city,louisville,jefferson,kentucky,united states,"13, 14",location mentioned as 'Louisville (Cinti)' ... location of pension transfer
usct_pension_files\S_T\Stowers Samuel Jr.pdf,12365,Cinti,city,cincinnati,,ohio,,15,address of attorney pursuing the pension claim
usct_pension_files\S_T\Stowers Samuel Jr.pdf,12371,"Washington | Washington, D. C.",city,washington,,district of columbia,united states,"19, 26, 7, 8",location of Surgeon General's Office ... location of the Adjutant General's Office ... location of Pension Office ... location of printed material
usct_pension_files\S_T\Stowers Samuel Jr.pdf,12373,Brownsville Tex,city,brownsville,,texas,united states,7,location mentioned on the Muster Roll
usct_pension_files\S_T\Stowers Samuel Jr.pdf,12374,Fort Munroe Va,military_post,,,virginia,united states,7,location where soldier was reported absent sick
usct_pension_files\S_T\Stowers Samuel Jr.pdf,12375,Slough General Hospital Alexandria Va,other,alexandria,,virginia,united states,7,location of soldier's death
usct_pension_files\S_T\Stowers Samuel Jr.pdf,12378,Fortress Monroe Va,military_post,fortress monroe,,virginia,,11,place of soldier's death
usct_pension_files\S_T\Stowers Samuel Jr.pdf,12380,Hamilton co | Hamilton | Hamilton Co.,county,cincinnati,hamilton,ohio,,"11, 19, 21, 23, 29, 33, 35, 6",location where attorney practices ... County where the application was made ... county of jurisdiction ... county mentioned in address ... County mentioned in the heading of the document ... County where the notary public is located ... County where the Notary Public is located
usct_pension_files\S_T\Stowers Samuel Jr.pdf,12394,Fortress Monroe,military_post,,,,,6,Location where Samuel Stowers Jr died in hospital
usct_pension_files\S_T\Stowers Samuel Jr.pdf,12400,Soldiers Rest,other,,,,,8,location from where patient was admitted
usct_pension_files\S_T\Stowers Samuel Jr.pdf,12401,Platte Co,county,,platte,,,28,location of Clerk of Court certification
usct_pension_files\S_T\Stowers Samuel Jr.pdf,12407,Falmouth,city,falmouth,pendleton,kentucky,,"25, 27, 33, 37",location where affiant works as an attorney ... Location near where the soldier lived with his parents ... P.O. address of affiants ... location where soldier lived before enlistment
usct_pension_files\S_T\Stowers Samuel Jr.pdf,12415,Harrison,county,,harrison,kentucky,,29,County where affiant is from
usct_pension_files\S_T\Stowers Samuel Jr.pdf,12417,County Court,county,,,,,26,"official title mentioned multiple times, specific county not stated"
usct_pension_files\S_T\Stowers Samuel Jr.pdf,12426,Campbell | Campbell County,city,campbell,campbell,kentucky,,"21, 37",Residence of Emma Stowers ... affiant's residence
usct_pension_files\S_T\Stowers Samuel Jr.pdf,12441,United States of America,country,,,,united states of america,38,Country of service
usct_pension_files\S_T\Stowers Samuel Jr.pdf,12442,Civil War,other,,,,,38,Historical conflict period mentioned
usct_pension_files\S_T\Stowers Samuel Jr.pdf,12443,NARA,other,,,,,38,Agency managing the pension files
usct_pension_files\S_T\Stowers Samuel Jr.pdf,12444,Family Search,other,,,,,38,Partner organization providing records
usct_pension_files\S_T\Stowers Samuel Jr.pdf,12450,Deep Bottom,military_post,,,virginia,,35,location where soldier was sent after leaving the regiment
usct_pension_files\S_T\Stowers Samuel Jr.pdf,12331,--,,,,,,1,--
usct_pension_files\S_T\Stowers Samuel Jr.pdf,12336,--,other,,,,,10,document header
usct_pension_files\S_T\Stowers Samuel Jr.pdf,12342,--,,,,,,12,date of a letter
usct_pension_files\S_T\Stowers Samuel Jr.pdf,12383,--,plantation,,,,,5,location where soldier lived and worked before enlistment
usct_pension_files\S_T\Stowers Samuel Jr.pdf,12384,--,field,,,,,5,general work location where soldier was employed prior to enlistment
usct_pension_files\S_T\Stowers Samuel Jr.pdf,12385,--,city,,,,,5,location of soldier's family's residence and operations
usct_pension_files\S_T\Stowers Samuel Jr.pdf,12386,--,farm,,,,,5,specific site where the soldier contributed family labor
usct_pension_files\S_T\Stowers Samuel Jr.pdf,12387,--,family_home,,,,,5,home of soldier and his parents before enlistment
usct_pension_files\S_T\Stowers Samuel Jr.pdf,12388,--,general_location,,,,,5,indicates overall area where family lived
usct_pension_files\S_T\Stowers Samuel Jr.pdf,12389,--,economic_status,,,,,5,financial status of the family as a result of soldier's contributions
usct_pension_files\S_T\Stowers Samuel Jr.pdf,12418,County,county,,,,,26,referring to any county involved in the affidavit process
"usct_pension_files\other_files\Robinson, Lucius.pdf",6385,Knoxville,city,knoxville,,tennessee,,"2, 5",Original roll location for pension application ... location of U.S. Pension Agency
"usct_pension_files\other_files\Robinson, Lucius.pdf",6390,United States,country,,,,united states,"1, 21",Country of veteran's service ... indicated as the country for the pension office
"usct_pension_files\other_files\Robinson, Lucius.pdf",6400,South Carolina | S. C.,state,,,south carolina,united states,"10, 11, 12, 13, 14, 15, 16, 17, 25, 4, 6, 7, 8, 9",state of declaration ... Claimant's state of residency ... State listed for Lucius Robinson ... state of the document ... state of residence for witnesses ... jurisdiction of the affidavit ... State of the Claimant ... state mentioned in the context of residence ... State of the declaration ... Claimant's state of residence ... abbreviation for South Carolina ... region of the claimant's address
"usct_pension_files\other_files\Robinson, Lucius.pdf",6401,Colleton | Colleton County | Colleton Co,county,,colleton,south carolina,,"11, 12, 13, 14, 15, 16, 17, 18, 25, 3, 6, 7, 8, 9",county of declaration ... Claimant's county of residence ... location of soldier's residence ... County listed for Lucius Robinson ... county mentioned in the document ... county of residence for witnesses ... jurisdiction of the affidavit ... County mentioned in claimant's address ... County of the Claimant ... county of the applicant's address ... county where the affidavit was made ... County of the declaration ... county of claimant's post-office address
"usct_pension_files\other_files\Robinson, Lucius.pdf",6402,Green Pond | Greenpond,town,green pond,colleton,south carolina,,"10, 11, 12, 13, 15, 16, 17, 18, 23, 25, 3, 6, 7, 8, 9",resident's location ... residence of Sandy Brown and Coffe Bolws ... Claimant's place of residence ... soldier's post office address ... P.O. listed for Lucius Robinson ... residence of Lucius Robinson ... post-office address of Lucius Robinson ... address of the claimant ... Claimant's post office address ... residing at Green Pond ... residents Cuffee Bolze and Neptin Nicholas are from here ... Residence of Lucius Robinson ... claimant's post-office address ... Town where the claimant resides
"usct_pension_files\other_files\Robinson, Lucius.pdf",6405,"Washington | Washington D. C. | Washington, D. C.",city,washington,,district of columbia,united states,"10, 11, 14, 19, 20, 21, 7, 8",location of the filing organization ... location of the appointed attorneys ... location of the selling company ... location where claim was filed ... address for claim blank printer ... location of office related to pension records ... Attorney's location ... address of the Record and Pension Office ... location of the Bureau of Pensions ... location of the War Department ... Location of recognized attorney's office
"usct_pension_files\other_files\Robinson, Lucius.pdf",6411,Beaufort,town,beaufort,beaufort,south carolina,,"15, 16, 17, 19, 3",attorney's post office address ... location of filing for pension ... Attorney's post office address ... place of notarization ... Location of attorney
"usct_pension_files\other_files\Robinson, Lucius.pdf",6416,Charleston | Charleston S. C.,city,charleston,charleston,south carolina,,"23, 24, 25, 4, 6",Mentioned in relation to service ... Post office address ... location of company ... soldier's regiment station ... mentioned in reference to location
"usct_pension_files\other_files\Robinson, Lucius.pdf",6422,Walterboro,city,walterboro,colleton,south carolina,,"12, 13",residence of witness ... location where George R Graves wrote the affidavit
"usct_pension_files\other_files\Robinson, Lucius.pdf",6438,Jacksonville,city,jacksonville,duval,florida,united states,"16, 22",discharge location of soldier ... Location of honorable discharge
"usct_pension_files\other_files\Robinson, Lucius.pdf",6445,Morris Island,battlefield,,,south carolina,,13,location where soldier suffered health issues during the war
"usct_pension_files\other_files\Robinson, Lucius.pdf",6452,Chadbourn,town,chadbourn,,north carolina,,26,post office location for the applicant
"usct_pension_files\other_files\Robinson, Lucius.pdf",6457,Florida | FLA.,state,,,florida,united states,"16, 4",State of honorable discharge ... abbreviation for Florida
"usct_pension_files\other_files\Robinson, Lucius.pdf",6461,Robeson,county,,robeson,,,21,mentioned in relation to individuals in Company G
"usct_pension_files\other_files\Robinson, Lucius.pdf",6469,VA.,state,,,virginia,,4,abbreviation for Virginia
"usct_pension_files\other_files\Robinson, Lucius.pdf",6470,W. VA.,state,,,west virginia,,4,abbreviation for West Virginia
"usct_pension_files\other_files\Robinson, Lucius.pdf",6471,N. C.,state,,,north carolina,,4,abbreviation for North Carolina
"usct_pension_files\other_files\Robinson, Lucius.pdf",6474,GA.,state,,,georgia,,4,abbreviation for Georgia
"usct_pension_files\other_files\Robinson, Lucius.pdf",6475,ALA.,state,,,alabama,,4,abbreviation for Alabama
"usct_pension_files\other_files\Robinson, Lucius.pdf",6476,MISS.,state,,,mississippi,,4,abbreviation for Mississippi
"usct_pension_files\other_files\Robinson, Lucius.pdf",6477,LA.,state,,,louisiana,,4,abbreviation for Louisiana
"usct_pension_files\other_files\Robinson, Lucius.pdf",6478,TEX.,state,,,texas,,4,abbreviation for Texas
"usct_pension_files\other_files\Robinson, Lucius.pdf",6479,KY.,state,,,kentucky,,4,abbreviation for Kentucky
"usct_pension_files\other_files\Robinson, Lucius.pdf",6480,TENN.,state,,,tennessee,,4,abbreviation for Tennessee
"usct_pension_files\other_files\Robinson, Lucius.pdf",6481,MO.,state,,,missouri,,4,abbreviation for Missouri
"usct_pension_files\other_files\Robinson, Lucius.pdf",6482,ARK.,state,,,arkansas,,4,abbreviation for Arkansas
"usct_pension_files\other_files\Robinson, Lucius.pdf",6483,D. C.,region,,,district of columbia,,4,abbreviation for District of Columbia
"usct_pension_files\other_files\Robinson, Lucius.pdf",6484,U.S.C.T.,other,,,,,4,abbreviation for United States Colored Troops
"usct_pension_files\other_files\Robinson, Lucius.pdf",6489,Edisto,other,,,,,25,location name associated with Board of Examining Surgeons
